panel_id,target_id,model_id,expected_substitutions,scored_substitutions,coverage,usable_at_95pct
mavedb-complement-v1,mavedb-287332153da38b59,carp_640m,22021,22021,1.0,True
mavedb-complement-v1,mavedb-32f5d032de97ea22,carp_640m,8759,8759,1.0,True
mavedb-complement-v1,mavedb-93100c3b9be6e587,carp_640m,6042,6042,1.0,True
mavedb-complement-v1,mavedb-a5ca23fa1e625d66,carp_640m,22002,22002,1.0,True
mavedb-complement-v1,mavedb-a5cec053cd1989b7,carp_640m,7467,7467,1.0,True
mavedb-complement-v1,mavedb-aebeb991234cd8a3,carp_640m,8018,8018,1.0,True
mavedb-complement-v1,mavedb-c6dd0092b775896c,carp_640m,13205,13205,1.0,True
mavedb-complement-v1,mavedb-e3ca60f18e3b6e98,carp_640m,7467,7467,1.0,True
venusmuthub-v1,venus-00073064a60d4804,carp_640m,7657,7657,1.0,True
venusmuthub-v1,venus-06f736fe976e45ee,carp_640m,5605,5605,1.0,True
venusmuthub-v1,venus-07739b7c44051d98,carp_640m,5130,5130,1.0,True
venusmuthub-v1,venus-0ed16c1325aea2c9,carp_640m,4731,4731,1.0,True
venusmuthub-v1,venus-12c59fe9dab495ee,carp_640m,5510,5510,1.0,True
venusmuthub-v1,venus-1972eefa4a6ef629,carp_640m,12692,12692,1.0,True
venusmuthub-v1,venus-1a8ae9058bbabf14,carp_640m,6422,6422,1.0,True
venusmuthub-v1,venus-1b3d6bf42e0e7f84,carp_640m,7163,7163,1.0,True
venusmuthub-v1,venus-1e4cf4ecbd674386,carp_640m,8702,8702,1.0,True
venusmuthub-v1,venus-220a25f64746e26e,carp_640m,10545,10545,1.0,True
venusmuthub-v1,venus-221bc429762aec74,carp_640m,4294,4294,1.0,True
venusmuthub-v1,venus-23d9ea0d22f6126b,carp_640m,7961,7961,1.0,True
venusmuthub-v1,venus-24f4e5b8d325ad4b,carp_640m,19133,19133,1.0,True
venusmuthub-v1,venus-26da37179e20d7ed,carp_640m,16758,16758,1.0,True
venusmuthub-v1,venus-2b9577dc9c561b21,carp_640m,4579,4579,1.0,True
venusmuthub-v1,venus-2ebb2bc9d643c1fb,carp_640m,2964,2964,1.0,True
venusmuthub-v1,venus-320f26d1be8a0cb0,carp_640m,7372,7372,1.0,True
venusmuthub-v1,venus-3876c90807a78d74,carp_640m,8702,8702,1.0,True
venusmuthub-v1,venus-396cc9af2c1e8c61,carp_640m,7125,7125,1.0,True
venusmuthub-v1,venus-39a9db03eeb2ed00,carp_640m,5909,5909,1.0,True
venusmuthub-v1,venus-409980eb48704393,carp_640m,5149,5149,1.0,True
venusmuthub-v1,venus-422f5a848c7a8657,carp_640m,6859,6859,1.0,True
venusmuthub-v1,venus-454b0fb8de143bcd,carp_640m,8892,8892,1.0,True
venusmuthub-v1,venus-4701fdeb4ac57086,carp_640m,10184,10184,1.0,True
venusmuthub-v1,venus-4bcbc7d4640f3c6b,carp_640m,6897,6897,1.0,True
venusmuthub-v1,venus-4d282f160e018c4f,carp_640m,6327,6327,1.0,True
venusmuthub-v1,venus-50eca14579e1a453,carp_640m,9272,9272,1.0,True
venusmuthub-v1,venus-581332e2a42b24c1,carp_640m,9120,9120,1.0,True
venusmuthub-v1,venus-63545238edf5954f,carp_640m,4845,4845,1.0,True
venusmuthub-v1,venus-6468ef80b473ecc5,carp_640m,6498,6498,1.0,True
venusmuthub-v1,venus-64be3ba2a292eb0f,carp_640m,5358,5358,1.0,True
venusmuthub-v1,venus-69d5ae4457f6205e,carp_640m,17442,17442,1.0,True
venusmuthub-v1,venus-6df418116e5febc9,carp_640m,4275,4275,1.0,True
venusmuthub-v1,venus-71acb42055dde189,carp_640m,5909,5909,1.0,True
venusmuthub-v1,venus-71ec9b1cef7a8594,carp_640m,5966,5966,1.0,True
venusmuthub-v1,venus-751367a60fd75330,carp_640m,8873,8873,1.0,True
venusmuthub-v1,venus-7bf6ce2de8172342,carp_640m,7600,7600,1.0,True
venusmuthub-v1,venus-7e0f1f31cc7ee851,carp_640m,7296,7296,1.0,True
venusmuthub-v1,venus-7f1786770ae32614,carp_640m,5548,5548,1.0,True
venusmuthub-v1,venus-8372a9e4bb1e26bb,carp_640m,6042,6042,1.0,True
venusmuthub-v1,venus-83a26c7e9a3b44b0,carp_640m,3477,3477,1.0,True
venusmuthub-v1,venus-85368d807d9e50cd,carp_640m,5149,5149,1.0,True
venusmuthub-v1,venus-8c2fbdb86968fbff,carp_640m,6916,6916,1.0,True
venusmuthub-v1,venus-8c837ded111ff685,carp_640m,3458,3458,1.0,True
venusmuthub-v1,venus-90e011f583a7e645,carp_640m,6422,6422,1.0,True
venusmuthub-v1,venus-9357562029b4557a,carp_640m,13338,13338,1.0,True
venusmuthub-v1,venus-9d99364a94571d80,carp_640m,4104,4104,1.0,True
venusmuthub-v1,venus-a60540654b3cbbf9,carp_640m,6745,6745,1.0,True
venusmuthub-v1,venus-aae92adf06e389cd,carp_640m,19931,19931,1.0,True
venusmuthub-v1,venus-ad4f94972c4850d0,carp_640m,3743,3743,1.0,True
venusmuthub-v1,venus-b09ae7265d5add56,carp_640m,6840,6840,1.0,True
venusmuthub-v1,venus-b14a3532d287755b,carp_640m,3743,3743,1.0,True
venusmuthub-v1,venus-b1ee988208ad234a,carp_640m,9804,9804,1.0,True
venusmuthub-v1,venus-b2c012e22fa464aa,carp_640m,5966,5966,1.0,True
venusmuthub-v1,venus-b41bf48f310c59c1,carp_640m,27550,27550,1.0,True
venusmuthub-v1,venus-b6f228338d425ee2,carp_640m,13718,13718,1.0,True
venusmuthub-v1,venus-b967cccca11973b6,carp_640m,5605,5605,1.0,True
venusmuthub-v1,venus-ba70e13e9f086bea,carp_640m,6631,6631,1.0,True
venusmuthub-v1,venus-ba768a97843a2ef2,carp_640m,13205,13205,1.0,True
venusmuthub-v1,venus-bce692cd15f4091a,carp_640m,10051,10051,1.0,True
venusmuthub-v1,venus-befc2489e9745489,carp_640m,6688,6688,1.0,True
venusmuthub-v1,venus-bff43a6e4a79b5f8,carp_640m,6213,6213,1.0,True
venusmuthub-v1,venus-c0ca168b53919943,carp_640m,14630,14630,1.0,True
venusmuthub-v1,venus-c3600923ab93ac4e,carp_640m,5605,5605,1.0,True
venusmuthub-v1,venus-c71bd410457488cf,carp_640m,6422,6422,1.0,True
venusmuthub-v1,venus-c7eb0ffd0c784af8,carp_640m,8816,8816,1.0,True
venusmuthub-v1,venus-cbc03f40f9753339,carp_640m,6631,6631,1.0,True
venusmuthub-v1,venus-cf2e570131b80556,carp_640m,7752,7752,1.0,True
venusmuthub-v1,venus-d0585182abfe2660,carp_640m,3534,3534,1.0,True
venusmuthub-v1,venus-d187d570e2dc4402,carp_640m,6023,6023,1.0,True
venusmuthub-v1,venus-d5b579600238875d,carp_640m,3097,3097,1.0,True
venusmuthub-v1,venus-d7597d795a65b040,carp_640m,11457,11457,1.0,True
venusmuthub-v1,venus-d98b2269ed529294,carp_640m,9557,9557,1.0,True
venusmuthub-v1,venus-db6f99c2f0c1c621,carp_640m,13908,13908,1.0,True
venusmuthub-v1,venus-db874159a334ddcf,carp_640m,17214,17214,1.0,True
venusmuthub-v1,venus-de4763156d0659c0,carp_640m,7410,7410,1.0,True
venusmuthub-v1,venus-e106cf9431361c23,carp_640m,4541,4541,1.0,True
venusmuthub-v1,venus-e2c390013035df74,carp_640m,7999,7999,1.0,True
venusmuthub-v1,venus-e534b07a29d6ecf2,carp_640m,4693,4693,1.0,True
venusmuthub-v1,venus-e67b2509cf424b88,carp_640m,5624,5624,1.0,True
venusmuthub-v1,venus-e882ec45e80e2ece,carp_640m,5149,5149,1.0,True
venusmuthub-v1,venus-ee4abb868ebd5357,carp_640m,5282,5282,1.0,True
venusmuthub-v1,venus-f215fc047b4ec592,carp_640m,11457,11457,1.0,True
venusmuthub-v1,venus-f2eeeee6f8bc57e6,carp_640m,12749,12749,1.0,True
venusmuthub-v1,venus-f4124bbcd051f818,carp_640m,6897,6897,1.0,True
venusmuthub-v1,venus-f68755df0ab4af4d,carp_640m,6992,6992,1.0,True
venusmuthub-v1,venus-f6ad6a376a4ccae7,carp_640m,10222,10222,1.0,True
venusmuthub-v1,venus-f9eaa71209b5568e,carp_640m,10298,10298,1.0,True
venusmuthub-v1,venus-fb1d8ed35888b3e5,carp_640m,6992,6992,1.0,True
venusmuthub-v1,venus-fb40294d4c662251,carp_640m,7999,7999,1.0,True
venusmuthub-v1,venus-fdef8e3435880467,carp_640m,12160,12160,1.0,True
mavedb-complement-v1,mavedb-287332153da38b59,esm2_8m,22021,22021,1.0,True
mavedb-complement-v1,mavedb-32f5d032de97ea22,esm2_8m,8759,8759,1.0,True
mavedb-complement-v1,mavedb-93100c3b9be6e587,esm2_8m,6042,6042,1.0,True
mavedb-complement-v1,mavedb-a5ca23fa1e625d66,esm2_8m,22002,22002,1.0,True
mavedb-complement-v1,mavedb-a5cec053cd1989b7,esm2_8m,7467,7467,1.0,True
mavedb-complement-v1,mavedb-aebeb991234cd8a3,esm2_8m,8018,8018,1.0,True
mavedb-complement-v1,mavedb-c6dd0092b775896c,esm2_8m,13205,13205,1.0,True
mavedb-complement-v1,mavedb-e3ca60f18e3b6e98,esm2_8m,7467,7467,1.0,True
venusmuthub-v1,venus-00073064a60d4804,esm2_8m,7657,7657,1.0,True
venusmuthub-v1,venus-06f736fe976e45ee,esm2_8m,5605,5605,1.0,True
venusmuthub-v1,venus-07739b7c44051d98,esm2_8m,5130,5130,1.0,True
venusmuthub-v1,venus-0ed16c1325aea2c9,esm2_8m,4731,4731,1.0,True
venusmuthub-v1,venus-12c59fe9dab495ee,esm2_8m,5510,5510,1.0,True
venusmuthub-v1,venus-1972eefa4a6ef629,esm2_8m,12692,12692,1.0,True
venusmuthub-v1,venus-1a8ae9058bbabf14,esm2_8m,6422,6422,1.0,True
venusmuthub-v1,venus-1b3d6bf42e0e7f84,esm2_8m,7163,7163,1.0,True
venusmuthub-v1,venus-1e4cf4ecbd674386,esm2_8m,8702,8702,1.0,True
venusmuthub-v1,venus-220a25f64746e26e,esm2_8m,10545,10545,1.0,True
venusmuthub-v1,venus-221bc429762aec74,esm2_8m,4294,4294,1.0,True
venusmuthub-v1,venus-23d9ea0d22f6126b,esm2_8m,7961,7961,1.0,True
venusmuthub-v1,venus-24f4e5b8d325ad4b,esm2_8m,19133,19133,1.0,True
venusmuthub-v1,venus-26da37179e20d7ed,esm2_8m,16758,16758,1.0,True
venusmuthub-v1,venus-2b9577dc9c561b21,esm2_8m,4579,4579,1.0,True
venusmuthub-v1,venus-2ebb2bc9d643c1fb,esm2_8m,2964,2964,1.0,True
venusmuthub-v1,venus-320f26d1be8a0cb0,esm2_8m,7372,7372,1.0,True
venusmuthub-v1,venus-3876c90807a78d74,esm2_8m,8702,8702,1.0,True
venusmuthub-v1,venus-396cc9af2c1e8c61,esm2_8m,7125,7125,1.0,True
venusmuthub-v1,venus-39a9db03eeb2ed00,esm2_8m,5909,5909,1.0,True
venusmuthub-v1,venus-409980eb48704393,esm2_8m,5149,5149,1.0,True
venusmuthub-v1,venus-422f5a848c7a8657,esm2_8m,6859,6859,1.0,True
venusmuthub-v1,venus-454b0fb8de143bcd,esm2_8m,8892,8892,1.0,True
venusmuthub-v1,venus-4701fdeb4ac57086,esm2_8m,10184,10184,1.0,True
venusmuthub-v1,venus-4bcbc7d4640f3c6b,esm2_8m,6897,6897,1.0,True
venusmuthub-v1,venus-4d282f160e018c4f,esm2_8m,6327,6327,1.0,True
venusmuthub-v1,venus-50eca14579e1a453,esm2_8m,9272,9272,1.0,True
venusmuthub-v1,venus-581332e2a42b24c1,esm2_8m,9120,9120,1.0,True
venusmuthub-v1,venus-63545238edf5954f,esm2_8m,4845,4845,1.0,True
venusmuthub-v1,venus-6468ef80b473ecc5,esm2_8m,6498,6498,1.0,True
venusmuthub-v1,venus-64be3ba2a292eb0f,esm2_8m,5358,5358,1.0,True
venusmuthub-v1,venus-69d5ae4457f6205e,esm2_8m,17442,17442,1.0,True
venusmuthub-v1,venus-6df418116e5febc9,esm2_8m,4275,4275,1.0,True
venusmuthub-v1,venus-71acb42055dde189,esm2_8m,5909,5909,1.0,True
venusmuthub-v1,venus-71ec9b1cef7a8594,esm2_8m,5966,5966,1.0,True
venusmuthub-v1,venus-751367a60fd75330,esm2_8m,8873,8873,1.0,True
venusmuthub-v1,venus-7bf6ce2de8172342,esm2_8m,7600,7600,1.0,True
venusmuthub-v1,venus-7e0f1f31cc7ee851,esm2_8m,7296,7296,1.0,True
venusmuthub-v1,venus-7f1786770ae32614,esm2_8m,5548,5548,1.0,True
venusmuthub-v1,venus-8372a9e4bb1e26bb,esm2_8m,6042,6042,1.0,True
venusmuthub-v1,venus-83a26c7e9a3b44b0,esm2_8m,3477,3477,1.0,True
venusmuthub-v1,venus-85368d807d9e50cd,esm2_8m,5149,5149,1.0,True
venusmuthub-v1,venus-8c2fbdb86968fbff,esm2_8m,6916,6916,1.0,True
venusmuthub-v1,venus-8c837ded111ff685,esm2_8m,3458,3458,1.0,True
venusmuthub-v1,venus-90e011f583a7e645,esm2_8m,6422,6422,1.0,True
venusmuthub-v1,venus-9357562029b4557a,esm2_8m,13338,13338,1.0,True
venusmuthub-v1,venus-9d99364a94571d80,esm2_8m,4104,4104,1.0,True
venusmuthub-v1,venus-a60540654b3cbbf9,esm2_8m,6745,6745,1.0,True
venusmuthub-v1,venus-aae92adf06e389cd,esm2_8m,19931,19931,1.0,True
venusmuthub-v1,venus-ad4f94972c4850d0,esm2_8m,3743,3743,1.0,True
venusmuthub-v1,venus-b09ae7265d5add56,esm2_8m,6840,6840,1.0,True
venusmuthub-v1,venus-b14a3532d287755b,esm2_8m,3743,3743,1.0,True
venusmuthub-v1,venus-b1ee988208ad234a,esm2_8m,9804,9804,1.0,True
venusmuthub-v1,venus-b2c012e22fa464aa,esm2_8m,5966,5966,1.0,True
venusmuthub-v1,venus-b41bf48f310c59c1,esm2_8m,27550,27550,1.0,True
venusmuthub-v1,venus-b6f228338d425ee2,esm2_8m,13718,13718,1.0,True
venusmuthub-v1,venus-b967cccca11973b6,esm2_8m,5605,5605,1.0,True
venusmuthub-v1,venus-ba70e13e9f086bea,esm2_8m,6631,6631,1.0,True
venusmuthub-v1,venus-ba768a97843a2ef2,esm2_8m,13205,13205,1.0,True
venusmuthub-v1,venus-bce692cd15f4091a,esm2_8m,10051,10051,1.0,True
venusmuthub-v1,venus-befc2489e9745489,esm2_8m,6688,6688,1.0,True
venusmuthub-v1,venus-bff43a6e4a79b5f8,esm2_8m,6213,6213,1.0,True
venusmuthub-v1,venus-c0ca168b53919943,esm2_8m,14630,14630,1.0,True
venusmuthub-v1,venus-c3600923ab93ac4e,esm2_8m,5605,5605,1.0,True
venusmuthub-v1,venus-c71bd410457488cf,esm2_8m,6422,6422,1.0,True
venusmuthub-v1,venus-c7eb0ffd0c784af8,esm2_8m,8816,8816,1.0,True
venusmuthub-v1,venus-cbc03f40f9753339,esm2_8m,6631,6631,1.0,True
venusmuthub-v1,venus-cf2e570131b80556,esm2_8m,7752,7752,1.0,True
venusmuthub-v1,venus-d0585182abfe2660,esm2_8m,3534,3534,1.0,True
venusmuthub-v1,venus-d187d570e2dc4402,esm2_8m,6023,6023,1.0,True
venusmuthub-v1,venus-d5b579600238875d,esm2_8m,3097,3097,1.0,True
venusmuthub-v1,venus-d7597d795a65b040,esm2_8m,11457,11457,1.0,True
venusmuthub-v1,venus-d98b2269ed529294,esm2_8m,9557,9557,1.0,True
venusmuthub-v1,venus-db6f99c2f0c1c621,esm2_8m,13908,13908,1.0,True
venusmuthub-v1,venus-db874159a334ddcf,esm2_8m,17214,17214,1.0,True
venusmuthub-v1,venus-de4763156d0659c0,esm2_8m,7410,7410,1.0,True
venusmuthub-v1,venus-e106cf9431361c23,esm2_8m,4541,4541,1.0,True
venusmuthub-v1,venus-e2c390013035df74,esm2_8m,7999,7999,1.0,True
venusmuthub-v1,venus-e534b07a29d6ecf2,esm2_8m,4693,4693,1.0,True
venusmuthub-v1,venus-e67b2509cf424b88,esm2_8m,5624,5624,1.0,True
venusmuthub-v1,venus-e882ec45e80e2ece,esm2_8m,5149,5149,1.0,True
venusmuthub-v1,venus-ee4abb868ebd5357,esm2_8m,5282,5282,1.0,True
venusmuthub-v1,venus-f215fc047b4ec592,esm2_8m,11457,11457,1.0,True
venusmuthub-v1,venus-f2eeeee6f8bc57e6,esm2_8m,12749,12749,1.0,True
venusmuthub-v1,venus-f4124bbcd051f818,esm2_8m,6897,6897,1.0,True
venusmuthub-v1,venus-f68755df0ab4af4d,esm2_8m,6992,6992,1.0,True
venusmuthub-v1,venus-f6ad6a376a4ccae7,esm2_8m,10222,10222,1.0,True
venusmuthub-v1,venus-f9eaa71209b5568e,esm2_8m,10298,10298,1.0,True
venusmuthub-v1,venus-fb1d8ed35888b3e5,esm2_8m,6992,6992,1.0,True
venusmuthub-v1,venus-fb40294d4c662251,esm2_8m,7999,7999,1.0,True
venusmuthub-v1,venus-fdef8e3435880467,esm2_8m,12160,12160,1.0,True
mavedb-complement-v1,mavedb-287332153da38b59,esm2_35m,22021,22021,1.0,True
mavedb-complement-v1,mavedb-32f5d032de97ea22,esm2_35m,8759,8759,1.0,True
mavedb-complement-v1,mavedb-93100c3b9be6e587,esm2_35m,6042,6042,1.0,True
mavedb-complement-v1,mavedb-a5ca23fa1e625d66,esm2_35m,22002,22002,1.0,True
mavedb-complement-v1,mavedb-a5cec053cd1989b7,esm2_35m,7467,7467,1.0,True
mavedb-complement-v1,mavedb-aebeb991234cd8a3,esm2_35m,8018,8018,1.0,True
mavedb-complement-v1,mavedb-c6dd0092b775896c,esm2_35m,13205,13205,1.0,True
mavedb-complement-v1,mavedb-e3ca60f18e3b6e98,esm2_35m,7467,7467,1.0,True
venusmuthub-v1,venus-00073064a60d4804,esm2_35m,7657,7657,1.0,True
venusmuthub-v1,venus-06f736fe976e45ee,esm2_35m,5605,5605,1.0,True
venusmuthub-v1,venus-07739b7c44051d98,esm2_35m,5130,5130,1.0,True
venusmuthub-v1,venus-0ed16c1325aea2c9,esm2_35m,4731,4731,1.0,True
venusmuthub-v1,venus-12c59fe9dab495ee,esm2_35m,5510,5510,1.0,True
venusmuthub-v1,venus-1972eefa4a6ef629,esm2_35m,12692,12692,1.0,True
venusmuthub-v1,venus-1a8ae9058bbabf14,esm2_35m,6422,6422,1.0,True
venusmuthub-v1,venus-1b3d6bf42e0e7f84,esm2_35m,7163,7163,1.0,True
venusmuthub-v1,venus-1e4cf4ecbd674386,esm2_35m,8702,8702,1.0,True
venusmuthub-v1,venus-220a25f64746e26e,esm2_35m,10545,10545,1.0,True
venusmuthub-v1,venus-221bc429762aec74,esm2_35m,4294,4294,1.0,True
venusmuthub-v1,venus-23d9ea0d22f6126b,esm2_35m,7961,7961,1.0,True
venusmuthub-v1,venus-24f4e5b8d325ad4b,esm2_35m,19133,19133,1.0,True
venusmuthub-v1,venus-26da37179e20d7ed,esm2_35m,16758,16758,1.0,True
venusmuthub-v1,venus-2b9577dc9c561b21,esm2_35m,4579,4579,1.0,True
venusmuthub-v1,venus-2ebb2bc9d643c1fb,esm2_35m,2964,2964,1.0,True
venusmuthub-v1,venus-320f26d1be8a0cb0,esm2_35m,7372,7372,1.0,True
venusmuthub-v1,venus-3876c90807a78d74,esm2_35m,8702,8702,1.0,True
venusmuthub-v1,venus-396cc9af2c1e8c61,esm2_35m,7125,7125,1.0,True
venusmuthub-v1,venus-39a9db03eeb2ed00,esm2_35m,5909,5909,1.0,True
venusmuthub-v1,venus-409980eb48704393,esm2_35m,5149,5149,1.0,True
venusmuthub-v1,venus-422f5a848c7a8657,esm2_35m,6859,6859,1.0,True
venusmuthub-v1,venus-454b0fb8de143bcd,esm2_35m,8892,8892,1.0,True
venusmuthub-v1,venus-4701fdeb4ac57086,esm2_35m,10184,10184,1.0,True
venusmuthub-v1,venus-4bcbc7d4640f3c6b,esm2_35m,6897,6897,1.0,True
venusmuthub-v1,venus-4d282f160e018c4f,esm2_35m,6327,6327,1.0,True
venusmuthub-v1,venus-50eca14579e1a453,esm2_35m,9272,9272,1.0,True
venusmuthub-v1,venus-581332e2a42b24c1,esm2_35m,9120,9120,1.0,True
venusmuthub-v1,venus-63545238edf5954f,esm2_35m,4845,4845,1.0,True
venusmuthub-v1,venus-6468ef80b473ecc5,esm2_35m,6498,6498,1.0,True
venusmuthub-v1,venus-64be3ba2a292eb0f,esm2_35m,5358,5358,1.0,True
venusmuthub-v1,venus-69d5ae4457f6205e,esm2_35m,17442,17442,1.0,True
venusmuthub-v1,venus-6df418116e5febc9,esm2_35m,4275,4275,1.0,True
venusmuthub-v1,venus-71acb42055dde189,esm2_35m,5909,5909,1.0,True
venusmuthub-v1,venus-71ec9b1cef7a8594,esm2_35m,5966,5966,1.0,True
venusmuthub-v1,venus-751367a60fd75330,esm2_35m,8873,8873,1.0,True
venusmuthub-v1,venus-7bf6ce2de8172342,esm2_35m,7600,7600,1.0,True
venusmuthub-v1,venus-7e0f1f31cc7ee851,esm2_35m,7296,7296,1.0,True
venusmuthub-v1,venus-7f1786770ae32614,esm2_35m,5548,5548,1.0,True
venusmuthub-v1,venus-8372a9e4bb1e26bb,esm2_35m,6042,6042,1.0,True
venusmuthub-v1,venus-83a26c7e9a3b44b0,esm2_35m,3477,3477,1.0,True
venusmuthub-v1,venus-85368d807d9e50cd,esm2_35m,5149,5149,1.0,True
venusmuthub-v1,venus-8c2fbdb86968fbff,esm2_35m,6916,6916,1.0,True
venusmuthub-v1,venus-8c837ded111ff685,esm2_35m,3458,3458,1.0,True
venusmuthub-v1,venus-90e011f583a7e645,esm2_35m,6422,6422,1.0,True
venusmuthub-v1,venus-9357562029b4557a,esm2_35m,13338,13338,1.0,True
venusmuthub-v1,venus-9d99364a94571d80,esm2_35m,4104,4104,1.0,True
venusmuthub-v1,venus-a60540654b3cbbf9,esm2_35m,6745,6745,1.0,True
venusmuthub-v1,venus-aae92adf06e389cd,esm2_35m,19931,19931,1.0,True
venusmuthub-v1,venus-ad4f94972c4850d0,esm2_35m,3743,3743,1.0,True
venusmuthub-v1,venus-b09ae7265d5add56,esm2_35m,6840,6840,1.0,True
venusmuthub-v1,venus-b14a3532d287755b,esm2_35m,3743,3743,1.0,True
venusmuthub-v1,venus-b1ee988208ad234a,esm2_35m,9804,9804,1.0,True
venusmuthub-v1,venus-b2c012e22fa464aa,esm2_35m,5966,5966,1.0,True
venusmuthub-v1,venus-b41bf48f310c59c1,esm2_35m,27550,27550,1.0,True
venusmuthub-v1,venus-b6f228338d425ee2,esm2_35m,13718,13718,1.0,True
venusmuthub-v1,venus-b967cccca11973b6,esm2_35m,5605,5605,1.0,True
venusmuthub-v1,venus-ba70e13e9f086bea,esm2_35m,6631,6631,1.0,True
venusmuthub-v1,venus-ba768a97843a2ef2,esm2_35m,13205,13205,1.0,True
venusmuthub-v1,venus-bce692cd15f4091a,esm2_35m,10051,10051,1.0,True
venusmuthub-v1,venus-befc2489e9745489,esm2_35m,6688,6688,1.0,True
venusmuthub-v1,venus-bff43a6e4a79b5f8,esm2_35m,6213,6213,1.0,True
venusmuthub-v1,venus-c0ca168b53919943,esm2_35m,14630,14630,1.0,True
venusmuthub-v1,venus-c3600923ab93ac4e,esm2_35m,5605,5605,1.0,True
venusmuthub-v1,venus-c71bd410457488cf,esm2_35m,6422,6422,1.0,True
venusmuthub-v1,venus-c7eb0ffd0c784af8,esm2_35m,8816,8816,1.0,True
venusmuthub-v1,venus-cbc03f40f9753339,esm2_35m,6631,6631,1.0,True
venusmuthub-v1,venus-cf2e570131b80556,esm2_35m,7752,7752,1.0,True
venusmuthub-v1,venus-d0585182abfe2660,esm2_35m,3534,3534,1.0,True
venusmuthub-v1,venus-d187d570e2dc4402,esm2_35m,6023,6023,1.0,True
venusmuthub-v1,venus-d5b579600238875d,esm2_35m,3097,3097,1.0,True
venusmuthub-v1,venus-d7597d795a65b040,esm2_35m,11457,11457,1.0,True
venusmuthub-v1,venus-d98b2269ed529294,esm2_35m,9557,9557,1.0,True
venusmuthub-v1,venus-db6f99c2f0c1c621,esm2_35m,13908,13908,1.0,True
venusmuthub-v1,venus-db874159a334ddcf,esm2_35m,17214,17214,1.0,True
venusmuthub-v1,venus-de4763156d0659c0,esm2_35m,7410,7410,1.0,True
venusmuthub-v1,venus-e106cf9431361c23,esm2_35m,4541,4541,1.0,True
venusmuthub-v1,venus-e2c390013035df74,esm2_35m,7999,7999,1.0,True
venusmuthub-v1,venus-e534b07a29d6ecf2,esm2_35m,4693,4693,1.0,True
venusmuthub-v1,venus-e67b2509cf424b88,esm2_35m,5624,5624,1.0,True
venusmuthub-v1,venus-e882ec45e80e2ece,esm2_35m,5149,5149,1.0,True
venusmuthub-v1,venus-ee4abb868ebd5357,esm2_35m,5282,5282,1.0,True
venusmuthub-v1,venus-f215fc047b4ec592,esm2_35m,11457,11457,1.0,True
venusmuthub-v1,venus-f2eeeee6f8bc57e6,esm2_35m,12749,12749,1.0,True
venusmuthub-v1,venus-f4124bbcd051f818,esm2_35m,6897,6897,1.0,True
venusmuthub-v1,venus-f68755df0ab4af4d,esm2_35m,6992,6992,1.0,True
venusmuthub-v1,venus-f6ad6a376a4ccae7,esm2_35m,10222,10222,1.0,True
venusmuthub-v1,venus-f9eaa71209b5568e,esm2_35m,10298,10298,1.0,True
venusmuthub-v1,venus-fb1d8ed35888b3e5,esm2_35m,6992,6992,1.0,True
venusmuthub-v1,venus-fb40294d4c662251,esm2_35m,7999,7999,1.0,True
venusmuthub-v1,venus-fdef8e3435880467,esm2_35m,12160,12160,1.0,True
mavedb-complement-v1,mavedb-287332153da38b59,esm2_150m,22021,22021,1.0,True
mavedb-complement-v1,mavedb-32f5d032de97ea22,esm2_150m,8759,8759,1.0,True
mavedb-complement-v1,mavedb-93100c3b9be6e587,esm2_150m,6042,6042,1.0,True
mavedb-complement-v1,mavedb-a5ca23fa1e625d66,esm2_150m,22002,22002,1.0,True
mavedb-complement-v1,mavedb-a5cec053cd1989b7,esm2_150m,7467,7467,1.0,True
mavedb-complement-v1,mavedb-aebeb991234cd8a3,esm2_150m,8018,8018,1.0,True
mavedb-complement-v1,mavedb-c6dd0092b775896c,esm2_150m,13205,13205,1.0,True
mavedb-complement-v1,mavedb-e3ca60f18e3b6e98,esm2_150m,7467,7467,1.0,True
venusmuthub-v1,venus-00073064a60d4804,esm2_150m,7657,7657,1.0,True
venusmuthub-v1,venus-06f736fe976e45ee,esm2_150m,5605,5605,1.0,True
venusmuthub-v1,venus-07739b7c44051d98,esm2_150m,5130,5130,1.0,True
venusmuthub-v1,venus-0ed16c1325aea2c9,esm2_150m,4731,4731,1.0,True
venusmuthub-v1,venus-12c59fe9dab495ee,esm2_150m,5510,5510,1.0,True
venusmuthub-v1,venus-1972eefa4a6ef629,esm2_150m,12692,12692,1.0,True
venusmuthub-v1,venus-1a8ae9058bbabf14,esm2_150m,6422,6422,1.0,True
venusmuthub-v1,venus-1b3d6bf42e0e7f84,esm2_150m,7163,7163,1.0,True
venusmuthub-v1,venus-1e4cf4ecbd674386,esm2_150m,8702,8702,1.0,True
venusmuthub-v1,venus-220a25f64746e26e,esm2_150m,10545,10545,1.0,True
venusmuthub-v1,venus-221bc429762aec74,esm2_150m,4294,4294,1.0,True
venusmuthub-v1,venus-23d9ea0d22f6126b,esm2_150m,7961,7961,1.0,True
venusmuthub-v1,venus-24f4e5b8d325ad4b,esm2_150m,19133,19133,1.0,True
venusmuthub-v1,venus-26da37179e20d7ed,esm2_150m,16758,16758,1.0,True
venusmuthub-v1,venus-2b9577dc9c561b21,esm2_150m,4579,4579,1.0,True
venusmuthub-v1,venus-2ebb2bc9d643c1fb,esm2_150m,2964,2964,1.0,True
venusmuthub-v1,venus-320f26d1be8a0cb0,esm2_150m,7372,7372,1.0,True
venusmuthub-v1,venus-3876c90807a78d74,esm2_150m,8702,8702,1.0,True
venusmuthub-v1,venus-396cc9af2c1e8c61,esm2_150m,7125,7125,1.0,True
venusmuthub-v1,venus-39a9db03eeb2ed00,esm2_150m,5909,5909,1.0,True
venusmuthub-v1,venus-409980eb48704393,esm2_150m,5149,5149,1.0,True
venusmuthub-v1,venus-422f5a848c7a8657,esm2_150m,6859,6859,1.0,True
venusmuthub-v1,venus-454b0fb8de143bcd,esm2_150m,8892,8892,1.0,True
venusmuthub-v1,venus-4701fdeb4ac57086,esm2_150m,10184,10184,1.0,True
venusmuthub-v1,venus-4bcbc7d4640f3c6b,esm2_150m,6897,6897,1.0,True
venusmuthub-v1,venus-4d282f160e018c4f,esm2_150m,6327,6327,1.0,True
venusmuthub-v1,venus-50eca14579e1a453,esm2_150m,9272,9272,1.0,True
venusmuthub-v1,venus-581332e2a42b24c1,esm2_150m,9120,9120,1.0,True
venusmuthub-v1,venus-63545238edf5954f,esm2_150m,4845,4845,1.0,True
venusmuthub-v1,venus-6468ef80b473ecc5,esm2_150m,6498,6498,1.0,True
venusmuthub-v1,venus-64be3ba2a292eb0f,esm2_150m,5358,5358,1.0,True
venusmuthub-v1,venus-69d5ae4457f6205e,esm2_150m,17442,17442,1.0,True
venusmuthub-v1,venus-6df418116e5febc9,esm2_150m,4275,4275,1.0,True
venusmuthub-v1,venus-71acb42055dde189,esm2_150m,5909,5909,1.0,True
venusmuthub-v1,venus-71ec9b1cef7a8594,esm2_150m,5966,5966,1.0,True
venusmuthub-v1,venus-751367a60fd75330,esm2_150m,8873,8873,1.0,True
venusmuthub-v1,venus-7bf6ce2de8172342,esm2_150m,7600,7600,1.0,True
venusmuthub-v1,venus-7e0f1f31cc7ee851,esm2_150m,7296,7296,1.0,True
venusmuthub-v1,venus-7f1786770ae32614,esm2_150m,5548,5548,1.0,True
venusmuthub-v1,venus-8372a9e4bb1e26bb,esm2_150m,6042,6042,1.0,True
venusmuthub-v1,venus-83a26c7e9a3b44b0,esm2_150m,3477,3477,1.0,True
venusmuthub-v1,venus-85368d807d9e50cd,esm2_150m,5149,5149,1.0,True
venusmuthub-v1,venus-8c2fbdb86968fbff,esm2_150m,6916,6916,1.0,True
venusmuthub-v1,venus-8c837ded111ff685,esm2_150m,3458,3458,1.0,True
venusmuthub-v1,venus-90e011f583a7e645,esm2_150m,6422,6422,1.0,True
venusmuthub-v1,venus-9357562029b4557a,esm2_150m,13338,13338,1.0,True
venusmuthub-v1,venus-9d99364a94571d80,esm2_150m,4104,4104,1.0,True
venusmuthub-v1,venus-a60540654b3cbbf9,esm2_150m,6745,6745,1.0,True
venusmuthub-v1,venus-aae92adf06e389cd,esm2_150m,19931,19931,1.0,True
venusmuthub-v1,venus-ad4f94972c4850d0,esm2_150m,3743,3743,1.0,True
venusmuthub-v1,venus-b09ae7265d5add56,esm2_150m,6840,6840,1.0,True
venusmuthub-v1,venus-b14a3532d287755b,esm2_150m,3743,3743,1.0,True
venusmuthub-v1,venus-b1ee988208ad234a,esm2_150m,9804,9804,1.0,True
venusmuthub-v1,venus-b2c012e22fa464aa,esm2_150m,5966,5966,1.0,True
venusmuthub-v1,venus-b41bf48f310c59c1,esm2_150m,27550,27550,1.0,True
venusmuthub-v1,venus-b6f228338d425ee2,esm2_150m,13718,13718,1.0,True
venusmuthub-v1,venus-b967cccca11973b6,esm2_150m,5605,5605,1.0,True
venusmuthub-v1,venus-ba70e13e9f086bea,esm2_150m,6631,6631,1.0,True
venusmuthub-v1,venus-ba768a97843a2ef2,esm2_150m,13205,13205,1.0,True
venusmuthub-v1,venus-bce692cd15f4091a,esm2_150m,10051,10051,1.0,True
venusmuthub-v1,venus-befc2489e9745489,esm2_150m,6688,6688,1.0,True
venusmuthub-v1,venus-bff43a6e4a79b5f8,esm2_150m,6213,6213,1.0,True
venusmuthub-v1,venus-c0ca168b53919943,esm2_150m,14630,14630,1.0,True
venusmuthub-v1,venus-c3600923ab93ac4e,esm2_150m,5605,5605,1.0,True
venusmuthub-v1,venus-c71bd410457488cf,esm2_150m,6422,6422,1.0,True
venusmuthub-v1,venus-c7eb0ffd0c784af8,esm2_150m,8816,8816,1.0,True
venusmuthub-v1,venus-cbc03f40f9753339,esm2_150m,6631,6631,1.0,True
venusmuthub-v1,venus-cf2e570131b80556,esm2_150m,7752,7752,1.0,True
venusmuthub-v1,venus-d0585182abfe2660,esm2_150m,3534,3534,1.0,True
venusmuthub-v1,venus-d187d570e2dc4402,esm2_150m,6023,6023,1.0,True
venusmuthub-v1,venus-d5b579600238875d,esm2_150m,3097,3097,1.0,True
venusmuthub-v1,venus-d7597d795a65b040,esm2_150m,11457,11457,1.0,True
venusmuthub-v1,venus-d98b2269ed529294,esm2_150m,9557,9557,1.0,True
venusmuthub-v1,venus-db6f99c2f0c1c621,esm2_150m,13908,13908,1.0,True
venusmuthub-v1,venus-db874159a334ddcf,esm2_150m,17214,17214,1.0,True
venusmuthub-v1,venus-de4763156d0659c0,esm2_150m,7410,7410,1.0,True
venusmuthub-v1,venus-e106cf9431361c23,esm2_150m,4541,4541,1.0,True
venusmuthub-v1,venus-e2c390013035df74,esm2_150m,7999,7999,1.0,True
venusmuthub-v1,venus-e534b07a29d6ecf2,esm2_150m,4693,4693,1.0,True
venusmuthub-v1,venus-e67b2509cf424b88,esm2_150m,5624,5624,1.0,True
venusmuthub-v1,venus-e882ec45e80e2ece,esm2_150m,5149,5149,1.0,True
venusmuthub-v1,venus-ee4abb868ebd5357,esm2_150m,5282,5282,1.0,True
venusmuthub-v1,venus-f215fc047b4ec592,esm2_150m,11457,11457,1.0,True
venusmuthub-v1,venus-f2eeeee6f8bc57e6,esm2_150m,12749,12749,1.0,True
venusmuthub-v1,venus-f4124bbcd051f818,esm2_150m,6897,6897,1.0,True
venusmuthub-v1,venus-f68755df0ab4af4d,esm2_150m,6992,6992,1.0,True
venusmuthub-v1,venus-f6ad6a376a4ccae7,esm2_150m,10222,10222,1.0,True
venusmuthub-v1,venus-f9eaa71209b5568e,esm2_150m,10298,10298,1.0,True
venusmuthub-v1,venus-fb1d8ed35888b3e5,esm2_150m,6992,6992,1.0,True
venusmuthub-v1,venus-fb40294d4c662251,esm2_150m,7999,7999,1.0,True
venusmuthub-v1,venus-fdef8e3435880467,esm2_150m,12160,12160,1.0,True
mavedb-complement-v1,mavedb-287332153da38b59,esm2_650m,22021,22021,1.0,True
mavedb-complement-v1,mavedb-32f5d032de97ea22,esm2_650m,8759,8759,1.0,True
mavedb-complement-v1,mavedb-93100c3b9be6e587,esm2_650m,6042,6042,1.0,True
mavedb-complement-v1,mavedb-a5ca23fa1e625d66,esm2_650m,22002,22002,1.0,True
mavedb-complement-v1,mavedb-a5cec053cd1989b7,esm2_650m,7467,7467,1.0,True
mavedb-complement-v1,mavedb-aebeb991234cd8a3,esm2_650m,8018,8018,1.0,True
mavedb-complement-v1,mavedb-c6dd0092b775896c,esm2_650m,13205,13205,1.0,True
mavedb-complement-v1,mavedb-e3ca60f18e3b6e98,esm2_650m,7467,7467,1.0,True
venusmuthub-v1,venus-00073064a60d4804,esm2_650m,7657,7657,1.0,True
venusmuthub-v1,venus-06f736fe976e45ee,esm2_650m,5605,5605,1.0,True
venusmuthub-v1,venus-07739b7c44051d98,esm2_650m,5130,5130,1.0,True
venusmuthub-v1,venus-0ed16c1325aea2c9,esm2_650m,4731,4731,1.0,True
venusmuthub-v1,venus-12c59fe9dab495ee,esm2_650m,5510,5510,1.0,True
venusmuthub-v1,venus-1972eefa4a6ef629,esm2_650m,12692,12692,1.0,True
venusmuthub-v1,venus-1a8ae9058bbabf14,esm2_650m,6422,6422,1.0,True
venusmuthub-v1,venus-1b3d6bf42e0e7f84,esm2_650m,7163,7163,1.0,True
venusmuthub-v1,venus-1e4cf4ecbd674386,esm2_650m,8702,8702,1.0,True
venusmuthub-v1,venus-220a25f64746e26e,esm2_650m,10545,10545,1.0,True
venusmuthub-v1,venus-221bc429762aec74,esm2_650m,4294,4294,1.0,True
venusmuthub-v1,venus-23d9ea0d22f6126b,esm2_650m,7961,7961,1.0,True
venusmuthub-v1,venus-24f4e5b8d325ad4b,esm2_650m,19133,19133,1.0,True
venusmuthub-v1,venus-26da37179e20d7ed,esm2_650m,16758,16758,1.0,True
venusmuthub-v1,venus-2b9577dc9c561b21,esm2_650m,4579,4579,1.0,True
venusmuthub-v1,venus-2ebb2bc9d643c1fb,esm2_650m,2964,2964,1.0,True
venusmuthub-v1,venus-320f26d1be8a0cb0,esm2_650m,7372,7372,1.0,True
venusmuthub-v1,venus-3876c90807a78d74,esm2_650m,8702,8702,1.0,True
venusmuthub-v1,venus-396cc9af2c1e8c61,esm2_650m,7125,7125,1.0,True
venusmuthub-v1,venus-39a9db03eeb2ed00,esm2_650m,5909,5909,1.0,True
venusmuthub-v1,venus-409980eb48704393,esm2_650m,5149,5149,1.0,True
venusmuthub-v1,venus-422f5a848c7a8657,esm2_650m,6859,6859,1.0,True
venusmuthub-v1,venus-454b0fb8de143bcd,esm2_650m,8892,8892,1.0,True
venusmuthub-v1,venus-4701fdeb4ac57086,esm2_650m,10184,10184,1.0,True
venusmuthub-v1,venus-4bcbc7d4640f3c6b,esm2_650m,6897,6897,1.0,True
venusmuthub-v1,venus-4d282f160e018c4f,esm2_650m,6327,6327,1.0,True
venusmuthub-v1,venus-50eca14579e1a453,esm2_650m,9272,9272,1.0,True
venusmuthub-v1,venus-581332e2a42b24c1,esm2_650m,9120,9120,1.0,True
venusmuthub-v1,venus-63545238edf5954f,esm2_650m,4845,4845,1.0,True
venusmuthub-v1,venus-6468ef80b473ecc5,esm2_650m,6498,6498,1.0,True
venusmuthub-v1,venus-64be3ba2a292eb0f,esm2_650m,5358,5358,1.0,True
venusmuthub-v1,venus-69d5ae4457f6205e,esm2_650m,17442,17442,1.0,True
venusmuthub-v1,venus-6df418116e5febc9,esm2_650m,4275,4275,1.0,True
venusmuthub-v1,venus-71acb42055dde189,esm2_650m,5909,5909,1.0,True
venusmuthub-v1,venus-71ec9b1cef7a8594,esm2_650m,5966,5966,1.0,True
venusmuthub-v1,venus-751367a60fd75330,esm2_650m,8873,8873,1.0,True
venusmuthub-v1,venus-7bf6ce2de8172342,esm2_650m,7600,7600,1.0,True
venusmuthub-v1,venus-7e0f1f31cc7ee851,esm2_650m,7296,7296,1.0,True
venusmuthub-v1,venus-7f1786770ae32614,esm2_650m,5548,5548,1.0,True
venusmuthub-v1,venus-8372a9e4bb1e26bb,esm2_650m,6042,6042,1.0,True
venusmuthub-v1,venus-83a26c7e9a3b44b0,esm2_650m,3477,3477,1.0,True
venusmuthub-v1,venus-85368d807d9e50cd,esm2_650m,5149,5149,1.0,True
venusmuthub-v1,venus-8c2fbdb86968fbff,esm2_650m,6916,6916,1.0,True
venusmuthub-v1,venus-8c837ded111ff685,esm2_650m,3458,3458,1.0,True
venusmuthub-v1,venus-90e011f583a7e645,esm2_650m,6422,6422,1.0,True
venusmuthub-v1,venus-9357562029b4557a,esm2_650m,13338,13338,1.0,True
venusmuthub-v1,venus-9d99364a94571d80,esm2_650m,4104,4104,1.0,True
venusmuthub-v1,venus-a60540654b3cbbf9,esm2_650m,6745,6745,1.0,True
venusmuthub-v1,venus-aae92adf06e389cd,esm2_650m,19931,19931,1.0,True
venusmuthub-v1,venus-ad4f94972c4850d0,esm2_650m,3743,3743,1.0,True
venusmuthub-v1,venus-b09ae7265d5add56,esm2_650m,6840,6840,1.0,True
venusmuthub-v1,venus-b14a3532d287755b,esm2_650m,3743,3743,1.0,True
venusmuthub-v1,venus-b1ee988208ad234a,esm2_650m,9804,9804,1.0,True
venusmuthub-v1,venus-b2c012e22fa464aa,esm2_650m,5966,5966,1.0,True
venusmuthub-v1,venus-b41bf48f310c59c1,esm2_650m,27550,27550,1.0,True
venusmuthub-v1,venus-b6f228338d425ee2,esm2_650m,13718,13718,1.0,True
venusmuthub-v1,venus-b967cccca11973b6,esm2_650m,5605,5605,1.0,True
venusmuthub-v1,venus-ba70e13e9f086bea,esm2_650m,6631,6631,1.0,True
venusmuthub-v1,venus-ba768a97843a2ef2,esm2_650m,13205,13205,1.0,True
venusmuthub-v1,venus-bce692cd15f4091a,esm2_650m,10051,10051,1.0,True
venusmuthub-v1,venus-befc2489e9745489,esm2_650m,6688,6688,1.0,True
venusmuthub-v1,venus-bff43a6e4a79b5f8,esm2_650m,6213,6213,1.0,True
venusmuthub-v1,venus-c0ca168b53919943,esm2_650m,14630,14630,1.0,True
venusmuthub-v1,venus-c3600923ab93ac4e,esm2_650m,5605,5605,1.0,True
venusmuthub-v1,venus-c71bd410457488cf,esm2_650m,6422,6422,1.0,True
venusmuthub-v1,venus-c7eb0ffd0c784af8,esm2_650m,8816,8816,1.0,True
venusmuthub-v1,venus-cbc03f40f9753339,esm2_650m,6631,6631,1.0,True
venusmuthub-v1,venus-cf2e570131b80556,esm2_650m,7752,7752,1.0,True
venusmuthub-v1,venus-d0585182abfe2660,esm2_650m,3534,3534,1.0,True
venusmuthub-v1,venus-d187d570e2dc4402,esm2_650m,6023,6023,1.0,True
venusmuthub-v1,venus-d5b579600238875d,esm2_650m,3097,3097,1.0,True
venusmuthub-v1,venus-d7597d795a65b040,esm2_650m,11457,11457,1.0,True
venusmuthub-v1,venus-d98b2269ed529294,esm2_650m,9557,9557,1.0,True
venusmuthub-v1,venus-db6f99c2f0c1c621,esm2_650m,13908,13908,1.0,True
venusmuthub-v1,venus-db874159a334ddcf,esm2_650m,17214,17214,1.0,True
venusmuthub-v1,venus-de4763156d0659c0,esm2_650m,7410,7410,1.0,True
venusmuthub-v1,venus-e106cf9431361c23,esm2_650m,4541,4541,1.0,True
venusmuthub-v1,venus-e2c390013035df74,esm2_650m,7999,7999,1.0,True
venusmuthub-v1,venus-e534b07a29d6ecf2,esm2_650m,4693,4693,1.0,True
venusmuthub-v1,venus-e67b2509cf424b88,esm2_650m,5624,5624,1.0,True
venusmuthub-v1,venus-e882ec45e80e2ece,esm2_650m,5149,5149,1.0,True
venusmuthub-v1,venus-ee4abb868ebd5357,esm2_650m,5282,5282,1.0,True
venusmuthub-v1,venus-f215fc047b4ec592,esm2_650m,11457,11457,1.0,True
venusmuthub-v1,venus-f2eeeee6f8bc57e6,esm2_650m,12749,12749,1.0,True
venusmuthub-v1,venus-f4124bbcd051f818,esm2_650m,6897,6897,1.0,True
venusmuthub-v1,venus-f68755df0ab4af4d,esm2_650m,6992,6992,1.0,True
venusmuthub-v1,venus-f6ad6a376a4ccae7,esm2_650m,10222,10222,1.0,True
venusmuthub-v1,venus-f9eaa71209b5568e,esm2_650m,10298,10298,1.0,True
venusmuthub-v1,venus-fb1d8ed35888b3e5,esm2_650m,6992,6992,1.0,True
venusmuthub-v1,venus-fb40294d4c662251,esm2_650m,7999,7999,1.0,True
venusmuthub-v1,venus-fdef8e3435880467,esm2_650m,12160,12160,1.0,True
mavedb-complement-v1,mavedb-287332153da38b59,vespag,22021,0,0.0,False
mavedb-complement-v1,mavedb-32f5d032de97ea22,vespag,8759,8759,1.0,True
mavedb-complement-v1,mavedb-93100c3b9be6e587,vespag,6042,6042,1.0,True
mavedb-complement-v1,mavedb-a5ca23fa1e625d66,vespag,22002,0,0.0,False
mavedb-complement-v1,mavedb-a5cec053cd1989b7,vespag,7467,7467,1.0,True
mavedb-complement-v1,mavedb-aebeb991234cd8a3,vespag,8018,8018,1.0,True
mavedb-complement-v1,mavedb-c6dd0092b775896c,vespag,13205,13205,1.0,True
mavedb-complement-v1,mavedb-e3ca60f18e3b6e98,vespag,7467,7467,1.0,True
venusmuthub-v1,venus-00073064a60d4804,vespag,7657,7657,1.0,True
venusmuthub-v1,venus-06f736fe976e45ee,vespag,5605,5605,1.0,True
venusmuthub-v1,venus-07739b7c44051d98,vespag,5130,5130,1.0,True
venusmuthub-v1,venus-0ed16c1325aea2c9,vespag,4731,4731,1.0,True
venusmuthub-v1,venus-12c59fe9dab495ee,vespag,5510,5510,1.0,True
venusmuthub-v1,venus-1972eefa4a6ef629,vespag,12692,12692,1.0,True
venusmuthub-v1,venus-1a8ae9058bbabf14,vespag,6422,6422,1.0,True
venusmuthub-v1,venus-1b3d6bf42e0e7f84,vespag,7163,7163,1.0,True
venusmuthub-v1,venus-1e4cf4ecbd674386,vespag,8702,8702,1.0,True
venusmuthub-v1,venus-220a25f64746e26e,vespag,10545,10545,1.0,True
venusmuthub-v1,venus-221bc429762aec74,vespag,4294,4294,1.0,True
venusmuthub-v1,venus-23d9ea0d22f6126b,vespag,7961,7961,1.0,True
venusmuthub-v1,venus-24f4e5b8d325ad4b,vespag,19133,19133,1.0,True
venusmuthub-v1,venus-26da37179e20d7ed,vespag,16758,16758,1.0,True
venusmuthub-v1,venus-2b9577dc9c561b21,vespag,4579,4579,1.0,True
venusmuthub-v1,venus-2ebb2bc9d643c1fb,vespag,2964,2964,1.0,True
venusmuthub-v1,venus-320f26d1be8a0cb0,vespag,7372,7372,1.0,True
venusmuthub-v1,venus-3876c90807a78d74,vespag,8702,8702,1.0,True
venusmuthub-v1,venus-396cc9af2c1e8c61,vespag,7125,7125,1.0,True
venusmuthub-v1,venus-39a9db03eeb2ed00,vespag,5909,5909,1.0,True
venusmuthub-v1,venus-409980eb48704393,vespag,5149,5149,1.0,True
venusmuthub-v1,venus-422f5a848c7a8657,vespag,6859,6859,1.0,True
venusmuthub-v1,venus-454b0fb8de143bcd,vespag,8892,8892,1.0,True
venusmuthub-v1,venus-4701fdeb4ac57086,vespag,10184,10184,1.0,True
venusmuthub-v1,venus-4bcbc7d4640f3c6b,vespag,6897,6897,1.0,True
venusmuthub-v1,venus-4d282f160e018c4f,vespag,6327,6327,1.0,True
venusmuthub-v1,venus-50eca14579e1a453,vespag,9272,9272,1.0,True
venusmuthub-v1,venus-581332e2a42b24c1,vespag,9120,9120,1.0,True
venusmuthub-v1,venus-63545238edf5954f,vespag,4845,4845,1.0,True
venusmuthub-v1,venus-6468ef80b473ecc5,vespag,6498,6498,1.0,True
venusmuthub-v1,venus-64be3ba2a292eb0f,vespag,5358,5358,1.0,True
venusmuthub-v1,venus-69d5ae4457f6205e,vespag,17442,17442,1.0,True
venusmuthub-v1,venus-6df418116e5febc9,vespag,4275,4275,1.0,True
venusmuthub-v1,venus-71acb42055dde189,vespag,5909,5909,1.0,True
venusmuthub-v1,venus-71ec9b1cef7a8594,vespag,5966,5966,1.0,True
venusmuthub-v1,venus-751367a60fd75330,vespag,8873,8873,1.0,True
venusmuthub-v1,venus-7bf6ce2de8172342,vespag,7600,7600,1.0,True
venusmuthub-v1,venus-7e0f1f31cc7ee851,vespag,7296,7296,1.0,True
venusmuthub-v1,venus-7f1786770ae32614,vespag,5548,5548,1.0,True
venusmuthub-v1,venus-8372a9e4bb1e26bb,vespag,6042,6042,1.0,True
venusmuthub-v1,venus-83a26c7e9a3b44b0,vespag,3477,3477,1.0,True
venusmuthub-v1,venus-85368d807d9e50cd,vespag,5149,5149,1.0,True
venusmuthub-v1,venus-8c2fbdb86968fbff,vespag,6916,6916,1.0,True
venusmuthub-v1,venus-8c837ded111ff685,vespag,3458,3458,1.0,True
venusmuthub-v1,venus-90e011f583a7e645,vespag,6422,6422,1.0,True
venusmuthub-v1,venus-9357562029b4557a,vespag,13338,13338,1.0,True
venusmuthub-v1,venus-9d99364a94571d80,vespag,4104,4104,1.0,True
venusmuthub-v1,venus-a60540654b3cbbf9,vespag,6745,6745,1.0,True
venusmuthub-v1,venus-aae92adf06e389cd,vespag,19931,0,0.0,False
venusmuthub-v1,venus-ad4f94972c4850d0,vespag,3743,3743,1.0,True
venusmuthub-v1,venus-b09ae7265d5add56,vespag,6840,6840,1.0,True
venusmuthub-v1,venus-b14a3532d287755b,vespag,3743,3743,1.0,True
venusmuthub-v1,venus-b1ee988208ad234a,vespag,9804,9804,1.0,True
venusmuthub-v1,venus-b2c012e22fa464aa,vespag,5966,5966,1.0,True
venusmuthub-v1,venus-b41bf48f310c59c1,vespag,27550,0,0.0,False
venusmuthub-v1,venus-b6f228338d425ee2,vespag,13718,13718,1.0,True
venusmuthub-v1,venus-b967cccca11973b6,vespag,5605,5605,1.0,True
venusmuthub-v1,venus-ba70e13e9f086bea,vespag,6631,6631,1.0,True
venusmuthub-v1,venus-ba768a97843a2ef2,vespag,13205,13205,1.0,True
venusmuthub-v1,venus-bce692cd15f4091a,vespag,10051,10051,1.0,True
venusmuthub-v1,venus-befc2489e9745489,vespag,6688,6688,1.0,True
venusmuthub-v1,venus-bff43a6e4a79b5f8,vespag,6213,6213,1.0,True
venusmuthub-v1,venus-c0ca168b53919943,vespag,14630,14630,1.0,True
venusmuthub-v1,venus-c3600923ab93ac4e,vespag,5605,5605,1.0,True
venusmuthub-v1,venus-c71bd410457488cf,vespag,6422,6422,1.0,True
venusmuthub-v1,venus-c7eb0ffd0c784af8,vespag,8816,8816,1.0,True
venusmuthub-v1,venus-cbc03f40f9753339,vespag,6631,6631,1.0,True
venusmuthub-v1,venus-cf2e570131b80556,vespag,7752,7752,1.0,True
venusmuthub-v1,venus-d0585182abfe2660,vespag,3534,3534,1.0,True
venusmuthub-v1,venus-d187d570e2dc4402,vespag,6023,6023,1.0,True
venusmuthub-v1,venus-d5b579600238875d,vespag,3097,3097,1.0,True
venusmuthub-v1,venus-d7597d795a65b040,vespag,11457,11457,1.0,True
venusmuthub-v1,venus-d98b2269ed529294,vespag,9557,9557,1.0,True
venusmuthub-v1,venus-db6f99c2f0c1c621,vespag,13908,13908,1.0,True
venusmuthub-v1,venus-db874159a334ddcf,vespag,17214,17214,1.0,True
venusmuthub-v1,venus-de4763156d0659c0,vespag,7410,7410,1.0,True
venusmuthub-v1,venus-e106cf9431361c23,vespag,4541,4541,1.0,True
venusmuthub-v1,venus-e2c390013035df74,vespag,7999,7999,1.0,True
venusmuthub-v1,venus-e534b07a29d6ecf2,vespag,4693,4693,1.0,True
venusmuthub-v1,venus-e67b2509cf424b88,vespag,5624,5624,1.0,True
venusmuthub-v1,venus-e882ec45e80e2ece,vespag,5149,5149,1.0,True
venusmuthub-v1,venus-ee4abb868ebd5357,vespag,5282,5282,1.0,True
venusmuthub-v1,venus-f215fc047b4ec592,vespag,11457,11457,1.0,True
venusmuthub-v1,venus-f2eeeee6f8bc57e6,vespag,12749,12749,1.0,True
venusmuthub-v1,venus-f4124bbcd051f818,vespag,6897,6897,1.0,True
venusmuthub-v1,venus-f68755df0ab4af4d,vespag,6992,6992,1.0,True
venusmuthub-v1,venus-f6ad6a376a4ccae7,vespag,10222,10222,1.0,True
venusmuthub-v1,venus-f9eaa71209b5568e,vespag,10298,10298,1.0,True
venusmuthub-v1,venus-fb1d8ed35888b3e5,vespag,6992,6992,1.0,True
venusmuthub-v1,venus-fb40294d4c662251,vespag,7999,7999,1.0,True
venusmuthub-v1,venus-fdef8e3435880467,vespag,12160,12160,1.0,True
