panel_id,target_id,structure_family_id,structure_sha256
human-domainome-v1,A1X283_PF00018_155,foldseek-family-8842538ce269,fb347f09a123ef9fb57c1a0cd92407e7526160141c7dcfed8517ef51ede6c091
human-domainome-v1,A1X283_PF00018_222,foldseek-family-8842538ce269,af7b24edba4f3c82582b41349ebf0b0e248a1fe80c21047264b9893649ce9a18
human-domainome-v1,O00308_PF00397_440,foldseek-family-7f65936f9f83,6fd8e11829e1ea313d7ea0220f574a07e10bd3f8bab21d1de5ea820c7096ceb1
human-domainome-v1,O00330_PF02817_181,foldseek-family-8f2f4bcd5b50,2943215f1f695b8f5c90616f7a0328b45da21803af3a5e2f29fdc1f8712d9613
human-domainome-v1,O14529_PF02376_1036,foldseek-family-05163d54f556,403f6da02d81f196ddff7cce6b82e5a91ad6fe1c4d3730e44596fee10f003ceb
human-domainome-v1,O14529_PF02376_895,foldseek-family-05163d54f556,465ac6767037eac465233e641b09be8afcb6f659628b0f47f47d55361a78b456
human-domainome-v1,O14640_PF00778_4,foldseek-family-134047f4bde2,d960b980daeacee2ce113a3c9555ae6650ef607a78e8dcbdef3099920640a7f5
human-domainome-v1,O14776_PF01846_645,foldseek-family-6c7cc5cc429c,fea8d1162b134618a535d92a56d3e06a4b692a6a6d00407f4ea74f52a6a8fcfd
human-domainome-v1,O14776_PF01846_727,foldseek-family-6c7cc5cc429c,4319ffd7498c69f214b7fdde2098f425410269ccc3ea17d8a35381e157fda3f8
human-domainome-v1,O14776_PF01846_793,foldseek-family-6c7cc5cc429c,10b9dfe3ac8e7cd6028682ec164d37064627a3d6499be4545ef954946b142454
human-domainome-v1,O14776_PF01846_897,foldseek-family-6c7cc5cc429c,154ac0b067e60e970fa6d33592be5f306dd7f15a5f10b72f6f15e99ee14dfecb
human-domainome-v1,O14776_PF01846_955,foldseek-family-6c7cc5cc429c,b6ee82f0339cb7cb2f48cec34c75b83517393634e3cc2bf598448f71bf47aa54
human-domainome-v1,O14813_PF00046_92,foldseek-family-8fdcdcc01614,f39e7642ef8d48cc09d4f8295cec2e01aacf2b9bc28d0121a82c2dd2a80b9cce
human-domainome-v1,O14901_PF00096_395,foldseek-family-4a10d7d27713,5bb6b8dccd23d8d162b26283815710a1ddcd56989c81e774aab29230a3315fb7
human-domainome-v1,O14936_PF00595_488,foldseek-family-2d3185287d98,e58c5ca7eb3a9952329a38f3573847da2eaf771cf73a46ac361b835d3aa3cf36
human-domainome-v1,O15151_PF00641_299,foldseek-family-c0c5fe279857,dc21e2a67c729e2d66ad8c9040bb1c9d0495426cc39cf1797e5fcb57d2126e8a
human-domainome-v1,O15265_PF08313_334,foldseek-family-9ac9ee63b91c,3dc26cec1f1fc6f051b856dbfe0bb7b9e9fde5b5b7ff832c52c4228227f8444a
human-domainome-v1,O15266_PF00046_119,foldseek-family-8fdcdcc01614,88f89dc6fee8cfd3a420355cbd9893e60632ae68960b087a28aae7371f326205
human-domainome-v1,O15405_PF00505_256,foldseek-family-a7e0e568ea58,be91ccd13f570ce6d8118a2f64e2f334f0d9f95e81f692d2f40802fcbc8a00b2
human-domainome-v1,O15541_PF00642_198,foldseek-family-9cc45a3ec4a0,2f40637c8ff9a2bb5f9957b29f762482ddfa042903b981a294b8f5706e1c2d49
human-domainome-v1,O43167_PF00096_351,foldseek-family-4a10d7d27713,dc3e68ce897dbe0326d6eaceaa2bdb67f4a67843c9e2581c64bf002a4542b765
human-domainome-v1,O43167_PF00096_435,foldseek-family-4a10d7d27713,639b36b242b2f8a3007643a97a25ac9725f2e2df18d5cef8eb0d3faf5bffabfb
human-domainome-v1,O43186_PF00046_41,foldseek-family-8fdcdcc01614,39b20114416c6eaadb0d60e4ad822b5b3452adeaa0d9bb0353668e8ac241ad27
human-domainome-v1,O43295_PF00018_745,foldseek-family-8842538ce269,b6b2b8be38db42f7f0a2675c6dbec73a5284b7722a63409afff5cce76c8b6351
human-domainome-v1,O43353_PF00619_438,foldseek-family-f7c985c4645a,bfe51a62335e5a789bd92949b07509b3b9c38140b86343178f04d034b060bb6a
human-domainome-v1,O43395_PF01480_10,foldseek-family-aee5819796fb,72129c41f5e8a42e351f79ee830aff11b6cf7f1fb669d7183654f0eeac19548f
human-domainome-v1,O43586_PF00018_361,foldseek-family-8842538ce269,cf033207823c33460cac3dcbbc9483165a8b6eb3f88abaed1e97c51c41f4a338
human-domainome-v1,O60341_PF04433_186,foldseek-family-b0d21f582eff,d51a09597c7233443df33f448669c9d283c7137dd655d951847ed0d45b2bbf4b
human-domainome-v1,O60481_PF00096_389,foldseek-family-4a10d7d27713,4b7f53ec29655672265b4c9ea53bb288483848cb5de4f90feae37167e96dd6ea
human-domainome-v1,O60885_PF17035_607,foldseek-family-f6b1f402d57f,b746da8a14d7eeb0457f750cb5bf0780710dd1be124ad9ae2d77397f39ca0f79
human-domainome-v1,O75112_PF00595_1,foldseek-family-2d3185287d98,86e1fdacaf66308fe87df0357b02f43ef5503ca3f7e11b7611cf6179d4e816aa
human-domainome-v1,O75360_PF00046_71,foldseek-family-8fdcdcc01614,e9b3dec75082ff07122f920749cd97a320433c8fc65648d90c61525987e661d0
human-domainome-v1,O75366_PF02209_785,foldseek-family-a76cc157cc10,8b8ccad7627ab392d3baa1e4b984d1aab6fccd5bb13fc63225a378ae30da34ed
human-domainome-v1,O75369_PF00630_1423,foldseek-family-e36266d8f946,27a2f2e73a1d75a5a22574290d7d993982dacf82c6dbd743b764a466313a8682
human-domainome-v1,O75369_PF00630_2109,foldseek-family-c96e61a2f576,8323c9dd965aaba64854d4d3bdb09d25c733ba0185f02fda52c37cb074a6f285
human-domainome-v1,O75382_PF00643_111,foldseek-family-ac5efd723589,7dd27b5f029a8963f5968a0c185cffcfac3f44fc6e116f71351b116ff05b61a4
human-domainome-v1,O75400_PF00397_176,foldseek-family-c755ac285d79,312817e4117f7fad06e0ca42bf92ba03fccd96f76adde84b6e9095710386c549
human-domainome-v1,O75400_PF01846_395,foldseek-family-6c7cc5cc429c,d6860edf03ee8eea0220a8d10153b34583b510afc68563a08b1cd4b87d5202b8
human-domainome-v1,O75400_PF01846_459,foldseek-family-6c7cc5cc429c,d27d27baf85be073447ab2302ebb3505d74377db52b8b390934b1827cf2ac66f
human-domainome-v1,O75400_PF01846_670,foldseek-family-0b7a3395b2b6,d8f899359bdf2cc41c5dcd61c6311ec298eea7537faadcbb91c9ec48252f7b6f
human-domainome-v1,O75400_PF01846_745,foldseek-family-6c7cc5cc429c,3a4cea31db2f2ebdf7ea75b049f9093e32e1c7ffc6a3354f2246e0a08336e788
human-domainome-v1,O75478_PF04433_375,foldseek-family-92795dada19d,85d36a26e13a34d10e1b002c7c8e2e57d08ca95ce92d82357155cbe6089baa2b
human-domainome-v1,O75534_PF00313_184,foldseek-family-a3439dbc18b9,1193ef71fafc576c15fda7672b56cbe7fe19d1ec1731b4142eb714f35963ccc8
human-domainome-v1,O75534_PF00313_23,foldseek-family-a3439dbc18b9,9acc2baa43ba816a4862f0915bbbefc200f4a4a455841a11e574ad3238370e4e
human-domainome-v1,O75534_PF00313_347,foldseek-family-a3439dbc18b9,c04d1bef949aa4806e3f020ad3648456b4687a6c317632b8ae3b8a18b755b4c0
human-domainome-v1,O75554_PF06220_8,foldseek-family-dceb007ba288,f5c10837421e582ba7e3d3b55e510f8df98c54ddfd65057713222d03c0ccf3b8
human-domainome-v1,O75970_PF00595_1003,foldseek-family-2d3185287d98,670b6e713bf3c9dda51b115bc6de6545d95c8e2daade13cb7c98f59be2ba7c37
human-domainome-v1,O75970_PF00595_1860,foldseek-family-2d3185287d98,2a94adf5802e0393b4d69a9c4d88984f61840e40723dab7f1953247ed624fc02
human-domainome-v1,O75970_PF00595_372,foldseek-family-2d3185287d98,a3bd1883f507f1429f70507b9c83e373ceefe6da51f16aec3c7c1c5f3a709360
human-domainome-v1,O75970_PF00595_693,foldseek-family-2d3185287d98,5d6278f55395875d718ca502b3ce9f36e61568cd229465ea47a80cfc8bfecaff
human-domainome-v1,O94830_PF00536_389,foldseek-family-4c49d3340b9a,305d84be3c05f9f3aa475f097fc239333fcae85dc1615fdfda7b256c238a6cb6
human-domainome-v1,O94885_PF00536_630,foldseek-family-4c49d3340b9a,a315b3a6cd4f7f89d226fba404801bd0b6e186164bb009994ae4f3898b473f62
human-domainome-v1,O94929_PF00412_149,foldseek-family-fc04d2f8ea8a,8b45dee3e001ce4d1ce3d4a97954e6a97da7f82a0c94a29e807a64c406a0e8d7
human-domainome-v1,O94929_PF00412_210,foldseek-family-fc04d2f8ea8a,3f58dfa09bcc38c192ba3389dc3e5f988e9a7f0b56bef33f5732d8bc0b3a1ee8
human-domainome-v1,O94993_PF00505_338,foldseek-family-a7e0e568ea58,bf7bd64b8ca4fd0ceac7fc5d12c4faae29b3f07d60884d2baba6ebf936e464d7
human-domainome-v1,O95076_PF00046_155,foldseek-family-8fdcdcc01614,be24308274bd4dc29e636b5f8a8a5532f32cb7d27ee7867a0e8175811095bb6b
human-domainome-v1,O95155_PF04564_1229,foldseek-family-fa89bd0319e7,07e0c927256e28614da6fc9dbdec76cfcd3656a309e10c58b9b305d127fe2d82
human-domainome-v1,O95218_PF00641_11,foldseek-family-7b5949dffa50,2f1b9af49bc2da35a8bdbd882c97a0c4d5aee3a65e9a313a19c16952f09b729d
human-domainome-v1,O95218_PF00641_9,foldseek-family-7b5949dffa50,eeedf6d9eef1d847788f0057a70c13b15a0f81a72aab2280047c09d5173671a2
human-domainome-v1,O95267_PF00130_539,foldseek-family-659fe476592c,6cc6922f2a80349026bf983de147ceb279ee269422dcfdaf443feee76024d44e
human-domainome-v1,O95343_PF00046_212,foldseek-family-8fdcdcc01614,d6f24180dcd1ccb883c29590cbe2325b65f87a21de23257f5e7e72ab579cac1f
human-domainome-v1,O95475_PF00046_134,foldseek-family-8fdcdcc01614,8e00c6ec542ca3ef726f1ccda6b410658dd2b694ef091c2cc7d75bb51f4f5fe3
human-domainome-v1,O95718_PF00105_100,foldseek-family-b6f033cc1c5b,25deabb082b772b2c5215e0bb390e270e61eb7360e7b90df74b6ef52807af1ed
human-domainome-v1,O95789_PF06467_427,foldseek-family-aed4658f5dde,205cb0578d541bc379082403738e2c301df170083145902bd59843d4d3913c02
human-domainome-v1,O95793_PF00035_183,foldseek-family-e9ecc65ecf3b,18250836b1afeb62671bdbcd1157f90e5434be6c6576f43b2f7078410b7f9b78
human-domainome-v1,O95817_PF00397_11,foldseek-family-48d9af238b10,57b21c62c34efded26f43f0659f47d5219d95fc0c74d0e108e45d77c099fed7b
human-domainome-v1,O95835_PF00627_98,foldseek-family-b17f3da2e271,a4cd8a83bedcadd56e0c758114519543f2433020069f89c41d612dd6167860b0
human-domainome-v1,P00519_PF00018_64,foldseek-family-8842538ce269,e6ef6a166e2239909e1def24ac3e332b5efeeeadf209d53592c0a44adc4f5717
human-domainome-v1,P02549_PF00018_979,foldseek-family-8842538ce269,5aa29fa199d200106548fa3b190e0cb2f6f9c7dd93670ab58dd5acd2ddf2ec02
human-domainome-v1,P02585_PF13499_1,foldseek-family-c7a672322d4c,c2d4437a5114fc7be003ea81db3e7cb89589856b13e0347233f66e8443fdd173
human-domainome-v1,P04049_PF02196_58,foldseek-family-473f603e3d91,db3b53fc2934b1b28bb47a180f5ab331357001408c530a90da7f72b1d13e5c0a
human-domainome-v1,P04150_PF00105_419,foldseek-family-b6f033cc1c5b,a931a9ac9a3279d59f3dc1cbd7bb95ba78fbb7fc0cc5c3e8fdaa6ccac08194b5
human-domainome-v1,P05813_PF00030_31,foldseek-family-a6a5f535b121,5d9dd3fb37ae118b0bfb87c98933654592972278fb30f38fd593e37d607a19c7
human-domainome-v1,P06239_PF00018_63,foldseek-family-8842538ce269,d3c8b07165c747c5124e9ae50aa11b0249c4d4cccc725aa0acc0436730e022b9
human-domainome-v1,P06241_PF00018_83,foldseek-family-8842538ce269,cfc843b33e601f89364855a57f2442f6c8e4ee6e47c3333a9c4ef7f22dcd1bb4
human-domainome-v1,P07315_PF00030_4,foldseek-family-a6a5f535b121,06919414e512938c489381bc630a6b861f0867910d280b3b971aaf6e97d939bc
human-domainome-v1,P07315_PF00030_91,foldseek-family-a6a5f535b121,b2066f7d8fc53357c9b9babf4286ce1d44e72ce122faec5d2e551e342033ec3a
human-domainome-v1,P07316_PF00030_1,foldseek-family-a6a5f535b121,eabda85b6d4994cbd1397834d36282992f8283f466e3b09e89575e90fb4569f7
human-domainome-v1,P07814_PF00458_827,foldseek-family-0feafb0c9795,2fc29087f70dba3485e2d967fe3e923ae3ed78cd026b6751746143c3a36ac6b8
human-domainome-v1,P08151_PF00096_363,foldseek-family-4a10d7d27713,45a995741674247d5b4a0dfdb61201bcc69ae1f28b16a514d14fe91c6d88f043
human-domainome-v1,P08235_PF00105_600,foldseek-family-b6f033cc1c5b,9cf44926c9e792729dd19785c61a1d91f6f9f2d7623dc2a29ceeba321eb02024
human-domainome-v1,P08631_PF00018_80,foldseek-family-8842538ce269,c939daf8e0d1820fd0110e46544d506697191f214d6de9ab3e1eb66bede46570
human-domainome-v1,P09086_PF00157_200,foldseek-family-668cb0514ee7,5756ad7a6f8506753d883153ecc0f6b835a20172fa83cded7c9b5e74e5328438
human-domainome-v1,P09327_PF02209_793,foldseek-family-a76cc157cc10,db7efd1e1234bb96d35b3a19bf81c96f849d8e5cae3f768d6ed81e06d31bd7df
human-domainome-v1,P0CI26_PF00643_87,foldseek-family-ac5efd723589,35ecc89629b12a2937fda69d8ae63e6a0f91daccf86dd148797d51e98e9a8ec3
human-domainome-v1,P10070_PF00096_565,foldseek-family-4a10d7d27713,725c90fa8a20539170dd8003c6a95091f5315a78fa8ba97f7d5bb6bb6a1478f7
human-domainome-v1,P10071_PF00096_608,foldseek-family-4a10d7d27713,2326beccb26a6f8cdcaa66fb68b184ce6d28491e380d00b04280cdb927cf8911
human-domainome-v1,P10242_PF00249_143,foldseek-family-7856a192fa5a,f240dd5d58ad64003d0a9fa19183cd6b93ec9a18646560bf2ca9f4b2d71b2f24
human-domainome-v1,P10242_PF00249_40,foldseek-family-b9d7186d8578,40bad400384afb89d76669a43ee22ff910d934529990673e4a552a1e7ea32337
human-domainome-v1,P10275_PF00105_557,foldseek-family-b6f033cc1c5b,41c081eb8bd94a81d61fdc730f3817d8b010b64e1353375984704275bb424654
human-domainome-v1,P10398_PF02196_21,foldseek-family-473f603e3d91,852b43c60ff4f3662f11bec2e7ef9bd52180912358b6a2dd08fd63f71fab4b6a
human-domainome-v1,P10589_PF00105_83,foldseek-family-b6f033cc1c5b,88dfccfd66287f84d61eecfcf4b49be1e68ea05633f10be6b25d45637d871f8e
human-domainome-v1,P10826_PF00105_85,foldseek-family-b6f033cc1c5b,d79aac258c4788643daa3e6a0dbf09b25d96842389b7b360b71e10a78e528707
human-domainome-v1,P11182_PF02817_171,foldseek-family-3899668f7e4d,d461985377ae08ffd8fe474485152ec1b8bf74f9f68bbc2e77ff9d857d6bd73b
human-domainome-v1,P11308_PF02198_117,foldseek-family-c20c80a98266,80e1236182b8f2458591762956da1397ceeb9dd730eb534e9f5b0c66aa93e689
human-domainome-v1,P11844_PF00030_85,foldseek-family-a6a5f535b121,947b85f922eaa37c874c04a8d772cd773a1d0ba016673a690b5a417826e2d5aa
human-domainome-v1,P12931_PF00018_87,foldseek-family-8842538ce269,c282bc234e1fb6bf2a0564d3bb25d753d4577ac9643cd1a971fec6745c8110f7
human-domainome-v1,P12956_PF02037_558,foldseek-family-fbc917bdf874,269920a6bc6be6268bf39620e42c3edc8119943e0820b1828d0d4e1dcbfa86e1
human-domainome-v1,P13796_PF13499_13,foldseek-family-23ef80bfabae,6e5fc41dd341764ee152f0d50ed5bda7d94b75a673f49bbcbd9b882942daac03
human-domainome-v1,P13984_PF02270_177,foldseek-family-9a458b240458,fabddf8efcf14d8edabd4a457a0fbf8571db2f801854bbc0e8b4624510a38c22
human-domainome-v1,P14598_PF00018_157,foldseek-family-8842538ce269,2775c620feb2df449f01fbdfaf5af3d99a785f8092d3b45148c200d55acf4b6a
human-domainome-v1,P14653_PF00046_208,foldseek-family-8fdcdcc01614,f05a703f01e9f591eac3682ea457dc898b29ce04f7021bb4c4c7e653b52ae972
human-domainome-v1,P14859_PF00157_285,foldseek-family-668cb0514ee7,fe8cd3e6bd49acf66eb7ae0b3df4850f9f35b3076097b22cecea0d88f326c523
human-domainome-v1,P14921_PF02198_55,foldseek-family-c20c80a98266,e497821909b824ef871d3f4c5bebbe89a0ad258748f50e807eb168a04bb83c40
human-domainome-v1,P15498_PF00018_592,foldseek-family-8842538ce269,f0abd9942c5233e0e2197f70adf9b203534a86788979f865d22199be03292298
human-domainome-v1,P15498_PF00018_782,foldseek-family-8842538ce269,dd21c50064c971ed8405491016a19e43e74d938172e83027a20959dc577f2a77
human-domainome-v1,P16157_PF00531_1405,foldseek-family-2ad7975a8987,3d9b2d44ad159753eee6c0f5213ab9d27cdc9e07b106740c93629f22538eeeed
human-domainome-v1,P16885_PF00018_772,foldseek-family-8842538ce269,92e632136588f995d4ef37fa6f9913a9777f79e4f7dd73f010a9d10051b49766
human-domainome-v1,P16989_PF00313_84,foldseek-family-685589e3eb06,705e0abd8b42cd1d6d18587f686cf56bf753097bbefd8b2a9f9adb8617f03eea
human-domainome-v1,P17480_PF00505_408,foldseek-family-a7e0e568ea58,e22df5493ba1d4cb801eec1d97ef3514c0a5cb8bd2c779ba45e4465f23f1fcce
human-domainome-v1,P19793_PF00105_132,foldseek-family-b6f033cc1c5b,0e23c873226a0521fd0d0197c18585224f451e872000ba22b6c0ef4367975766
human-domainome-v1,P19878_PF00018_241,foldseek-family-8842538ce269,4d5da3d370b43e2de84bd5889273a5ff5626ccb3ac92e4ca4f288db7ddf7f659
human-domainome-v1,P19878_PF00018_456,foldseek-family-8842538ce269,cc18b4447e704febbcc8a9439e0913e6a7aef91167c122508f399795e3ab053d
human-domainome-v1,P19878_PF00564_353,foldseek-family-95da2b2d423b,27ae8257ff3796701da14d15767fb77d48c196d012831f20eaa50152f80bd574
human-domainome-v1,P20264_PF00046_408,foldseek-family-8fdcdcc01614,0b82e8af9dc2a64ae9dade7607bfaf023a3209b2175438f40675f68ec7f211a5
human-domainome-v1,P20264_PF00157_320,foldseek-family-668cb0514ee7,d439f7e308f02ace1a5effb570054be596209b9952c6e8c209b62de69d395a66
human-domainome-v1,P20265_PF00046_356,foldseek-family-8fdcdcc01614,b74746d9a86f5da6b46db702da730c12b5a296e81bd0c8400ea178fa0040042a
human-domainome-v1,P20265_PF00157_262,foldseek-family-668cb0514ee7,fcdda518b732042cfbee3b17d27ea777689d01cb61759c60b233b2e12e9541a7
human-domainome-v1,P20936_PF00018_281,foldseek-family-8842538ce269,790b11bca703cc576dee4bc7da3b20008d57020f3bc7bee461d03e1c442f57c7
human-domainome-v1,P22492_PF00538_44,foldseek-family-c8d2b13329cd,be6e32acccef40696efb2506f7f80b57fae30fd0a78c7be2cea53cdb2b501f60
human-domainome-v1,P22681_PF00627_854,foldseek-family-8181361ff555,b2ed1b175e31f93bc62990d03623a6bd4b0ede1e5fe6e1b0dbd83b8c21c86fe8
human-domainome-v1,P23759_PF00046_219,foldseek-family-8fdcdcc01614,0f0598b387f0d332e9b7229313b81fd4cd0399dc4f897cfa3c25e57b6c48c860
human-domainome-v1,P25490_PF00096_384,foldseek-family-4a10d7d27713,cda159ff53d0e050128c0870a909dbe4e8b9e14682ff3e98d877b145c8d9838a
human-domainome-v1,P25685_PF00226_4,foldseek-family-1dff15767f11,25876d2d74f95f313d786184f3ac0bbeecf959c2cd34351e4de8ba09ac3bb0bf
human-domainome-v1,P26367_PF00046_213,foldseek-family-8fdcdcc01614,03da5b18f1d077771b2c7fb192de83231b9761d3045cba51686b05b511945866
human-domainome-v1,P26651_PF00642_105,foldseek-family-9cc45a3ec4a0,0fd08137094bf202f717dc69f17211a73594baa8fbed89c2a9a4ea315d14268a
human-domainome-v1,P28069_PF00157_130,foldseek-family-668cb0514ee7,4af4e1ce5001e4c72cc767c7305a8fda14afbdff5ad5f360555b2717b666c37c
human-domainome-v1,P28360_PF00046_174,foldseek-family-8fdcdcc01614,15567a92225b80502d6e28119a379b41da7c82353ef7341c962795fedf037183
human-domainome-v1,P32243_PF00046_40,foldseek-family-8fdcdcc01614,2d9d67d22ea54fe1938f4c4804e90aa7b9cae638f600ed07baf244bd9358dc24
human-domainome-v1,P35251_PF00533_405,foldseek-family-a1727ce6bfb5,88dcb0920c2ea707ff0719b87d61e07954665a7679e94f458c4de21ff8a9ce8d
human-domainome-v1,P35548_PF00046_144,foldseek-family-8fdcdcc01614,432dbadd0a755c4fe243cebba740aaef3722d71e848b7d7a5cbcc43f6af7989f
human-domainome-v1,P35711_PF00505_557,foldseek-family-a7e0e568ea58,45d37066f9b484462ec2c74d1aa527a1b739c93d8b379a8e49f767911b220939
human-domainome-v1,P35712_PF00505_622,foldseek-family-a7e0e568ea58,9e5cb47a0dd31c0a5204a94eb08a3b9c5627e4abf673eba1ee8eba636581820f
human-domainome-v1,P35713_PF00505_87,foldseek-family-a7e0e568ea58,81e9e5e6ea2f4842934352d308570157f75119c06973b58455fc375b0baed7ae
human-domainome-v1,P35716_PF00505_50,foldseek-family-a7e0e568ea58,6eebb7d2e42e0c0d4c9c4ce70c27757988518e8d6415ae9a59b59dcb6f03ab13
human-domainome-v1,P37275_PF00096_933,foldseek-family-4a10d7d27713,418a5805c463134658742a867183aa36c93b38526f5d967b36015bb9e32499cc
human-domainome-v1,P39880_PF02376_548,foldseek-family-05163d54f556,f18141c6aceea1832d90ed72208acc0906463fd8299b92d4e64247564ce853ca
human-domainome-v1,P39880_PF02376_941,foldseek-family-05163d54f556,af1f18b5dbeaac90762eb5109203c06da08b4ff82d37638f5d5058220187f60f
human-domainome-v1,P41225_PF00505_140,foldseek-family-a7e0e568ea58,b8d2724b72a49543624a2a16aad0528bbd8700af92f85aad25cbb07d7aa97195
human-domainome-v1,P41229_PF00628_319,foldseek-family-3918385a7469,495ec67a7c1a78c55a10f4167329bd36f8409d37deeda08f59c00e63d2ca26cc
human-domainome-v1,P43320_PF00030_106,foldseek-family-a6a5f535b121,f7defecca19a6f1c809ba5d04becff66eaf4a3e9fe6d324b5ad794bcb4315ae9
human-domainome-v1,P43354_PF00105_260,foldseek-family-b6f033cc1c5b,b2e95bc969202ab737acb91f7462ca1991b6d4f6775bb8209a7d615c69e714e8
human-domainome-v1,P45973_PF00385_21,foldseek-family-0fa14c7c72c8,ac43e5db9a951ec5e0898232ab127aa3069528662925b22beea02acb3c788dd6
human-domainome-v1,P46934_PF00397_836,foldseek-family-0bd04fe9d2fe,5279b444f8e8629bb5dd74ead2cb882c3d88ab52400fb01be191ef603eabd98b
human-domainome-v1,P46937_PF00397_162,foldseek-family-0bd04fe9d2fe,1ecd37e88476a984d36339c7b215b27abccef25ec44da9334a94b05b503e4bfd
human-domainome-v1,P46937_PF00397_165,foldseek-family-0bd04fe9d2fe,7572cdcd214e185707de7d7a81f0e598c8241e0d5758b572dab3a2886ba6ef6a
human-domainome-v1,P46937_PF00397_226,foldseek-family-0bd04fe9d2fe,838cfea521bc3c43ae623279053d943ac55fb9f232aecf8e10023b3d54dc9d42
human-domainome-v1,P47974_PF00642_193,foldseek-family-9cc45a3ec4a0,ea2ce52555325d2cf46bca68cbd44a0eea647fdab43ebe22c04a3662adf66346
human-domainome-v1,P48431_PF00505_42,foldseek-family-a7e0e568ea58,57088f81c22168b26edb04b9c9854260ec3c4511a19ed6c8e00cb8cc91131a34
human-domainome-v1,P49335_PF00046_280,foldseek-family-8fdcdcc01614,432952dce753c9879524909b1fd5d4bf7d4d2c968629f07e354f44ff04f6d3aa
human-domainome-v1,P50539_PF00010_70,foldseek-family-d9afd602f568,78e40ae60be8cef41ea1ac47b11d799fc210a0b9168d7f5b5387b480fc4dc918
human-domainome-v1,P51451_PF00018_59,foldseek-family-8842538ce269,5313e1563de1606f42990bd09b6939be2c8435f4fc918892b52a6826e803ef4c
human-domainome-v1,P51508_PF00096_331,foldseek-family-4a10d7d27713,ed30815ed93be85d79753fead2c1f25df123d082b1072674aa2071fdb5d322b9
human-domainome-v1,P51508_PF00096_555,foldseek-family-4a10d7d27713,725803c6a8b59a0130644c9f857ebab87848023400a797741b62fcfd7bd2b056
human-domainome-v1,P51608_PF01429_91,foldseek-family-ba85664464f6,2525bed0f2b82c1e7c57f2ba257286a5035e364ed83f7917031825c7e333f488
human-domainome-v1,P51687_PF00173_87,foldseek-family-9efa1850c1a1,19ffac8277a71b43ec4f27cadb5cd88cd79d89c43770745e152a4823219a2940
human-domainome-v1,P53673_PF00030_14,foldseek-family-a6a5f535b121,7ad31fd08aa4615df9d111261d23061ce2b4f1b9a5925e7844ad3609ecec1699
human-domainome-v1,P54277_PF00505_572,foldseek-family-a7e0e568ea58,76bad8a3003d05f16d0681a36b7a663f7802d54247a7e54e67b55ae359e0f402
human-domainome-v1,P54727_PF00627_186,foldseek-family-b17f3da2e271,8708e2a47c890d6a9d09f9b8a476edb8d38502d5002fd9beef47d45ed1c38d7e
human-domainome-v1,P54727_PF00627_361,foldseek-family-b17f3da2e271,68384fc934fcd199c9c9b770c0b15049b12666de58e3a0b3be8594efb7f283d7
human-domainome-v1,P54821_PF00046_96,foldseek-family-8fdcdcc01614,9e5660c207cc44cc9b1887e17bf7e2d40e3a87462a5c5fb51b8f4dbfd8c917c1
human-domainome-v1,P55072_PF02359_26,foldseek-family-6d10b650f252,39453d5d6ef7faf9d07cc349fce7c437709f819517dfc192525e4781d4a977c4
human-domainome-v1,P55895_PF13341_415,foldseek-family-de2b6e594552,173affea4ddbfbd9c9a7b78187300d4fc2a3afb45524f07d3e7bc15b59d383c4
human-domainome-v1,P56915_PF00046_162,foldseek-family-8fdcdcc01614,5fa83afdc916fb04d88ff6944ec7fd225d82d4fa99ab7803dd1fc33fa1a5808b
human-domainome-v1,P60002_PF05129_3,foldseek-family-25458ea79d29,2f015d2088c00db4784e93aaf5575430ef9191fa4ec75cb7d74567b0f05d3670
human-domainome-v1,P60321_PF05741_63,foldseek-family-c7ea888f673e,35ee62eabd73715727924e90601b83c0b1c28cd5d81388008a60a6888bb2269e
human-domainome-v1,P61024_PF01111_1,foldseek-family-f3d757078e47,7fdead2f89d72177b01102c0490a2561696497139a76b24341b41c8ca153c7b6
human-domainome-v1,P61086_PF00627_158,foldseek-family-b17f3da2e271,4804833dee6cad878640f19bdcb2bcb935c6da2eaa00eee59d460f0334566478
human-domainome-v1,P61960_PF03671_4,foldseek-family-12b45d4f06f3,43eab614485c68ad3b20813911b289be2e63c9d2cf0a7e2b14f7cff35b2ce4cf
human-domainome-v1,P62993_PF00018_159,foldseek-family-8842538ce269,1f5fd669a3453be8d04f5a5b3a0e7946763bd178614584b1fb5c1acacd563dfc
human-domainome-v1,P67809_PF00313_52,foldseek-family-685589e3eb06,044c04ce81db3432b5dfdfc5b7d9316a9ab9dc13933f7f7cb89920bc727ff80b
human-domainome-v1,P78352_PF00595_157,foldseek-family-2d3185287d98,e6f994f2138766e2452cb724481cd018e0d8fe59abf71bc22bcdeb36ba51720d
human-domainome-v1,P78352_PF00595_309,foldseek-family-2d3185287d98,9b6a583d1c78776e29e66f992a58710c11794a946bf36dd4bf1d1ca5a969daa5
human-domainome-v1,P78352_PF00595_60,foldseek-family-2d3185287d98,e6555ce6c2d1252b117e08829e1869b54078a34e1de37f1fb981e3c0820c1f53
human-domainome-v1,P78424_PF00046_609,foldseek-family-8fdcdcc01614,368a4be64fc873b9c8ddc74d34e24455696981ab53514c5947cd4f7952246003
human-domainome-v1,P78545_PF02198_50,foldseek-family-c20c80a98266,9ddff0cca9bfe0b645be8716bac76322a0f8660abd8b4cf2aee81bddfc626723
human-domainome-v1,P78563_PF00035_80,foldseek-family-e9ecc65ecf3b,6224dd61f83be9120deadc6a5edca197780b09042c81575464817dca7108ca19
human-domainome-v1,P82979_PF02037_3,foldseek-family-18dd82217f72,0aad0441f7a565d6831b8d309914a53cc63c668dde4e5dedcb6b65a0cf57651c
human-domainome-v1,P98175_PF00641_214,foldseek-family-6536a86514bd,244927bedde32b5ccd0d6604226beedf4064912f3e610e9ee4250f909b7acdee
human-domainome-v1,Q00839_PF02037_6,foldseek-family-18dd82217f72,ffaa6240cb6006f1a05bb2c6090f3f6332210bafd3650c0fcc234bb20ba66c25
human-domainome-v1,Q00987_PF00641_299,foldseek-family-c0c5fe279857,188ba185d3012442ff15b89aade769b9018e6288ed046c24a06fac4f2ff5af04
human-domainome-v1,Q01543_PF02198_116,foldseek-family-c20c80a98266,f8bd8333e2157255b65619355abf330db15cee9e96b2988a49da2e94a9140c1d
human-domainome-v1,Q01826_PF02376_371,foldseek-family-05163d54f556,aa46865cf916e20c6491def735f04b5579b4807298281537488e87d42a04000a
human-domainome-v1,Q01826_PF02376_494,foldseek-family-05163d54f556,bcdc0bdb0657c592f6a075660e22932ea6ed5d95b88e7216bc5ec39c91edd38c
human-domainome-v1,Q01826_PF16557_178,foldseek-family-cd8250e67d7d,c48c567782fc68d6f96e472f46a1cc9e687dac51318397c9b13d86eb450fd49f
human-domainome-v1,Q01851_PF00157_266,foldseek-family-668cb0514ee7,61a094a27fefab02c664e459708515f944bae55a8740ea79fbdc7544cd826166
human-domainome-v1,Q01860_PF00157_134,foldseek-family-668cb0514ee7,0f257b61e1622b3eac503901a84b01f8658d206ed2f6ffed7c8a700af1bc83a2
human-domainome-v1,Q03052_PF00157_247,foldseek-family-668cb0514ee7,5d9269a54c62f7a60a67bba914e51ec5e4908438254621fbc1e7d0a739bcdffb
human-domainome-v1,Q03181_PF00105_71,foldseek-family-b6f033cc1c5b,79967bd18d7df574ef34ec09d66676c302115c1ae829e459de7f69aac04c1d1d
human-domainome-v1,Q05066_PF00505_61,foldseek-family-a7e0e568ea58,111beeca4bf96c91e7972d519e46ba38a5b85b7956903b2c6cd8b710f0e76969
human-domainome-v1,Q05195_PF00010_58,foldseek-family-d9afd602f568,c9adc44346a701557da2ddf347249f7d3b74b783202b229c9a90c22607239b57
human-domainome-v1,Q05655_PF00130_228,foldseek-family-659fe476592c,d8e8dac2660caec316c3f76b1ccdc359de107677371e047a463b650af0aeaf24
human-domainome-v1,Q06187_PF00018_215,foldseek-family-8842538ce269,fe5d07f25c607537264c751ed5870dc0c6e2a80f5d8dc7a72fe830d98038028f
human-domainome-v1,Q06546_PF02198_172,foldseek-family-c20c80a98266,d81099b4020794bb7cced6f9c4d9670dd53cac69ba76acac08d81c4da1e8da9b
human-domainome-v1,Q06787_PF00013_217,foldseek-family-a3e41f03edc1,780a7b51450b96cf596d1c86f13e6f1d0d0e70790ff1c57b0ea7a38040670720
human-domainome-v1,Q06945_PF00505_60,foldseek-family-a7e0e568ea58,782b1cd4f0e8348807d6b5db77d608eac44da9dab90831fae55ad1b0c899abed
human-domainome-v1,Q08881_PF00018_172,foldseek-family-8842538ce269,ba9a2502b5c50227a60d69d26a4683ee08ffbbf1eade5e1f2416f8299c5e71e8
human-domainome-v1,Q12824_PF04855_181,foldseek-family-89b8fb220a44,97e2013a57cbf2060a84e74c78c92ed412ecefec33f5544e983a2b1cf3a80f8b
human-domainome-v1,Q12837_PF00157_256,foldseek-family-668cb0514ee7,6130f1fc772feaea57590c770aa071a1d2cf1537944e24ac4f8dd4a27949f166
human-domainome-v1,Q12873_PF00628_374,foldseek-family-3918385a7469,38bf83b5b03078fc070deefd663773cd91590f4fe245312ff23f17465cf6c54f
human-domainome-v1,Q12899_PF00643_97,foldseek-family-ac5efd723589,9856556ec83412989e9a3732eda6998663e99697d086ebd111f9463fd690e7cf
human-domainome-v1,Q12929_PF00018_533,foldseek-family-8842538ce269,7aec0310fe1445cb9de3fc3caa523ec09d29d7f1a3f042d16c08d5d235f73153
human-domainome-v1,Q12929_PF18016_720,foldseek-family-090a8aab2123,679008586fa28f095be7fcbdb797822a10ff4b6e145459e9a4ee7b1e57a4baf7
human-domainome-v1,Q12965_PF00018_1051,foldseek-family-8842538ce269,8702b8749ae916eec059b6cec775795f530faa2cbd99f718bdfd6be1201c5c31
human-domainome-v1,Q13009_PF00595_843,foldseek-family-2d3185287d98,9537a8231f7b7d9f336fe0a390badacfb400cf6ee70df71244a41e861ab10e55
human-domainome-v1,Q13148_PF18694_5,foldseek-family-49c4a396f5d0,6ebacb98c069e84798c183509361835964c6d4955673a87b15c9586b2317516e
human-domainome-v1,Q13163_PF00564_15,foldseek-family-339849e11038,d5e07cbaba9969fb5f5385807afa241a34a35bde8b9a1a73a2640793355719c0
human-domainome-v1,Q13263_PF00628_620,foldseek-family-3918385a7469,727520f9544f5868c1718cc56a5fce0ff5a04659a317b96173d22ea2ef59a5e6
human-domainome-v1,Q13368_PF00595_132,foldseek-family-2d3185287d98,da22af05307f0dd8275a52174b0bb62efc00b0bda0e1a2e192dbe8d89d5309ef
human-domainome-v1,Q13424_PF00595_79,foldseek-family-2d3185287d98,f8ddaa7d01e18a3d4bb24ec1112f9684546c4aa369f927d0ece7741c2ff4035f
human-domainome-v1,Q13472_PF06839_812,foldseek-family-0216fe5af997,0cee79a7b5d345bdc8f98bcbe47b8b3561e108f43accc6c2705d6ba493788c4b
human-domainome-v1,Q13501_PF00569_120,foldseek-family-0ee6e166b89a,1f87a80c5268f1a6a2abdc1b69b15828e1a9a0854fe92488cfa5c9aa6347be44
human-domainome-v1,Q13501_PF16577_389,foldseek-family-75b915a9c420,8e0cc9d1352c227be867fc82059fa55b526c963d6995c0be951e4b182e23f847
human-domainome-v1,Q13526_PF00397_1,foldseek-family-40a9153e0863,5f53d5f17133b1fa81dc43370dc38e371d458c623fdaf5464b2f4635ccb73047
human-domainome-v1,Q13642_PF00412_160,foldseek-family-fc04d2f8ea8a,9a1d9b1975c0b3018333147ecac22bb2b4d5194c1e1a02d97c80b6529fc29454
human-domainome-v1,Q13642_PF00412_99,foldseek-family-fc04d2f8ea8a,77ca46547340a0a07a6e9c600bff8b3afed6499ca0696e250078469779add726
human-domainome-v1,Q13813_PF13499_2327,foldseek-family-ec187f3b6f42,c9b705662bafa02588c193ecc2344bd2674b0c24cde44d8cc4663bd562e378b5
human-domainome-v1,Q14151_PF02037_27,foldseek-family-18dd82217f72,91262ebf452457f9a2c4025f9c9ea817d0208c761b86a0952827f81d3d899858
human-domainome-v1,Q14160_PF00595_857,foldseek-family-2d3185287d98,3d8ffce2ea0dc47d7e8e3407b452106ec915e5e149fe8abdcd794155772f341e
human-domainome-v1,Q14192_PF00412_38,foldseek-family-fc04d2f8ea8a,f7ce471827e9ff2f3ea64a7ce3ea6eb06d798f37d998acb7ca26181fd1ad6518
human-domainome-v1,Q14202_PF06467_350,foldseek-family-aed4658f5dde,68a84b60164afe1526fb15cb839d27fd170a85f209bd342e1f66987c3a5ad173
human-domainome-v1,Q14202_PF06467_405,foldseek-family-aed4658f5dde,1165e6fa45cfef636a846be94f4bb5077e4e99fd3bbda1d6249766295b62f1a3
human-domainome-v1,Q14839_PF00385_623,foldseek-family-0fa14c7c72c8,1a93138edb700e7bcb80a5ae97ef827d35013dad4e4d29578c9e7040dc85ecd3
human-domainome-v1,Q14839_PF00628_365,foldseek-family-3918385a7469,e04c0bc69f9476653272f7de2a64d18df94507e6c540e3c0ec72547382441d9e
human-domainome-v1,Q14839_PF00628_444,foldseek-family-3918385a7469,90256941a7bd6de397d7df5e24a2ba988bec32ba330de8963aa4521f2613a366
human-domainome-v1,Q14995_PF00105_103,foldseek-family-b6f033cc1c5b,7f66a4bdf06ae84c052c11d246156c7906391c71bb0e86302019231cb0513c49
human-domainome-v1,Q14CM0_PF00595_75,foldseek-family-2d3185287d98,ccdc4cf2daeebf2bac5e2a07507eecfc3597a1e176f98a64b96623d762be9ced
human-domainome-v1,Q14CS0_PF00789_256,foldseek-family-ae2d8202d963,9942a5c0dcc07fd519d8edd98f45929f65f32d75026fe7280b9dcc0006403d4e
human-domainome-v1,Q15319_PF00157_185,foldseek-family-668cb0514ee7,fcc4dd6e443f608f3ebb3f2b55e213d5219266f1363d096fd3d98d605213c606
human-domainome-v1,Q15365_PF00013_278,foldseek-family-a3e41f03edc1,969421b5b0a1b2421880906dd0fa6d89fba7a604f94574a115e27677541d91ba
human-domainome-v1,Q15424_PF02037_26,foldseek-family-18dd82217f72,0e79a26055c012517232bde0801fe73016a4085bf126476a3796e3de54d7c208
human-domainome-v1,Q15475_PF00046_131,foldseek-family-8fdcdcc01614,e0a4f83fd2220a6a4fa777994222b3ec34e624fc7f625b69da58b2c9fa4365dc
human-domainome-v1,Q15554_PF00249_489,foldseek-family-b9d7186d8578,88de4e7cab98c4250dbbb699571c171b47f34e90715c2f7d5813d939dc412862
human-domainome-v1,Q15699_PF00046_134,foldseek-family-8fdcdcc01614,44fc8d26e6e7b23dbdce12cb2affd8ad0ec70027177428f81a184ca856a7b012
human-domainome-v1,Q15811_PF00018_1003,foldseek-family-8842538ce269,f5e52c444b950e4a2a218fcf4241e6e9faf1aebd9fd7b0762b9bc51fffe79c6d
human-domainome-v1,Q15811_PF00018_1156,foldseek-family-8842538ce269,1d028d299baed6a907de5e622a0e5652e5fde8da55d86e08d062bd6a246f16e9
human-domainome-v1,Q15811_PF00018_909,foldseek-family-8842538ce269,54c07c129574e7b9a6275f70fee7dad77627417c486af877819058ce71eb46b7
human-domainome-v1,Q15811_PF07653_1003,foldseek-family-8842538ce269,f5e52c444b950e4a2a218fcf4241e6e9faf1aebd9fd7b0762b9bc51fffe79c6d
human-domainome-v1,Q15942_PF00412_504,foldseek-family-fc04d2f8ea8a,72ebf0a092cd070ea7d61a5a90f781b6c593a22f33ff69f1f03b733739d1f5f4
human-domainome-v1,Q1KMD3_PF02037_1,foldseek-family-18dd82217f72,5d296f9773436cc5edcc8aedf6e1cb2552d4fe6ee4498e50d5da5f01e2af6801
human-domainome-v1,Q2Q1W2_PF00643_274,foldseek-family-ac5efd723589,142689654cb5a2dae4c246b7192e44b1c5ab3d7e077c0f75688b2e7134c32228
human-domainome-v1,Q5F1R6_PF12171_315,foldseek-family-7e60ff488fba,76330584875b17852679e5d17bc93d0fc744e353a42cb8c75e85984c1f351d89
human-domainome-v1,Q5HYK7_PF00018_664,foldseek-family-8842538ce269,37bebdad7ff329639745241838737192ffbc15f366e69d17aa26888c5107532e
human-domainome-v1,Q5SQQ9_PF00046_102,foldseek-family-8fdcdcc01614,b94fbd7a2bc317e0b0a7686f1dc327ca2da612ccb753eb4da75bfaa10588456e
human-domainome-v1,Q5TCQ9_PF00397_287,foldseek-family-0bd04fe9d2fe,f965c703d2a8c86c1b0dabf8942aaf3aa0f8f1b7d58d35caabc4469e8071294d
human-domainome-v1,Q5U5Q3_PF00013_325,foldseek-family-a3e41f03edc1,8a7870944a7ddc1f1eac3bd09e7817174ca32e7315cfa4eeeee13b0a0762a6f7
human-domainome-v1,Q5VTD9_PF00096_221,foldseek-family-4a10d7d27713,0c812cb876a31abf8ba0064d448d3b8e0e84e10b4eff1d81aaf0aa9b6d1041d5
human-domainome-v1,Q5VVJ2_PF00249_120,foldseek-family-b9d7186d8578,166f6ecfdd23bae41288493f3dcb146fa4d547816b1d89723af0f7fdb1cab650
human-domainome-v1,Q5VWI1_PF01846_448,foldseek-family-6c7cc5cc429c,170ccc3b012968173a4e7a09109ba6df6f1e02ea8fbf8f03b714b4158de4a72c
human-domainome-v1,Q68DC2_PF00536_774,foldseek-family-893035036018,3945eb5172c2c9adba15fe9ff3cdf422082d3da5e14b49fdb10dd943dee241db
human-domainome-v1,Q6NWY9_PF01846_274,foldseek-family-6c7cc5cc429c,58beaf675e707bef3f8e2fbf4f2e8df93e1341094f25644978fb3c07bf0e0c89
human-domainome-v1,Q6P0N0_PF00249_878,foldseek-family-b9d7186d8578,1c770dcf16ab649fc3d84748c18b7010223f1e2c233f718c9ed3017dfbf9566a
human-domainome-v1,Q6XZF7_PF00018_146,foldseek-family-8842538ce269,eee386b2908e914cf3fd868507f2e57eecac5ef1d42f08d4fce79c05be6d53e2
human-domainome-v1,Q6XZF7_PF00018_1516,foldseek-family-8842538ce269,11be1db0828f498228600df6ebc33e1a1f59766c4893e856ac569b632e6d419a
human-domainome-v1,Q6XZF7_PF00018_242,foldseek-family-8842538ce269,7683e77bb0aa2889c6afc243a3c59e1a120757f16cf2c1754f31fab0a50a1326
human-domainome-v1,Q6XZF7_PF14604_147,foldseek-family-8842538ce269,334a1495a1b3512dd1a12cb0b2533a2873bb7da14adef05d49099b962d6be713
human-domainome-v1,Q6ZN01_PF02037_170,foldseek-family-18dd82217f72,6bfe515eb9e0212d10de4fee4cf279d2d491880ca932f10b42ce5e84b1bd013c
human-domainome-v1,Q6ZSG1_PF13639_293,foldseek-family-a208c21e9493,01f3717c4f955e1de4dbea8ebb233cbbea5b4e7e18aca2904179f8eaffecfca6
human-domainome-v1,Q6ZVD7_PF10264_112,foldseek-family-ef729c29677c,b2a4fbf19158fae380461a2f4a192935c83fe978e6e614ac6c0a89709df8bb8b
human-domainome-v1,Q6ZWJ1_PF00397_493,foldseek-family-0bd04fe9d2fe,8dc3c82075a5060a002f44555462d6656327f67d50be096fbb70b083c2219ee7
human-domainome-v1,Q7L590_PF09329_383,foldseek-family-28ee1d65d8c9,f66c21dbb2d6d5d3c9b835c0804720b1b96e8a86d7a174ed4d3ad322b18553b1
human-domainome-v1,Q7Z4I7_PF00412_13,foldseek-family-fc04d2f8ea8a,4b899f3222a6fea07781f80c827f18cdf1460db3f87d9542890b0d264d42db23
human-domainome-v1,Q7Z5Q1_PF16366_513,foldseek-family-c513be0675ad,57cd7b2a5c394b58bb0049dafaeb9dff16f8990373e61ebcd593ed5a68b72f31
human-domainome-v1,Q7Z6B7_PF00018_744,foldseek-family-8842538ce269,ccd7e7f8f768dedfb01fdafa1156205c8ee516a66a0a1d7b180023214551aab6
human-domainome-v1,Q7Z6G8_PF00536_812,foldseek-family-4c49d3340b9a,02c9cda0233b21af37e61c7839ebb14297392d701fc72521a78328f60790b28d
human-domainome-v1,Q7Z6W7_PF00226_3,foldseek-family-1dff15767f11,3e65f2c5f11038a4b36a667ae11827c134f2b7c707e081c2162207046d36fd8a
human-domainome-v1,Q86UL8_PF00397_296,foldseek-family-0bd04fe9d2fe,efbae78114df5e52b77ce8e7805ed1969585e882c049c1ea4eeb5793cca74166
human-domainome-v1,Q86UL8_PF00595_1144,foldseek-family-2d3185287d98,5972d625af0df66b5120ab1dfb443a687a9de7c14aaff5953fde4812c1c05f6f
human-domainome-v1,Q86UL8_PF00595_601,foldseek-family-2d3185287d98,d49898a4b4e1b198f04e153a96112b1cbe06ebb0b689ca9c9b7f9d452e82699e
human-domainome-v1,Q86UL8_PF00595_774,foldseek-family-2d3185287d98,c3568fc4ef03e04a63f033eb19f28a878b2440abb469b5a9c6898f2e2ac61a24
human-domainome-v1,Q86VP1_PF18112_729,foldseek-family-2a8f6439f2c2,12a4392cd3725b8cebf04a84320199932123f7760a9a06ecbc5fd0c86b33921b
human-domainome-v1,Q86WN1_PF14604_467,foldseek-family-8842538ce269,6c3cae93a24be34e8135c2b1e36d43f4210766bc86e3e94bb87d4d268e559bc1
human-domainome-v1,Q86XN8_PF00013_273,foldseek-family-a3e41f03edc1,52345b7ecee1209eea9fdd7f0a9fed13bba6e6e44874c0f2070568bf4d6c1d54
human-domainome-v1,Q86YT6_PF18346_247,foldseek-family-d7ac244ced51,00ec9513147b9d9968c4e839be37e1287e692e7ff63eba26658c8c0a547fef6a
human-domainome-v1,Q8IV48_PF02037_65,foldseek-family-18dd82217f72,fe30472569ea4f83a53978dd55e1798b2c5d7510c3cf120ad4b87b4728bb0582
human-domainome-v1,Q8IWR0_PF00642_906,foldseek-family-bb0156902b14,5e228e018a2f495d8cf48c34c85c90e0a0afd7ea7ce8bf930857c058629b9de6
human-domainome-v1,Q8IWT3_PF01485_2234,foldseek-family-6a55fdab6c8b,2c50fff101b2d1fa0a3ab4722a236864001b9df7259a0cd361f274972588fb6a
human-domainome-v1,Q8IX12_PF02037_625,foldseek-family-18dd82217f72,8b5e02f4aad96256d5a1c7e77630f5c7514818ca592fe6aee9fbebed3328fe1a
human-domainome-v1,Q8IYH5_PF00249_653,foldseek-family-b9d7186d8578,b6ef79e0112bd5f206fe98bb27daf85e00df848d2d14c4275ab2b5d638257aa6
human-domainome-v1,Q8IZQ8_PF02037_363,foldseek-family-18dd82217f72,e7aeee71fef17599239bd74b113264ec151a682f900ea80c45b50deb422dc5ce
human-domainome-v1,Q8N157_PF00018_1053,foldseek-family-8842538ce269,5848cdedbb055d26087afad83ec84a8713860b27f2c69e7d189066d9419ced97
human-domainome-v1,Q8N3X1_PF00397_200,foldseek-family-27989bda9f98,43f6b9bdc4ac3f63d6716750d6c90892d0239c87104166dc3723964ade665d4d
human-domainome-v1,Q8N3X1_PF00397_593,foldseek-family-884cb2600e9f,54a5efb40b1412c84191396f9f15541bfe9a27b94a6a400e06a06845aad39734
human-domainome-v1,Q8N5C8_PF02845_12,foldseek-family-fc9842b67ba3,e1a71f86d9d5f5445bae1fbd20ab7b4a00610df4c7323feb924a35d6378ff8c1
human-domainome-v1,Q8N8B7_PF08711_30,foldseek-family-82e139eeaa87,198655f5a8a707116e6a8f5b3b473ef62a4be597079e25a74eef6c0c87c2fa18
human-domainome-v1,Q8NB78_PF07496_139,foldseek-family-3e766d04927b,e238b9a0b182bd83a77f6247311ca286dbd7113dcd99c0d4759056f852dbfd18
human-domainome-v1,Q8ND56_PF12701_7,foldseek-family-251b24f5856b,1e4e6164da5e139f7cbb5914514d77548ecc66a5b7be14a9904ab45886a0806a
human-domainome-v1,Q8NEA6_PF00096_414,foldseek-family-4a10d7d27713,b24965dc605bb8ba16a918f6750422c74b32573d384c2b9b28d8a4055db10221
human-domainome-v1,Q8NEA6_PF00096_473,foldseek-family-4a10d7d27713,db3690960e532d2fac0996f9e263dc2a5e4f9ba8fc2798a63b79c968668ef9e5
human-domainome-v1,Q8NFW5_PF00046_73,foldseek-family-8fdcdcc01614,673bfec43a69bcc0e1fc1262e0a93e4a6be9670708f904372e9474cbe1956887
human-domainome-v1,Q8NHM5_PF16866_656,foldseek-family-f2d59d392b38,f8ebfb70adb8b5575ab89977d5c185cad4d0b637ad8a47f8c56b797fcf159a7b
human-domainome-v1,Q8TAT5_PF00641_316,foldseek-family-6536a86514bd,1175163497021d58893e644c2b2b83e468bbf782d654c8941a4562612685424e
human-domainome-v1,Q8TDD2_PF00096_325,foldseek-family-4a10d7d27713,d4c1c7bf168410a418318f389d795de78f83bdaf61d82a8d129db23487947e6a
human-domainome-v1,Q8TDI0_PF00628_411,foldseek-family-3918385a7469,7813b8c9dce8f18ec7b806c1188368c68c0ced9edea3f631c1d35cf96d8f3b60
human-domainome-v1,Q8TEW0_PF00595_457,foldseek-family-2d3185287d98,ee1966cc54a6e7de838899c0a47b7b252618ba94b0ea223035ce7765eccc7265
human-domainome-v1,Q8WU90_PF18044_104,foldseek-family-bb6d0e6d7436,d50c6088e15e391153b877ba96ba6174d3dc598e623477dfa9360db0c583ab88
human-domainome-v1,Q8WWH4_PF07647_273,foldseek-family-4c49d3340b9a,e05d654ec011161f556ffc757be4c45e8313c26f1ab9844810086f70453d4235
human-domainome-v1,Q8WXI2_PF00536_9,foldseek-family-4c49d3340b9a,e9a65b400dcd236a3c1101a7ff803537fe2c74812cd6e71b61bae05494193382
human-domainome-v1,Q92734_PF00564_6,foldseek-family-bbe21e8056a6,107d94c01ece193710ac7263267657b31d7b5fda1563dc2e92291c1d7126adfb
human-domainome-v1,Q92796_PF00595_222,foldseek-family-2d3185287d98,f1ee61f684c4480c8c308b4d8b61c7c8b46eabfdc2811bf76d734c1c095d467c
human-domainome-v1,Q92796_PF00595_383,foldseek-family-2d3185287d98,760903348fda246ecea8cc730e5e6eb510c55ba6c7e21259879aab8769b0714b
human-domainome-v1,Q92945_PF00013_142,foldseek-family-a3e41f03edc1,23fb6697f1a0e791c6fd945c316ae4d75a8b698d3809d525adb0ddf2c7a3d1e2
human-domainome-v1,Q92997_PF00778_2,foldseek-family-134047f4bde2,6aeeb265b68d84a275a58fdf03c415efa552fccb96242706130bddc3a275c4b6
human-domainome-v1,Q969G3_PF00505_67,foldseek-family-a7e0e568ea58,6f1fdb6fcd5acf1fb19865aa78a7875d4f19ee5de03635f6a4bdf4ae9e223c2f
human-domainome-v1,Q96AE4_PF00013_184,foldseek-family-a3e41f03edc1,48727b83b6ee9785086e7d4755b9b8d8c5e5331016e3806ee9b0727e46eaf90d
human-domainome-v1,Q96AE4_PF00013_98,foldseek-family-a3e41f03edc1,1e8b6c5888a0c025d02f732836ed9a642f35d365eacd8c8969e8e35cc5783ee8
human-domainome-v1,Q96CB8_PF00628_155,foldseek-family-117715f37951,751ba54656fbc9e70e4f9c1561e0ed0ae51e31777354b8a4ca7240e8e899ad62
human-domainome-v1,Q96DX7_PF00643_174,foldseek-family-ac5efd723589,906c91dae250f397c668249574b56282c4ca417d186875fd140bbc9661cca08e
human-domainome-v1,Q96FX2_PF05207_6,foldseek-family-da592febc08e,6c867f4062c007832fb148f9a5afc902c99ab5f569110baf3120a58f8f454ee5
human-domainome-v1,Q96GE6_PF13499_123,foldseek-family-569aab579f5c,ec542406e965c045548e06996647a003fd63e5da56b664579e4e9271c133f497
human-domainome-v1,Q96GE6_PF13499_48,foldseek-family-ffaa019d52f4,0bc43edc3d7c8ddd7d46309947f39154f0eaec7ec1c0e5380e7743401eb7b3a8
human-domainome-v1,Q96GM8_PF00642_298,foldseek-family-9cc45a3ec4a0,d7e33d7c1ed83a9092e1e80fb11e2da9f2ad92cedfa865c54b7acbe5eff11763
human-domainome-v1,Q96I24_PF00013_75,foldseek-family-a3e41f03edc1,a9f32c7c55856404344d5ab4d558300f700d5f8c510504795018f269a1615e9c
human-domainome-v1,Q96J02_PF00397_428,foldseek-family-0bd04fe9d2fe,a5a3a3137e50919c8987106a8ca35abec82d892a0431fa8f1e9f23cd2bd1611d
human-domainome-v1,Q96J02_PF00397_474,foldseek-family-7f65936f9f83,3540a81b83e7573dec61c3baa2fe60433269d5304c2f228c9824dcf5a7adae14
human-domainome-v1,Q96JN0_PF05225_353,foldseek-family-9c2b8dbd3a4a,e50792157af49897a7f05a46d52eb227c64658aeebaa37021d457dfaf0bd4c80
human-domainome-v1,Q96JY6_PF00412_284,foldseek-family-fc04d2f8ea8a,0db80b70071532e961f27aef2cd253da3c4b25771fb04f89e7966a45f465178c
human-domainome-v1,Q96K80_PF00642_138,foldseek-family-86c0300a1d65,a243ab44739b29750c75de4fec2cabd7ef5f7c71df6237c2c756d63458f87f96
human-domainome-v1,Q96KC8_PF00249_494,foldseek-family-b9d7186d8578,54bd562fe5b83232fa351fdef80bf7566e59ed71900d137cf8e66449e8ccb7d3
human-domainome-v1,Q96PU5_PF00397_184,foldseek-family-220b872fd07b,3acbdc7e073558fca5122adf05058107fd57492e1af7013805bee6714f73ad47
human-domainome-v1,Q96PU5_PF00397_381,foldseek-family-962a3f0c911b,45a7de5a13481af451de9c423ba79abf2626da41e5e55aacb5f2ddb1bf6039e0
human-domainome-v1,Q96PU5_PF00397_539,foldseek-family-0bd04fe9d2fe,926e172a8eefa5779477bea19c801011bb75d4c774c18b28ec4d225329cd0a80
human-domainome-v1,Q96QS3_PF00046_330,foldseek-family-8fdcdcc01614,c9abcf3ab035b716c0047bdb734713fc2edd3c4fbac83c92a8ccded5032acb7b
human-domainome-v1,Q96QZ7_PF00397_294,foldseek-family-0bd04fe9d2fe,faed94ff816dd1be8ae0ed00cac21718725f49f38c5c8f58e290ca02b328538e
human-domainome-v1,Q96QZ7_PF00397_352,foldseek-family-4b93420ec8a4,1cdb8ce12818193a0289b85419192071d71a548d4f681fedc73cafbe3a772bcc
human-domainome-v1,Q96RT1_PF00595_1321,foldseek-family-2d3185287d98,744d2b6c56b4be80d0806e92dbbaffb253227c446ecdd2af9a73b0b38a570198
human-domainome-v1,Q96T51_PF01363_639,foldseek-family-27678edfb38e,c79deb9cbcb61f8374c69844a1cb63a95e0c80ccdd7a93d36fc674d281c1733a
human-domainome-v1,Q99501_PF02187_209,foldseek-family-3d15caed445a,a33e3cbe1eae4ff4419a2d227e2c2975f40dd74d6bbe624bed5bb98917c412d7
human-domainome-v1,Q99543_PF00249_451,foldseek-family-b9d7186d8578,6fa29951dab56964ff0ed8762c3adf07057526f08c292ced4bd4298c0ef4a1aa
human-domainome-v1,Q99615_PF00226_382,foldseek-family-1dff15767f11,edc973e78126dc86fb0d2559697faa6cfde25fca3b32d5dfcca4b03fc707043d
human-domainome-v1,Q99684_PF00096_256,foldseek-family-4a10d7d27713,c9ee50e0e6334b64030fc9cf4b365df21826986e861259e44000c14b0438590b
human-domainome-v1,Q99684_PF00096_313,foldseek-family-4a10d7d27713,03832afc1d4da494951d9a79102ffd531138bb0aeb1e7306a5335c35474fe60a
human-domainome-v1,Q9BRP0_PF00096_215,foldseek-family-4a10d7d27713,49f686c706afd383198606ab5a3f1b06974af08affd07bd4040d5d78b308e1d6
human-domainome-v1,Q9BTC8_PF00249_265,foldseek-family-b9d7186d8578,525e8ceca72765dafaba559d86142cf339ca49fa501506ff810623841e43e1e7
human-domainome-v1,Q9BUJ2_PF02037_1,foldseek-family-18dd82217f72,9e1750ab30aaa07a151cccda20fa47ca6b7004c35834fdaefff8659346e94f69
human-domainome-v1,Q9BV68_PF14369_11,foldseek-family-16b28b69c204,5874c6e85929294901f77ac7ca4692bbcc8faf39cebd0d3f862cd1f8a88f6c3b
human-domainome-v1,Q9BY11_PF14604_387,foldseek-family-8842538ce269,eeac9c53801efd635729d295ce239d3108162a1775d5003150cf9ed5e7a2ef2f
human-domainome-v1,Q9BYM8_PF01485_369,foldseek-family-335fa08b324c,7a8cdabb76238d1b8c9d0f4b934efaa0311975aea7352c810cbc533fa1c9032a
human-domainome-v1,Q9BZM3_PF00046_204,foldseek-family-8fdcdcc01614,4588c26d69aa0d7895fb82110c6678419fc5db5cdf96e89298d186233cba8b03
human-domainome-v1,Q9C030_PF00643_93,foldseek-family-ac5efd723589,192e7ab50bdd42a918f0589981cf7dfc92c6412557d7d371df0bfc1e5af167c5
human-domainome-v1,Q9C0A1_PF00046_1859,foldseek-family-8fdcdcc01614,c2116bb3cbe1eae30b63d5114e29adaea6811523602b6e813a4ee4e0427bf26e
human-domainome-v1,Q9GZV5_PF00397_116,foldseek-family-0bd04fe9d2fe,524784695c613b988461f5a4381ba2e5cccd901ae3e442b82f5b782481b97d56
human-domainome-v1,Q9H000_PF00642_37,foldseek-family-a423bed6ae96,73ad1f4af3888b9bb37082b1cf7b05a9cf212aeec48df5326a6e66274dca915d
human-domainome-v1,Q9H0A6_PF00612_189,foldseek-family-b3cc2e57a297,51091e633c6bc1094b77ef694a97df5a568366502cf8afb5428d7442424b5448
human-domainome-v1,Q9H0M0_PF00397_343,foldseek-family-0bd04fe9d2fe,af4259f05f73ff98e1af1a1676d5b5155e9027202f1fef53a869e78a4de958b9
human-domainome-v1,Q9H161_PF00046_216,foldseek-family-8fdcdcc01614,72d9a1e98e3569383df4295530364f12068e4520c16846e19f9848add6dd985e
human-domainome-v1,Q9H2P0_PF00046_770,foldseek-family-4d477f2a91d5,885316374a153e99a957e38fce6499bc183e2c78969cdae7a52ed7b22d7201de
human-domainome-v1,Q9H347_PF00627_613,foldseek-family-b17f3da2e271,0eb9569bd07bbf16023e74abfa10799ea17cbb8bc3a40edacf78c62de13efe24
human-domainome-v1,Q9H3D4_PF07647_545,foldseek-family-4c49d3340b9a,5502c48d951fcd340e8f4598d6df7f904ffbf9ad0b538eeaad0ce76a5d75f545
human-domainome-v1,Q9H3Z4_PF00226_16,foldseek-family-1dff15767f11,288d97ddafeb055d797ae21265f1f790a58aef5c806f8d55124f86d74e18998f
human-domainome-v1,Q9H4A3_PF12202_481,foldseek-family-09995877c645,1b2e2ee5f84463e4d80d5cb51aa3bc0c8bc0e22879544ce2b9d19a4687b39552
human-domainome-v1,Q9H6I2_PF00505_69,foldseek-family-a7e0e568ea58,b0b9cb26b1105663f5dc3861ccad74d881db3827c5ab355fbe994f56ba3c98d1
human-domainome-v1,Q9H7E2_PF00567_554,foldseek-family-0b8a262a4075,a0a41fe387db81388c82c6a249765aeaa698b5ea8373cb8dc6e71510ef69c3c6
human-domainome-v1,Q9H9D4_PF00096_383,foldseek-family-06a266f2f837,caeb859d9be768c442be23efc31313631a186daff1fd96c9b974eaf402026fcd
human-domainome-v1,Q9H9L4_PF13891_28,foldseek-family-05e74a722bce,88230ef2b33d431cf177629445d93fc00ecf6c7ed8c493ad5ede2507d4f711ec
human-domainome-v1,Q9HA38_PF12171_246,foldseek-family-7e60ff488fba,17226da560194a90ca9a0d1bc1f138e576fe558fd7170010503e3d0056733f60
human-domainome-v1,Q9HAU4_PF00397_150,foldseek-family-ad6eac815915,10bb0f8652ccb988d74a5dc9c3a438f83fc60cee6cd76495894aeb3c051ca7ca
human-domainome-v1,Q9HAZ2_PF00096_282,foldseek-family-4a10d7d27713,37a78fe2c071e2a92cc30553e7aaa94f37b92c4cb23dd7b282b53585514a0542
human-domainome-v1,Q9HC78_PF00096_635,foldseek-family-4a10d7d27713,154073a5c12da247ebcb27d91cad6e348e9d3b6ca2e0930a78e77580762fc5de
human-domainome-v1,Q9HC78_PF00096_663,foldseek-family-4a10d7d27713,ce5e45445a80f34237c4c216ded3a780fd8532506e05a580a36d95d85b3b326a
human-domainome-v1,Q9HC78_PF00096_716,foldseek-family-06a266f2f837,bb8a695ce93d9d8278f955997684c654e816a560c485af8c295cfed1b61e5ed6
human-domainome-v1,Q9NP66_PF00505_104,foldseek-family-a7e0e568ea58,2504a5b43b408ca3b878fdbf7eaee4d67c5f8951c659c8535fdff216d4388c07
human-domainome-v1,Q9NPB3_PF13499_155,foldseek-family-c7a672322d4c,0feb86e6fca4145b849f0990af19030b76d5c7a7d5c7ee6f0c1a8f16a3611332
human-domainome-v1,Q9NPC8_PF00046_131,foldseek-family-8fdcdcc01614,f54fc512b566aaf02bdae79bb8ac68122588255e31fb8f85f46520b295541470
human-domainome-v1,Q9NQ86_PF00643_208,foldseek-family-ac5efd723589,02e955bd85dd58779955ac0cf680cef2598fef3f20768d0fb728aad704d36d99
human-domainome-v1,Q9NQV8_PF00096_668,foldseek-family-4a10d7d27713,58d04f51442dc5493830187434aca60c73dc8412b02e53f7c015faf6a7c417bd
human-domainome-v1,Q9NQX1_PF00096_433,foldseek-family-4a10d7d27713,f47cb1b96ce24cc47d19502309d20274ed673bc17a1883493d9a55a75aa6be62
human-domainome-v1,Q9NSC2_PF00096_1030,foldseek-family-4a10d7d27713,87359f253df6518fd60fbfc5855ce6ab3b2f61c324cae671dde8b2e652f63ac2
human-domainome-v1,Q9NW38_PF11793_305,foldseek-family-742ac356e900,1a055b8db7fc7bdcad1520989446427d0c53c60b2ac98c8602eb6a019cfdb808
human-domainome-v1,Q9NWH9_PF02037_19,foldseek-family-18dd82217f72,3e61614e443afaaefbe6f6995d77f0a86444e1d86b583e9dd446b4a9a9d1681a
human-domainome-v1,Q9NYL2_PF00536_330,foldseek-family-61ed0750701c,3e1e1fd8bd1d610294ea846ee68233294f4b5c7e7b30e20a2f794e4ca93bbb77
human-domainome-v1,Q9NZM3_PF14604_1129,foldseek-family-8842538ce269,f87299a7be1961897c2b99ac3df77c4f61754998819a1574c4e0acf6348806cf
human-domainome-v1,Q9P0J7_PF05605_76,foldseek-family-f3e62e884bd8,5097d8c8cd06ad2b00eaee9ca5a59dfaf55d69b4cf94e431ef1910a7a083e58f
human-domainome-v1,Q9P2F5_PF10264_64,foldseek-family-ef729c29677c,48c6139c891ec477a64faa7eca3a66841e1a53fd660331f4de5c4567507d0ca8
human-domainome-v1,Q9P2K3_PF00249_87,foldseek-family-b9d7186d8578,dfe48ce7a914d146131c686294d23037f9ec5453f484bf85571fe9d0f9d6ddae
human-domainome-v1,Q9P2P5_PF00397_800,foldseek-family-0bd04fe9d2fe,edf4ef4e9f636b066fdc7363450a265e6f7d89c82dfa0f9d1eb6dc7a6e0701e5
human-domainome-v1,Q9UBF6_PF12678_48,foldseek-family-d838afd1d8a5,51fe97f2e11901c06371a6caa1399660d5c900f82e4f98f4e445f5f4a0d2e546
human-domainome-v1,Q9UBS4_PF00226_25,foldseek-family-1dff15767f11,1f5d424cb7159c0c9e9af77ad60e99dddbbdeba451cdc68f617f272d16586712
human-domainome-v1,Q9UBX0_PF00046_110,foldseek-family-8fdcdcc01614,6c664847aa999d824cdb547745c1bf72c9ade59af4264913d9ee163732691588
human-domainome-v1,Q9UDY2_PF00595_26,foldseek-family-2d3185287d98,ea3621e6bb42fe29d8f8b06b2f45a58e17b41016fc956304bfbb36f360761901
human-domainome-v1,Q9UDY2_PF00595_509,foldseek-family-2d3185287d98,06264d32c48b57beda58da8ea1777447f7528ac7178d5b186bdbfd3db2a679b9
human-domainome-v1,Q9UHC7_PF00642_89,foldseek-family-a423bed6ae96,63b4ba1335dae0aad14ceb83420ad32b7d5728293b9e8147dfcfa61ccd414f38
human-domainome-v1,Q9UHD4_PF02017_36,foldseek-family-a92c9702f831,2ed4e7f5e67011384df8eece862a020385488e74ed45b4d86dcc18d34d67be58
human-domainome-v1,Q9UIF8_PF00628_1927,foldseek-family-3918385a7469,fcb0a5b2e70e5f2b181aba8ceee5df5843a68ee5c1ed3a4c3fad5f0c5f9d73bc
human-domainome-v1,Q9UJ78_PF06467_334,foldseek-family-aed4658f5dde,c1dda5585af1b32bcd4e7d68ce3577143e4437cd8fa49a557dec58977aa573b0
human-domainome-v1,Q9UJQ4_PF00096_383,foldseek-family-4a10d7d27713,cd105587d3615344638c40d0fd38d988748229a7e46cabd4e2874cf7c75b706b
human-domainome-v1,Q9UJQ4_PF00096_899,foldseek-family-4a10d7d27713,bb0c43e0d99a8435b5f51c3284ccb6bee2ea9dcd1c9804484e6c776f8066623f
human-domainome-v1,Q9UJV3_PF00643_191,foldseek-family-ac5efd723589,0b2c5ada4281a22f8a6af6e51286fe2c47dd4df6b3cf48d34e1db5f5fd4dc045
human-domainome-v1,Q9UKI9_PF00157_186,foldseek-family-668cb0514ee7,b335db38e122103c3b43fb12169ae1574b562677df50ee93280d5c7ff55b1fb9
human-domainome-v1,Q9UKL0_PF00249_383,foldseek-family-b9d7186d8578,11de3ff69be014d82ee0594384968d363de19d3377b99a0811d008467f285416
human-domainome-v1,Q9UKS6_PF14604_365,foldseek-family-8842538ce269,e70556dc05347c0cfbca2743b976bd4c0dab6a7f43cb95d3c21a90459b14ff28
human-domainome-v1,Q9UKW6_PF02198_47,foldseek-family-c20c80a98266,7bb2d22bd8b7823c64ea05a889588dac66999da891e07b16c0cc460784899ced
human-domainome-v1,Q9UKY1_PF18387_100,foldseek-family-abaa027a761a,7673f97f0e7b420e7a6722b8264a15183188ed598e28ba8e94422c229c8f3123
human-domainome-v1,Q9ULJ8_PF07647_987,foldseek-family-4c49d3340b9a,6f3086ae82b5dc02cc57e86d3778634f91dc5fa2c65a0cadd2c591be41ac4efd
human-domainome-v1,Q9ULL8_PF00595_7,foldseek-family-2d3185287d98,dd79132396474d6abb6b936d38a45c2d828876328e634dc88df51c0d1f15b521
human-domainome-v1,Q9UNF0_PF00018_428,foldseek-family-8842538ce269,8afaaca5d5bfa617610c102c1873f7987002cbe70c513009f61d36c3bf1c77d3
human-domainome-v1,Q9UPQ7_PF00595_244,foldseek-family-2d3185287d98,f0f4651d0e4e0f99817bf57a7ccbc6b14acdcf27c771f962363d9296b0741924
human-domainome-v1,Q9UPQ7_PF00595_414,foldseek-family-2d3185287d98,cd0ad14084b7964d5db866fae2cc741c6dea6d502764d746c42b536728c90ea3
human-domainome-v1,Q9UPW6_PF02376_358,foldseek-family-05163d54f556,437da913575a7ca218f34432c034e21f52ff13e96c2c1d9f8c20c262eb307183
human-domainome-v1,Q9UPW6_PF02376_482,foldseek-family-05163d54f556,cf9e86c7ad0d8d69a81f1a045405690f544e06c4c068a1d8aa8c32cde84f1bf8
human-domainome-v1,Q9UQR1_PF00096_172,foldseek-family-4a10d7d27713,189cb0b65187eaeaa0c2655eaabb4b94b6048e7d598ba1d1e09a3fd2f233d841
human-domainome-v1,Q9Y222_PF00249_226,foldseek-family-b9d7186d8578,77968bf84d817c33feb2c37a6aec1a7a31843ceffc88f8f2bc8b7ac3db00fd16
human-domainome-v1,Q9Y2G7_PF00096_411,foldseek-family-4a10d7d27713,4e5690f5ed4cf71eed5212362d195df6b2d1fb2eb596652bff8deec9526d4dd6
human-domainome-v1,Q9Y2T7_PF00313_86,foldseek-family-685589e3eb06,f6443a793973c3aee6ffb429a3a08bb7400381e2ba401b2d1cfaa5986907700a
human-domainome-v1,Q9Y3R0_PF00595_666,foldseek-family-2d3185287d98,676b20d595afe698ba21c8f8e046686aca2d59d62747b50ca652b6f565096bd4
human-domainome-v1,Q9Y462_PF00096_506,foldseek-family-4a10d7d27713,a94ae77b419088f1957f908b0635d6846b07fea195a147c76484c0ca0414741b
human-domainome-v1,Q9Y4I5_PF03638_368,foldseek-family-24ba0e88d04b,411716e0af14ac93c18c6ea43de0ba2468df38980f870e3b607722b36316f54b
human-domainome-v1,Q9Y4J8_PF00569_235,foldseek-family-0ee6e166b89a,1022816e0597787845978096cace79ed8deaff0785b2825c29c6c35262108679
human-domainome-v1,Q9Y5K6_PF00018_271,foldseek-family-8842538ce269,9aa155aa7d0dfc6d5a09f90dd8cc91147db1d9718050d18d3da900ddcd9594dd
human-domainome-v1,Q9Y5K6_PF14604_1,foldseek-family-8842538ce269,c7f278a9ed955407ec154325eda0ba4dea21e356d79feca87f34124864c9e17e
human-domainome-v1,Q9Y5K6_PF14604_109,foldseek-family-8842538ce269,5ec9ca4dc7575f929f354a5cb3fdfaf7a792e0ae3d47f39d5bb4a4d43e63e45e
human-domainome-v1,Q9Y618_PF00249_613,foldseek-family-b9d7186d8578,9dc9b240f7c9959266556a396ca04dec4a52b9ade99f6d505daf48d584892799
human-domainome-v1,Q9Y6N9_PF00595_207,foldseek-family-2d3185287d98,3c6c9f168f57e511d4f71a228fe8584b967392ec25c8351e22ddf07d6ae53f82
mavedb-complement-v1,mavedb-287332153da38b59,foldseek-family-9f9b02bab1d5,120729afad343eb8a1f8aff1ac859928dcf3d778e715e911ecafa1d6db34510a
mavedb-complement-v1,mavedb-32f5d032de97ea22,foldseek-family-3955e95caeff,65f267ef5bcebb1b351e74c0482599fdce99d9c205cc3eac4a381c299efb7002
mavedb-complement-v1,mavedb-93100c3b9be6e587,foldseek-family-6b40d25ca661,01285e1044e5db66aa52f138e6021c742d376f418cc0402fcf3890408eb33ed0
mavedb-complement-v1,mavedb-aebeb991234cd8a3,foldseek-family-a2c6484fc2cb,e3b434279a99177da63fd9a99cc8ab507c4893343f0a4b5e057d5322ba36f7d1
mavedb-complement-v1,mavedb-c6dd0092b775896c,foldseek-family-918922dc1d8c,a17a65a122e8ab5d5e322a36f067f45c0211957edbfdb0495142adb46841f736
mavedb-complement-v1,mavedb-e3ca60f18e3b6e98,foldseek-family-68636f15fb21,c2d7648c1e84c331ac64e21dc47ba70ceeca326b7a751a4563ab212e119b02cc
venusmuthub-v1,venus-00073064a60d4804,foldseek-family-53fcc698fd9a,361daa3a67c0e4ff69bf8b0e839df1e315cca7040013d86f0a5b40371b0b5220
venusmuthub-v1,venus-06f736fe976e45ee,foldseek-family-5eece979601f,4312619ad204d9c17151d0233eade086eb5d4dc1a6ef1279113edccafb20d96e
venusmuthub-v1,venus-07739b7c44051d98,foldseek-family-d62ec15e4115,110479fe4121210513e1f055eb61f0223a3a8a8269a540512302f14757852b31
venusmuthub-v1,venus-0ed16c1325aea2c9,foldseek-family-e61ef9226162,39c862beb0ff58b5bcca6cc47a0337ce13d10817120c0b38a5dd6f8317697a89
venusmuthub-v1,venus-12c59fe9dab495ee,foldseek-family-b30547c80e1d,1a0389a8ad69ad0cf9fbf9b8ca19f087461c2c2028dbd5fa5547ee42601ede58
venusmuthub-v1,venus-1972eefa4a6ef629,foldseek-family-911f2fe179ed,391e5b8993551767346b133ebf23748726f7d6b7542f00c7d7d60f0ccd3e97da
venusmuthub-v1,venus-1a8ae9058bbabf14,foldseek-family-9d9b8050834a,a0514425b1ecbea255126a659a493bb9c6be2179c7fcea19f75f4a9e75be9a35
venusmuthub-v1,venus-1b3d6bf42e0e7f84,foldseek-family-472348ee8acd,045d6ecc2ba1079c09e512200d404e0e40ccd5a1f90bf6a849f2a1fa2af736d7
venusmuthub-v1,venus-1e4cf4ecbd674386,foldseek-family-e7cd342a1ebf,c4513f4b9ba12eee0cb5a14072067a0e4031ae27bf48f7ead7ea6dccf1acf6af
venusmuthub-v1,venus-220a25f64746e26e,foldseek-family-55b4f623f0f1,a9de6e0d7152a741be1327d30f6ac692b8ffd49d54733217f39e9f9815f6782c
venusmuthub-v1,venus-221bc429762aec74,foldseek-family-4d44931d4a0f,4b85e5fb77f5cde29e2d889d493fbab1f662f299c3621453055ba9a3de196afe
venusmuthub-v1,venus-23d9ea0d22f6126b,foldseek-family-962c9f7ada9d,5e3b1bdcebada68ed64462db1e031bd45a6294ae25fdefb25b95c80056bf47d1
venusmuthub-v1,venus-24f4e5b8d325ad4b,foldseek-family-a19b7c46715a,debd5bd4d1f210f38aaa72b9df8900c273b800c7634e9276422571f479e42f52
venusmuthub-v1,venus-26da37179e20d7ed,foldseek-family-8d717e3ac15d,1415df0938796a98d375b29404e7f97f295d0cdc84cbae1c087491cbf13d33d3
venusmuthub-v1,venus-2b9577dc9c561b21,foldseek-family-a5ada8ad12a6,6934b2891920ed7c35f1e5e33509404a24044434b06a575ae9cf168e9ed0cb62
venusmuthub-v1,venus-2ebb2bc9d643c1fb,foldseek-family-67bce2ff5dbe,a9cdc661c35092a84bd324f9fe6f7be5eee6931d746ffb8d8c14e9e1125f5d21
venusmuthub-v1,venus-320f26d1be8a0cb0,foldseek-family-1d1e1af96d11,be15813e26eed37b4ebb08cb9c865343a13617f9f45e205d1a27bab0e61c1cca
venusmuthub-v1,venus-396cc9af2c1e8c61,foldseek-family-a995f7e9a325,869325b722a619c41bb757cdc2995b6778fca414188af6472ede8c62ebea95d1
venusmuthub-v1,venus-39a9db03eeb2ed00,foldseek-family-1d49acbca15e,7e5d2083d01a47bebecf90f19fb8e26c68aa868434459c66e2515d08dfd8873d
venusmuthub-v1,venus-409980eb48704393,foldseek-family-7f25ee4d25f8,f932909ec11f9d337880cafb6d0a429bc2ea9a923aacc263af0e35811f27c3f2
venusmuthub-v1,venus-422f5a848c7a8657,foldseek-family-70097e10d425,b78b48a3a09540acfc56f9ce3d4491bd2855d143c943c29a1814c8ac15603f92
venusmuthub-v1,venus-454b0fb8de143bcd,foldseek-family-d1d5166a5b80,17cd2eed05426fd6bded69436d7fdf25bd7db821995a932f7624a8559a67c1d7
venusmuthub-v1,venus-4701fdeb4ac57086,foldseek-family-4b63fc638355,6105aaff86270f9ef22cd13fccd71ca5957cc18ddb7bd31fe41e7c60c86eed41
venusmuthub-v1,venus-4bcbc7d4640f3c6b,foldseek-family-c3c0647cef0e,594a5879e038d635092e8274b61e2681e1aa6838d24b75271fdc172cbcc25e28
venusmuthub-v1,venus-4d282f160e018c4f,foldseek-family-be4a5698f5bb,3bdee8e66eb4eeb78211c65477ce35cb1c2708ddffc89bfdd4e5c8840b77e742
venusmuthub-v1,venus-50eca14579e1a453,foldseek-family-4b59915fc962,c30b525fd7a01de171522e6494e2009d412eab9c4a97fa1bc409e60a6faa11fa
venusmuthub-v1,venus-581332e2a42b24c1,foldseek-family-dd354368cd71,576950a2b302d61a8a375a9586eaa4ed29056eea8d1a3ea7e23a6168f76c053e
venusmuthub-v1,venus-63545238edf5954f,foldseek-family-e23a6b611fcc,84ec4b4dba0160f86a8db8a63fb3037908c3ca5364fbd384da95994f135dfe28
venusmuthub-v1,venus-6468ef80b473ecc5,foldseek-family-be4a5698f5bb,50d23ba8388a1ef9fdf38852c76327ecac061a2474e8a3a40c8334081d30e5c7
venusmuthub-v1,venus-64be3ba2a292eb0f,foldseek-family-1cac1c038b67,8a46eb43ec641a70b54654875ff1e3cd6977a4f1fdc36a9f912b39503b6411fa
venusmuthub-v1,venus-69d5ae4457f6205e,foldseek-family-5333d30afbfb,92c21fc07284c9aa032eb7219b459709ee42298652b383a9043b60ba59cb5640
venusmuthub-v1,venus-6df418116e5febc9,foldseek-family-91c753039762,8dd35c5f1cbcd548a5d79b40c2fad6a514e89e40f90dc65c43258c318061a18f
venusmuthub-v1,venus-71acb42055dde189,foldseek-family-b83c0d4515c5,40bb1edeaf22ce0866b908eb2dfb3da13a3375a2d027e485504e652b35795f70
venusmuthub-v1,venus-71ec9b1cef7a8594,foldseek-family-a5587d3dd4df,916a68938e9537b3bde777321d14b62979cf4216093eae7bd675570673de61da
venusmuthub-v1,venus-751367a60fd75330,foldseek-family-64f7968ae4b8,721c2e1ce3d80cf131235f8c673f282c8189ee93aff0c1cfd73f7595a8cf572b
venusmuthub-v1,venus-7bf6ce2de8172342,foldseek-family-b72e2f0a8853,191b0b3afffc13867e4ce34a97e237307ab6256444bd1af4cbe81ce9df9b6e52
venusmuthub-v1,venus-7f1786770ae32614,foldseek-family-cd60a298b3ec,0fb9b29e82b70ea4a4b400b7a00bee0b3e29cc6d9afb93827d35786353628cf3
venusmuthub-v1,venus-8372a9e4bb1e26bb,foldseek-family-c8c9221f431e,cd653bae107d3cc23f136d3777190a2dbece3f2b51cc5575692d759f9d3691f2
venusmuthub-v1,venus-83a26c7e9a3b44b0,foldseek-family-58ce0f9a0206,0e78390a8122faacd2f60bf50775dc47cc6c27d07809374203b7844e8bfc593c
venusmuthub-v1,venus-85368d807d9e50cd,foldseek-family-77439283ec4c,6a59ece603ed3aa9ca0554306193c21d82bcf2199abf8380455e4dd9754c890e
venusmuthub-v1,venus-8c837ded111ff685,foldseek-family-712de387160b,960b824f8ceb2698147b4345ead89d679975e543f7921191d468e028fb1fece6
venusmuthub-v1,venus-9357562029b4557a,foldseek-family-fef1b1ef408f,7c970ccf1af31e940f725767dbeaab2332eeec99111c094f014c9d90d748b73b
venusmuthub-v1,venus-a60540654b3cbbf9,foldseek-family-9cd5676bfcd7,d68f9d7975722f72ddff66770a4272f8499a1d51fa43f37000f2661a4d2e18ee
venusmuthub-v1,venus-aae92adf06e389cd,foldseek-family-6df6dfd5fbfc,c0020ae13289cf2b08e34d23bab5bcb39257344ea481b0c61960257269862c40
venusmuthub-v1,venus-ad4f94972c4850d0,foldseek-family-fac529e5f372,f5a726bb4578280470075368300162a62e725c8630efecdfe47f4ac7391768c0
venusmuthub-v1,venus-b09ae7265d5add56,foldseek-family-ec519998f419,a3619cab28cd2f945cb57a3acce179a0a9f23194187022dfbcde65c28d019d17
venusmuthub-v1,venus-b14a3532d287755b,foldseek-family-49700ebb92f0,5fc0244718ec3698868325bcdcb703ac63df4e75e6d1df3a79d3e9663834770c
venusmuthub-v1,venus-b1ee988208ad234a,foldseek-family-44c54c8b5b4e,c6794ac07029b9f52266d86d7e8f7aa32d9f4f18b5704baf86f355c4d8c29e46
venusmuthub-v1,venus-b2c012e22fa464aa,foldseek-family-0857517c095d,626a35f3860940d8fed1c04c750ec2df29bccfb75da197d7a1e27cbe68415552
venusmuthub-v1,venus-b41bf48f310c59c1,foldseek-family-9e3881e297db,8d1b6ad1c7425683f87a32b3a65914cd6af45171d9578b4329b0f8679c42b7fa
venusmuthub-v1,venus-b967cccca11973b6,foldseek-family-d0bbf0c3fade,fa4e2de80e82ad3dfa925968d489f993adc391da85b99dbe14b4a31f23316b49
venusmuthub-v1,venus-ba70e13e9f086bea,foldseek-family-06380d76225c,c6c73599a42ce0d65217c0a90f76abc1b6bf9a8aa6be37bdd8bd13062e30f51b
venusmuthub-v1,venus-ba768a97843a2ef2,foldseek-family-c49f8c2e31bb,9a5b3f59803d26bde1a96f5a15fcbda5e223db99ff5af58ac17c53351bfb428d
venusmuthub-v1,venus-bce692cd15f4091a,foldseek-family-85a7a66468b3,45cdade1b3cdc01f2396d4dbf328eff0c7a169d08f5640652dccebf4cb5877e5
venusmuthub-v1,venus-befc2489e9745489,foldseek-family-203f82f84d71,22d8b90adfc0b6627d63de28313c8f90fb220c90c78e6d5094853f7b711e0897
venusmuthub-v1,venus-bff43a6e4a79b5f8,foldseek-family-77c0cfc96728,dd872ed7cea54a9a367d91204a30b462eb3ac11f9abf9c8ee0c1af7bfeee1ed1
venusmuthub-v1,venus-c0ca168b53919943,foldseek-family-baa8b5a4bba0,86d264cc8cb8762b65f86f344746872c1a7e3ddaccff26265bf95e2c330acc4d
venusmuthub-v1,venus-c3600923ab93ac4e,foldseek-family-d0bbf0c3fade,fb9f41f122337726a77087f7f28d1d4d5d113bdf418a1de80add34e8ded337ee
venusmuthub-v1,venus-c71bd410457488cf,foldseek-family-5c79a10dab82,e3e875f287171a9592ac1840c12138ec4cba9ca7ad246fe28bca4603a66ab027
venusmuthub-v1,venus-c7eb0ffd0c784af8,foldseek-family-466e6b7a4cdc,4a3a54c1295cb98293568769c2e2090a487e78e98719018c492877a15859d2e6
venusmuthub-v1,venus-cbc03f40f9753339,foldseek-family-db51fe66d8cd,0880201c08c1cfbe69f283ea069a59642fe5281793d16f7bdbe0b12f76f2785a
venusmuthub-v1,venus-cf2e570131b80556,foldseek-family-855cff8dac2a,a20c53c16eb1ae4f7da4d98610023c6ae1fc666e4a2c873cfc39bab31c1a9245
venusmuthub-v1,venus-d0585182abfe2660,foldseek-family-8e77b8b458f8,878bc1f7a4621227398418a165598bceef9affb293316e9c4b22f73a43598d19
venusmuthub-v1,venus-d5b579600238875d,foldseek-family-b641b276b02d,394d8165100f71d038bdd5aecc7271bb5e1c4b834a58bfc42054e4ecff881c02
venusmuthub-v1,venus-d7597d795a65b040,foldseek-family-429fa8fca35a,e64aa1607f347d510adc73bc99f44fb974724aa4b07293ffb8cbdee1d2014e28
venusmuthub-v1,venus-d98b2269ed529294,foldseek-family-cbe6b8abc23c,bf383f9d8c48cbdbddb57c42b7c3728ede02d8f253d231273df48cfbf031667e
venusmuthub-v1,venus-db6f99c2f0c1c621,foldseek-family-a28a7a1c890d,af5f3e5f798737fff0fe65361c4b417065c0f6a3a400c09f45a8723509c77476
venusmuthub-v1,venus-db874159a334ddcf,foldseek-family-7e1892c3ff8e,643184e4400cf0989e2c07078c599fc97a7f71033dc02e75bc2c68ccaf89158e
venusmuthub-v1,venus-de4763156d0659c0,foldseek-family-3ffa6f544159,a465db40c2a58fa13778af3cf23b7ed32872342db1eaaa1c70141f355fba1aac
venusmuthub-v1,venus-e106cf9431361c23,foldseek-family-e0c4ed503980,245c3103a9881da6a55572e4f8cb467549048862fb2aeac76f298576f39d4aaa
venusmuthub-v1,venus-e2c390013035df74,foldseek-family-cde8ba45ef17,c2cb71b4fe7122d9409b36593c09d1a6ab10b79ccaf8758c55e113820fb08a11
venusmuthub-v1,venus-e534b07a29d6ecf2,foldseek-family-fc30977cd90a,352c9cb4be648b4686282eece0a9a17eb724bc8824a4bebafabc8a7acda40aa4
venusmuthub-v1,venus-e67b2509cf424b88,foldseek-family-d0bbf0c3fade,ccb2f32fca8535829ceaab0b0d8f803ef9230121f323d20d739177c25ffaecd1
venusmuthub-v1,venus-e882ec45e80e2ece,foldseek-family-a1e70c29ffa8,b5261fcf51e3334400b79cfe9aa009e55f494dff82c3749171d85e98751ca16d
venusmuthub-v1,venus-ee4abb868ebd5357,foldseek-family-8f56553c1c88,d44ac8fa29ed72acdcf153e556bf42f1bba6174ade0d1a71014033bcd337d3c9
venusmuthub-v1,venus-f215fc047b4ec592,foldseek-family-36577fd3106e,185a2b17810b28ccec57239c4ea1ea93f0f0a5efa592e100e9515dd31987ad72
venusmuthub-v1,venus-f2eeeee6f8bc57e6,foldseek-family-3a71b20aca75,c5e466a7f40fa33ac5b1f8e62c1ed2ac7fabd38293a99acf7dff58cac4787aea
venusmuthub-v1,venus-f4124bbcd051f818,foldseek-family-9cd5676bfcd7,4d7795072d63f4520e6dfbef8246d3c2cf4157871cd9bccf04d425fb07d671d2
venusmuthub-v1,venus-f68755df0ab4af4d,foldseek-family-9bb15e3e4c51,41334f0a04ce8564d91c837875202e8fce53feb5d37790a1b4d4e8c87a316b81
venusmuthub-v1,venus-f6ad6a376a4ccae7,foldseek-family-318eeb527c03,0c43d0ab7f024124992aa032ede7b0872f19a4b2ab4f40a301b317fb623430cd
venusmuthub-v1,venus-fb1d8ed35888b3e5,foldseek-family-a995f7e9a325,fdbe506b14ca40826b434d713e1bf15563c20721b2f5a419ab1463d383e525d7
venusmuthub-v1,venus-fb40294d4c662251,foldseek-family-ef5c825a1760,ebc8554129385ba64e8d9afeb27e7f9fb64e8c6e15bbc75f20c8fa5f8ce712e3
venusmuthub-v1,venus-fdef8e3435880467,foldseek-family-2aff3b49294a,570f600d8f6400ba1583c5f35e641304aa0734d45f18aeb711df2716b842c746
