protein_id,assay_id,phenotype,pair_side,variants,eligible_predictors,pcs_80pct,pcs_90pct,pcs_95pct,effective_rank,policy,spearman,selection_gain_sd,top_recall
CP2C9_HUMAN,CP2C9_HUMAN_Amorosi_2021_abundance,abundance,a,6370,95,4,14,31,4.8303202186125676,crossfit_best_single,0.6711766955584273,0.9493904637539596,0.3092621664050236
CP2C9_HUMAN,CP2C9_HUMAN_Amorosi_2021_abundance,abundance,a,6370,95,4,14,31,4.8303202186125676,crossfit_linear_span,0.726124685187128,0.9932303205031318,0.3076923076923077
CP2C9_HUMAN,CP2C9_HUMAN_Amorosi_2021_abundance,abundance,a,6370,95,4,14,31,4.8303202186125676,uniform_panel,0.6784351608310764,0.9973921701224686,0.32339089481946626
CP2C9_HUMAN,CP2C9_HUMAN_Amorosi_2021_activity,activity/binding,b,6142,95,4,15,32,4.967472779388632,crossfit_best_single,0.6897735291852384,1.0606135193230943,0.3853658536585366
CP2C9_HUMAN,CP2C9_HUMAN_Amorosi_2021_activity,activity/binding,b,6142,95,4,15,32,4.967472779388632,crossfit_linear_span,0.779996321688194,1.1895604766312344,0.40487804878048783
CP2C9_HUMAN,CP2C9_HUMAN_Amorosi_2021_activity,activity/binding,b,6142,95,4,15,32,4.967472779388632,uniform_panel,0.7205829259410718,1.150591591242464,0.4016260162601626
HXK4_HUMAN,HXK4_HUMAN_Gersing_2022_activity,activity,b,8570,95,5,16,32,5.6458591880464395,crossfit_best_single,0.5220717702977185,0.663682356423327,0.13418903150525088
HXK4_HUMAN,HXK4_HUMAN_Gersing_2022_activity,activity,b,8570,95,5,16,32,5.6458591880464395,crossfit_linear_span,0.5811894184880485,0.7205409609755543,0.1855309218203034
HXK4_HUMAN,HXK4_HUMAN_Gersing_2022_activity,activity,b,8570,95,5,16,32,5.6458591880464395,uniform_panel,0.5351118943541906,0.6597105081534448,0.14469078179696615
HXK4_HUMAN,HXK4_HUMAN_Gersing_2023_abundance,abundance,a,8396,95,5,16,32,5.516728369632479,crossfit_best_single,0.417961301030557,0.5480593641808488,0.16666666666666666
HXK4_HUMAN,HXK4_HUMAN_Gersing_2023_abundance,abundance,a,8396,95,5,16,32,5.516728369632479,crossfit_linear_span,0.49132308322561496,0.6066308676505143,0.17857142857142858
HXK4_HUMAN,HXK4_HUMAN_Gersing_2023_abundance,abundance,a,8396,95,5,16,32,5.516728369632479,uniform_panel,0.3998823964074873,0.5633281236201468,0.18095238095238095
KCNE1_HUMAN,KCNE1_HUMAN_Muhammad_2023_expression,surface expression,a,2339,95,7,20,35,8.75571442511,crossfit_best_single,0.26652763209674213,0.18055765651255892,0.09829059829059829
KCNE1_HUMAN,KCNE1_HUMAN_Muhammad_2023_expression,surface expression,a,2339,95,7,20,35,8.75571442511,crossfit_linear_span,0.3707321465765245,0.5528312403043492,0.16666666666666666
KCNE1_HUMAN,KCNE1_HUMAN_Muhammad_2023_expression,surface expression,a,2339,95,7,20,35,8.75571442511,uniform_panel,0.16289177447642939,0.2009627982889358,0.05555555555555555
KCNE1_HUMAN,KCNE1_HUMAN_Muhammad_2023_function,channel function,b,2315,95,7,20,35,8.717771944121763,crossfit_best_single,0.6078117132341219,0.6828037229039489,0.22844827586206898
KCNE1_HUMAN,KCNE1_HUMAN_Muhammad_2023_function,channel function,b,2315,95,7,20,35,8.717771944121763,crossfit_linear_span,0.6781151482203079,0.7670069157334648,0.23275862068965517
KCNE1_HUMAN,KCNE1_HUMAN_Muhammad_2023_function,channel function,b,2315,95,7,20,35,8.717771944121763,uniform_panel,0.5899923409634584,0.8292095654192443,0.24568965517241378
KCNJ2_MOUSE,KCNJ2_MOUSE_Coyote-Maestas_2022_function,ion conduction,b,6963,95,5,15,30,5.773748142278214,crossfit_best_single,0.3796890251505076,0.4869945433244984,0.1678622668579627
KCNJ2_MOUSE,KCNJ2_MOUSE_Coyote-Maestas_2022_function,ion conduction,b,6963,95,5,15,30,5.773748142278214,crossfit_linear_span,0.41431440057160573,0.4815748482323619,0.13629842180774748
KCNJ2_MOUSE,KCNJ2_MOUSE_Coyote-Maestas_2022_function,ion conduction,b,6963,95,5,15,30,5.773748142278214,uniform_panel,0.3757568670710285,0.4796715666620761,0.15351506456241032
KCNJ2_MOUSE,KCNJ2_MOUSE_Coyote-Maestas_2022_surface,surface trafficking,a,6917,95,5,15,30,5.794332716182314,crossfit_best_single,0.37137309164550525,0.3697988530544228,0.1329479768786127
KCNJ2_MOUSE,KCNJ2_MOUSE_Coyote-Maestas_2022_surface,surface trafficking,a,6917,95,5,15,30,5.794332716182314,crossfit_linear_span,0.45387017181250855,0.4699188453226299,0.17196531791907516
KCNJ2_MOUSE,KCNJ2_MOUSE_Coyote-Maestas_2022_surface,surface trafficking,a,6917,95,5,15,30,5.794332716182314,uniform_panel,0.3674323039020417,0.4046623101935154,0.11416184971098266
OXDA_RHOTO,OXDA_RHOTO_Vanella_2023_activity,activity,b,6396,95,6,20,38,6.7513022677445855,crossfit_best_single,0.4659106102112141,0.797379597781006,0.23125
OXDA_RHOTO,OXDA_RHOTO_Vanella_2023_activity,activity,b,6396,95,6,20,38,6.7513022677445855,crossfit_linear_span,0.5089253607063647,0.897502361932573,0.2859375
OXDA_RHOTO,OXDA_RHOTO_Vanella_2023_activity,activity,b,6396,95,6,20,38,6.7513022677445855,uniform_panel,0.38447973249359974,0.6753595143791151,0.2125
OXDA_RHOTO,OXDA_RHOTO_Vanella_2023_expression,surface expression,a,6769,95,6,20,37,6.607740900674905,crossfit_best_single,0.4361262362303857,0.46880895838720377,0.172821270310192
OXDA_RHOTO,OXDA_RHOTO_Vanella_2023_expression,surface expression,a,6769,95,6,20,37,6.607740900674905,crossfit_linear_span,0.5030529011203221,0.596076877015843,0.18906942392909898
OXDA_RHOTO,OXDA_RHOTO_Vanella_2023_expression,surface expression,a,6769,95,6,20,37,6.607740900674905,uniform_panel,0.3568459392699492,0.535932635310406,0.155096011816839
PTEN_HUMAN,PTEN_HUMAN_Matreyek_2021,abundance,a,5083,95,7,19,35,7.796732834657341,crossfit_best_single,0.4818830156764482,0.4919298006213972,0.1650294695481336
PTEN_HUMAN,PTEN_HUMAN_Matreyek_2021,abundance,a,5083,95,7,19,35,7.796732834657341,crossfit_linear_span,0.6132381410055938,0.7378635711767021,0.21611001964636542
PTEN_HUMAN,PTEN_HUMAN_Matreyek_2021,abundance,a,5083,95,7,19,35,7.796732834657341,uniform_panel,0.5199941724850322,0.6735869861305043,0.1905697445972495
PTEN_HUMAN,PTEN_HUMAN_Mighell_2018,activity,b,7260,95,6,18,35,7.496574499699772,crossfit_best_single,0.5535137839647963,0.5299938952907011,0.16391184573002754
PTEN_HUMAN,PTEN_HUMAN_Mighell_2018,activity,b,7260,95,6,18,35,7.496574499699772,crossfit_linear_span,0.5914337436829331,0.5813557633869298,0.19146005509641872
PTEN_HUMAN,PTEN_HUMAN_Mighell_2018,activity,b,7260,95,6,18,35,7.496574499699772,uniform_panel,0.5551885350554294,0.5230101691983581,0.16942148760330578
Q53Z42_HUMAN,Q53Z42_HUMAN_McShan_2019_binding-TAPBPR,binding,b,3344,95,7,18,34,7.419734370932848,crossfit_best_single,0.4158967483438342,0.5513583992388479,0.1761194029850746
Q53Z42_HUMAN,Q53Z42_HUMAN_McShan_2019_binding-TAPBPR,binding,b,3344,95,7,18,34,7.419734370932848,crossfit_linear_span,0.5387228483783708,0.7898002426817263,0.2507462686567164
Q53Z42_HUMAN,Q53Z42_HUMAN_McShan_2019_binding-TAPBPR,binding,b,3344,95,7,18,34,7.419734370932848,uniform_panel,0.40234627512018606,0.5723148485669038,0.1761194029850746
Q53Z42_HUMAN,Q53Z42_HUMAN_McShan_2019_expression,surface expression,a,3344,95,7,18,34,7.436329391975777,crossfit_best_single,0.635875329820551,0.9241225911301328,0.3880597014925373
Q53Z42_HUMAN,Q53Z42_HUMAN_McShan_2019_expression,surface expression,a,3344,95,7,18,34,7.436329391975777,crossfit_linear_span,0.6926775516160016,1.0871464777046738,0.34626865671641793
Q53Z42_HUMAN,Q53Z42_HUMAN_McShan_2019_expression,surface expression,a,3344,95,7,18,34,7.436329391975777,uniform_panel,0.6285801138396931,0.9978411951380189,0.33134328358208953
RASK_HUMAN,RASK_HUMAN_Weng_2022_abundance,abundance,a,3066,95,4,14,29,5.066744345434343,crossfit_best_single,0.31265147991129033,0.3650886731349372,0.18241042345276873
RASK_HUMAN,RASK_HUMAN_Weng_2022_abundance,abundance,a,3066,95,4,14,29,5.066744345434343,crossfit_linear_span,0.5223771610049356,0.7394865986369743,0.25732899022801303
RASK_HUMAN,RASK_HUMAN_Weng_2022_abundance,abundance,a,3066,95,4,14,29,5.066744345434343,uniform_panel,0.2182690034412499,0.26317085309062593,0.12052117263843648
RASK_HUMAN,RASK_HUMAN_Weng_2022_binding-DARPin_K55,binding,b,3084,95,4,14,29,5.035331077918189,crossfit_best_single,0.6116010354608831,0.785811250220756,0.2168284789644013
RASK_HUMAN,RASK_HUMAN_Weng_2022_binding-DARPin_K55,binding,b,3084,95,4,14,29,5.035331077918189,crossfit_linear_span,0.6456183796947802,0.8234964563919318,0.19741100323624594
RASK_HUMAN,RASK_HUMAN_Weng_2022_binding-DARPin_K55,binding,b,3084,95,4,14,29,5.035331077918189,uniform_panel,0.587072198736725,0.8518248842584294,0.18770226537216828
S22A1_HUMAN,S22A1_HUMAN_Yee_2023_abundance,abundance,a,9803,95,6,18,35,6.3042124015463195,crossfit_best_single,0.654831448094285,0.912604988113738,0.27217125382262997
S22A1_HUMAN,S22A1_HUMAN_Yee_2023_abundance,abundance,a,9803,95,6,18,35,6.3042124015463195,crossfit_linear_span,0.7211231303533892,0.9721691725527596,0.29867482161060144
S22A1_HUMAN,S22A1_HUMAN_Yee_2023_abundance,abundance,a,9803,95,6,18,35,6.3042124015463195,uniform_panel,0.6818887305434161,0.967526712850116,0.28950050968399593
S22A1_HUMAN,S22A1_HUMAN_Yee_2023_activity,activity,b,10094,95,6,17,35,6.157890713157465,crossfit_best_single,0.6050628331177035,0.7523366270316448,0.20495049504950494
S22A1_HUMAN,S22A1_HUMAN_Yee_2023_activity,activity,b,10094,95,6,17,35,6.157890713157465,crossfit_linear_span,0.6933954355610976,0.8391727709629093,0.23267326732673269
S22A1_HUMAN,S22A1_HUMAN_Yee_2023_activity,activity,b,10094,95,6,17,35,6.157890713157465,uniform_panel,0.637405834851613,0.7847413733522366,0.21287128712871287
SPIKE_SARS2,SPIKE_SARS2_Starr_2020_binding,binding,b,3802,95,10,25,41,12.510876943287421,crossfit_best_single,0.5268393101077691,0.4431182938051369,0.19160104986876642
SPIKE_SARS2,SPIKE_SARS2_Starr_2020_binding,binding,b,3802,95,10,25,41,12.510876943287421,crossfit_linear_span,0.686058103176851,0.9099640490079609,0.2755905511811024
SPIKE_SARS2,SPIKE_SARS2_Starr_2020_binding,binding,b,3802,95,10,25,41,12.510876943287421,uniform_panel,0.4192271051789757,0.7523298544255312,0.25196850393700787
SPIKE_SARS2,SPIKE_SARS2_Starr_2020_expression,expression,a,3798,95,10,25,40,12.577720077824301,crossfit_best_single,0.5740218545567307,0.37958297693231396,0.14473684210526316
SPIKE_SARS2,SPIKE_SARS2_Starr_2020_expression,expression,a,3798,95,10,25,40,12.577720077824301,crossfit_linear_span,0.748490147480022,1.1176015147351361,0.34210526315789475
SPIKE_SARS2,SPIKE_SARS2_Starr_2020_expression,expression,a,3798,95,10,25,40,12.577720077824301,uniform_panel,0.518601169587762,0.9065065938580424,0.2657894736842105
VKOR1_HUMAN,VKOR1_HUMAN_Chiasson_2020_abundance,abundance,a,2695,95,6,16,31,7.068802203201916,crossfit_best_single,0.5915554291148104,0.7739659985585353,0.24814814814814815
VKOR1_HUMAN,VKOR1_HUMAN_Chiasson_2020_abundance,abundance,a,2695,95,6,16,31,7.068802203201916,crossfit_linear_span,0.6423148857041799,0.8729070125400329,0.25925925925925924
VKOR1_HUMAN,VKOR1_HUMAN_Chiasson_2020_abundance,abundance,a,2695,95,6,16,31,7.068802203201916,uniform_panel,0.5783893749206264,0.8003781982202461,0.18518518518518517
VKOR1_HUMAN,VKOR1_HUMAN_Chiasson_2020_activity,activity,b,697,95,5,14,27,6.2669684851240035,crossfit_best_single,0.42209728448258954,0.24661988663921272,0.17142857142857143
VKOR1_HUMAN,VKOR1_HUMAN_Chiasson_2020_activity,activity,b,697,95,5,14,27,6.2669684851240035,crossfit_linear_span,0.4599104103218469,0.31080424752070096,0.2
VKOR1_HUMAN,VKOR1_HUMAN_Chiasson_2020_activity,activity,b,697,95,5,14,27,6.2669684851240035,uniform_panel,0.4349845961594374,0.20540415490060307,0.14285714285714285
