assay_id,uniprot_id,uniprot_accession,mapping_coverage,canonical_start,canonical_end,pfam_accession,pfam_name,clan_accession,clan_name,domain_start,domain_end,domain_score,overlap_residues,overlap_fraction_of_shorter,qualifies_curated_domain
A0A1I9GEU1_NEIME_Kennouche_2019,A0A1I9GEU1_NEIME,A0A1I9GEU1,1.0,1.0,161.0,PF00114,Pilin (bacterial filament),CL0327,Pilus,29,155,3.2e-23,127,1.0,True
A0A1I9GEU1_NEIME_Kennouche_2019,A0A1I9GEU1_NEIME,A0A1I9GEU1,1.0,1.0,161.0,PF07963,Prokaryotic N-terminal methylation motif,,,1,21,0.26,21,1.0,True
A0A247D711_LISMN_Stadelmann_2021,A0A247D711_LISMN,A0A247D711,1.0,1.0,87.0,PF24304,Anti-CRISPR Suppressor AcrIIA4,,,1,84,2.2e-14,84,1.0,True
A4_HUMAN_Seuma_2022,A4_HUMAN,P05067,1.0,1.0,770.0,PF00014,Kunitz/Bovine pancreatic trypsin inhibitor domain,CL0894,BPTI,290,341,1.6e-16,52,1.0,True
A4_HUMAN_Seuma_2022,A4_HUMAN,P05067,1.0,1.0,770.0,PF02177,Amyloid A4 N-terminal heparin-binding,,,31,131,9.2e-41,101,1.0,True
A4_HUMAN_Seuma_2022,A4_HUMAN,P05067,1.0,1.0,770.0,PF03494,Beta-amyloid peptide (beta-APP),,,676,713,7.9e-18,38,1.0,True
A4_HUMAN_Seuma_2022,A4_HUMAN,P05067,1.0,1.0,770.0,PF10515,Beta-amyloid precursor protein C-terminus,,,716,766,2.8e-22,51,1.0,True
A4_HUMAN_Seuma_2022,A4_HUMAN,P05067,1.0,1.0,770.0,PF12924,"Copper-binding of amyloid precursor, CuBD",,,132,188,1.1e-22,57,1.0,True
A4_HUMAN_Seuma_2022,A4_HUMAN,P05067,1.0,1.0,770.0,PF12925,E2 domain of amyloid precursor protein,,,367,548,2e-65,182,1.0,True
AACC1_PSEAI_Dandage_2018,AACC1_PSEAI,P23181,0.9943502824858758,1.0,177.0,PF00583,Acetyltransferase (GNAT) family,CL0257,Acetyltrans,61,161,4.7e-13,101,1.0,True
ACE2_HUMAN_Chan_2020,ACE2_HUMAN,Q9BYF1,1.0,1.0,805.0,PF01401,Angiotensin-converting enzyme,CL0126,Peptidase_MA,21,606,0.0,586,1.0,True
ACE2_HUMAN_Chan_2020,ACE2_HUMAN,Q9BYF1,1.0,1.0,805.0,PF16959,Renal amino acid transporter,CL0960,HD_NOTCH-like,617,770,1.9e-69,154,1.0,True
ADRB2_HUMAN_Jones_2020,ADRB2_HUMAN,P07550,1.0,1.0,413.0,PF00001,7 transmembrane receptor (rhodopsin family),CL0192,GPCR_A,50,326,1.1e-66,277,1.0,True
AMFR_HUMAN_Tsuboyama_2023_4G3O,AMFR_HUMAN,Q9UKV5,0.9148936170212766,456.0,498.0,PF02845,CUE domain,CL0214,UBA,458,497,2e-06,40,1.0,True
AMFR_HUMAN_Tsuboyama_2023_4G3O,AMFR_HUMAN,Q9UKV5,0.9148936170212766,456.0,498.0,PF13639,Ring finger domain,CL0229,RING,339,379,7e-09,0,0.0,False
AMFR_HUMAN_Tsuboyama_2023_4G3O,AMFR_HUMAN,Q9UKV5,0.9148936170212766,456.0,498.0,PF18442,E3 gp78 Ube2g2-binding region (G2BR),,,574,600,6.1e-11,0,0.0,False
AMFR_HUMAN_Tsuboyama_2023_4G3O,AMFR_HUMAN,Q9UKV5,0.9148936170212766,456.0,498.0,PF25563,"E3 ubiquitin-protein ligase synoviolin-like, TPR repeats",CL0020,TPR,75,315,1.4e-24,0,0.0,False
AMIE_PSEAE_Wrenbeck_2017,AMIE_PSEAE,P11436,1.0,1.0,346.0,PF00795,Carbon-nitrogen hydrolase,,,15,267,2.1e-53,253,1.0,True
ARGR_ECOLI_Tsuboyama_2023_1AOY,ARGR_ECOLI,P0A6D0,1.0,7.0,75.0,PF01316,"Arginine repressor, DNA binding domain",CL0123,HTH,6,74,2.6e-22,68,0.9855072463768116,True
ARGR_ECOLI_Tsuboyama_2023_1AOY,ARGR_ECOLI,P0A6D0,1.0,7.0,75.0,PF02863,"Arginine repressor, C-terminal domain",CL0738,Arg_repressor_C,82,148,3.8e-19,0,0.0,False
BBC1_YEAST_Tsuboyama_2023_1TG0,BBC1_YEAST,P47068,1.0,5.0,68.0,PF00018,SH3 domain,CL0010,SH3,11,60,0.00081,50,1.0,True
BBC1_YEAST_Tsuboyama_2023_1TG0,BBC1_YEAST,P47068,1.0,5.0,68.0,PF25459,AIM3/BBC1 Cysteine proteinase-fold domain,CL0125,Peptidase_CA,988,1157,6.4e-23,0,0.0,False
BCHB_CHLTE_Tsuboyama_2023_2KRU,BCHB_CHLTE,Q9F715,1.0,485.0,536.0,PF00148,Nitrogenase component 1 type Oxidoreductase,CL0043,Chelatase,12,424,7.9e-89,0,0.0,False
BCHB_CHLTE_Tsuboyama_2023_2KRU,BCHB_CHLTE,Q9F715,1.0,485.0,536.0,PF08369,Proto-chlorophyllide reductase 57 kD subunit,CL0671,AAA_lid,488,532,2.7e-14,45,1.0,True
BLAT_ECOLX_Deng_2012,BLAT_ECOLX,P62593,1.0,1.0,286.0,PF13354,Beta-lactamase enzyme family,CL0013,Beta-lactamase,32,286,2.9e-40,255,1.0,True
BLAT_ECOLX_Firnberg_2014,BLAT_ECOLX,P62593,1.0,1.0,286.0,PF13354,Beta-lactamase enzyme family,CL0013,Beta-lactamase,32,286,2.9e-40,255,1.0,True
BLAT_ECOLX_Jacquier_2013,BLAT_ECOLX,P62593,1.0,1.0,286.0,PF13354,Beta-lactamase enzyme family,CL0013,Beta-lactamase,32,286,2.9e-40,255,1.0,True
BLAT_ECOLX_Stiffler_2015,BLAT_ECOLX,P62593,1.0,1.0,286.0,PF13354,Beta-lactamase enzyme family,CL0013,Beta-lactamase,32,286,2.9e-40,255,1.0,True
BRCA1_HUMAN_Findlay_2018,BRCA1_HUMAN,P38398,1.0,1.0,1863.0,PF00097,"Zinc finger, C3HC4 type (RING finger)",CL0229,RING,24,64,1.6e-06,41,1.0,True
BRCA1_HUMAN_Findlay_2018,BRCA1_HUMAN,P38398,1.0,1.0,1863.0,PF00533,BRCA1 C Terminus (BRCT) domain,CL0459,BRCT-like,1645,1723,4.6e-07,79,1.0,True
BRCA1_HUMAN_Findlay_2018,BRCA1_HUMAN,P38398,1.0,1.0,1863.0,PF00533,BRCA1 C Terminus (BRCT) domain,CL0459,BRCT-like,1758,1841,1.2e-07,84,1.0,True
BRCA1_HUMAN_Findlay_2018,BRCA1_HUMAN,P38398,1.0,1.0,1863.0,PF12820,Serine-rich domain associated with BRCT,,,345,508,2.8e-77,164,1.0,True
C6KNH7_9INFA_Lee_2018,C6KNH7_9INFA,C6KNH7,0.9946996466431095,1.0,566.0,PF00509,Haemagglutinin,,,29,566,0.0,538,1.0,True
CALM1_HUMAN_Weile_2017,CALM1_HUMAN,P0DP23,1.0,1.0,149.0,PF13499,EF-hand domain pair,CL0220,EF_hand,12,73,3.3e-14,62,1.0,True
CALM1_HUMAN_Weile_2017,CALM1_HUMAN,P0DP23,1.0,1.0,149.0,PF13499,EF-hand domain pair,CL0220,EF_hand,83,147,2.5e-19,65,1.0,True
CAPSD_AAV2S_Sinai_2021,CAPSD_AAV2S,P03135,1.0,1.0,735.0,PF00740,Parvovirus coat protein VP1/VP2,CL0605,ssDNA_NP_VP,213,708,0.0,496,1.0,True
CAPSD_AAV2S_Sinai_2021,CAPSD_AAV2S,P03135,1.0,1.0,735.0,PF08398,Phospholipase A2-like domain,CL0629,PLA2,43,122,5.3e-30,80,1.0,True
CAR11_HUMAN_Meitlis_2020_gof,CAR11_HUMAN,Q9BXL7,1.0,1.0,1154.0,PF00619,Caspase recruitment domain,CL0041,Death,23,108,1.7e-14,86,1.0,True
CAR11_HUMAN_Meitlis_2020_lof,CAR11_HUMAN,Q9BXL7,1.0,1.0,1154.0,PF00619,Caspase recruitment domain,CL0041,Death,23,108,1.7e-14,86,1.0,True
CAS9_STRP1_Spencer_2017_positive,CAS9_STRP1,Q99ZW2,1.0,1.0,1368.0,PF13395,HNH endonuclease,CL0263,His-Me_finger,821,871,1.8e-12,51,1.0,True
CAS9_STRP1_Spencer_2017_positive,CAS9_STRP1,Q99ZW2,1.0,1.0,1368.0,PF16592,REC lobe of CRISPR-associated endonuclease Cas9,CL0693,Cas9_lobe,181,712,0.0,532,1.0,True
CAS9_STRP1_Spencer_2017_positive,CAS9_STRP1,Q99ZW2,1.0,1.0,1368.0,PF16593,Bridge helix of CRISPR-associated endonuclease Cas9,,,62,94,2.5e-10,33,1.0,True
CAS9_STRP1_Spencer_2017_positive,CAS9_STRP1,Q99ZW2,1.0,1.0,1368.0,PF16595,PAM-interacting domain of CRISPR-associated endonuclease Cas9,,,1102,1358,2.1e-56,257,1.0,True
CAS9_STRP1_Spencer_2017_positive,CAS9_STRP1,Q99ZW2,1.0,1.0,1368.0,PF22702,Cas9 RuvC domain,CL0219,RNase_H,925,1099,7.6e-63,175,1.0,True
CASP3_HUMAN_Roychowdhury_2020,CASP3_HUMAN,P42574,0.9651162790697675,29.0,277.0,PF00656,Caspase domain,CL0093,Peptidase_CD,45,274,5.3e-71,230,1.0,True
CASP7_HUMAN_Roychowdhury_2020,CASP7_HUMAN,P55210,0.99644128113879,24.0,303.0,PF00656,Caspase domain,CL0093,Peptidase_CD,68,300,9.3e-71,233,1.0,True
CATR_CHLRE_Tsuboyama_2023_2AMI,CATR_CHLRE,P05434,1.0,21.0,92.0,PF13499,EF-hand domain pair,CL0220,EF_hand,28,91,1.5e-16,64,1.0,True
CATR_CHLRE_Tsuboyama_2023_2AMI,CATR_CHLRE,P05434,1.0,21.0,92.0,PF13499,EF-hand domain pair,CL0220,EF_hand,101,164,1.6e-11,0,0.0,False
CBPA2_HUMAN_Tsuboyama_2023_1O6X,CBPA2_HUMAN,P48052,1.0,23.0,94.0,PF00246,Zinc carboxypeptidase,CL0865,ZnExoPePases,129,405,2.7e-103,0,0.0,False
CBPA2_HUMAN_Tsuboyama_2023_1O6X,CBPA2_HUMAN,P48052,1.0,23.0,94.0,PF02244,Carboxypeptidase activation peptide,CL0570,PPP-I,29,102,1.5e-19,66,0.9166666666666666,True
CBS_HUMAN_Sun_2020,CBS_HUMAN,P35520,1.0,1.0,551.0,PF00291,Pyridoxal-phosphate dependent enzyme,CL0063,NADP_Rossmann,81,376,1.3e-71,296,1.0,True
CBS_HUMAN_Sun_2020,CBS_HUMAN,P35520,1.0,1.0,551.0,PF00571,CBS domain,,,420,468,0.001,49,1.0,True
CBX4_HUMAN_Tsuboyama_2023_2K28,CBX4_HUMAN,O00257,1.0,12.0,61.0,PF00385,Chromo (CHRromatin Organisation MOdifier) domain,CL0010,SH3,11,60,7.7e-15,49,0.98,True
CBX4_HUMAN_Tsuboyama_2023_2K28,CBX4_HUMAN,O00257,1.0,12.0,61.0,PF17218,CBX family C-terminal motif,,,534,559,2.4e-08,0,0.0,False
CCDB_ECOLI_Adkar_2012,CCDB_ECOLI,P62554,1.0,1.0,101.0,PF01845,CcdB protein,CL0010,SH3,2,100,6.7e-29,99,1.0,True
CCR5_HUMAN_Gill_2023,CCR5_HUMAN,P51681,1.0,1.0,352.0,PF00001,7 transmembrane receptor (rhodopsin family),CL0192,GPCR_A,47,297,8.6e-63,251,1.0,True
CD19_HUMAN_Klesmith_2019_FMC_singles,CD19_HUMAN,P15391,1.0,1.0,556.0,PF28825,CD19 transmembrane domain,,,280,315,7.3e-16,36,1.0,True
CP2C9_HUMAN_Amorosi_2021_abundance,CP2C9_HUMAN,P11712,1.0,1.0,490.0,PF00067,Cytochrome P450,,,30,487,0.0,458,1.0,True
CP2C9_HUMAN_Amorosi_2021_activity,CP2C9_HUMAN,P11712,1.0,1.0,490.0,PF00067,Cytochrome P450,,,30,487,0.0,458,1.0,True
CSN4_MOUSE_Tsuboyama_2023_1UFM,CSN4_MOUSE,O88544,0.9583333333333334,296.0,364.0,PF01399,PCI domain,CL0123,HTH,289,362,3.6e-15,67,0.9710144927536232,True
CSN4_MOUSE_Tsuboyama_2023_1UFM,CSN4_MOUSE,O88544,0.9583333333333334,296.0,364.0,PF18420,CSN4/RPN5/eIF3a helix turn helix domain,CL0123,HTH,365,406,3.5e-22,0,0.0,False
CSN4_MOUSE_Tsuboyama_2023_1UFM,CSN4_MOUSE,O88544,0.9583333333333334,296.0,364.0,PF22241,"PSMD12/CSN4, N-terminal",CL0020,TPR,5,219,2.6e-51,0,0.0,False
CUE1_YEAST_Tsuboyama_2023_2MYX,CUE1_YEAST,P38428,1.0,61.0,112.0,PF02845,CUE domain,CL0214,UBA,67,105,8.1e-09,39,1.0,True
CUE1_YEAST_Tsuboyama_2023_2MYX,CUE1_YEAST,P38428,1.0,61.0,112.0,PF18499,Ubc7p-binding region of Cue1,,,151,202,1.6e-20,0,0.0,False
D7PM05_CLYGR_Somermeyer_2022,D7PM05_CLYGR,D7PM05,1.0,1.0,235.0,PF01353,Green fluorescent protein,CL0069,GFP,17,229,1.6e-57,213,1.0,True
DLG4_HUMAN_Faure_2021,DLG4_HUMAN,P78352,1.0,1.0,724.0,PF00018,SH3 domain,CL0010,SH3,434,490,0.0004,57,1.0,True
DLG4_HUMAN_Faure_2021,DLG4_HUMAN,P78352,1.0,1.0,724.0,PF00595,PDZ domain,CL0466,PDZ-like,65,149,1.5e-18,85,1.0,True
DLG4_HUMAN_Faure_2021,DLG4_HUMAN,P78352,1.0,1.0,724.0,PF00595,PDZ domain,CL0466,PDZ-like,161,243,2.8e-17,83,1.0,True
DLG4_HUMAN_Faure_2021,DLG4_HUMAN,P78352,1.0,1.0,724.0,PF00595,PDZ domain,CL0466,PDZ-like,314,388,4.8e-19,75,1.0,True
DLG4_HUMAN_Faure_2021,DLG4_HUMAN,P78352,1.0,1.0,724.0,PF00625,Guanylate kinase,CL0023,P-loop_NTPase,534,710,1.6e-65,177,1.0,True
DLG4_HUMAN_Faure_2021,DLG4_HUMAN,P78352,1.0,1.0,724.0,PF10600,PDZ-associated domain of NMDA receptors,,,245,312,5.7e-28,68,1.0,True
DLG4_HUMAN_Faure_2021,DLG4_HUMAN,P78352,1.0,1.0,724.0,PF10608,Polyubiquitination (PEST) N-terminal domain of MAGUK,,,31,64,1.3e-06,34,1.0,True
DLG4_RAT_McLaughlin_2012,DLG4_RAT,P31016,1.0,1.0,724.0,PF00018,SH3 domain,CL0010,SH3,434,490,0.002,57,1.0,True
DLG4_RAT_McLaughlin_2012,DLG4_RAT,P31016,1.0,1.0,724.0,PF00595,PDZ domain,CL0466,PDZ-like,65,149,1.5e-18,85,1.0,True
DLG4_RAT_McLaughlin_2012,DLG4_RAT,P31016,1.0,1.0,724.0,PF00595,PDZ domain,CL0466,PDZ-like,161,243,2.8e-17,83,1.0,True
DLG4_RAT_McLaughlin_2012,DLG4_RAT,P31016,1.0,1.0,724.0,PF00595,PDZ domain,CL0466,PDZ-like,314,388,4.8e-19,75,1.0,True
DLG4_RAT_McLaughlin_2012,DLG4_RAT,P31016,1.0,1.0,724.0,PF00625,Guanylate kinase,CL0023,P-loop_NTPase,534,710,1.6e-65,177,1.0,True
DLG4_RAT_McLaughlin_2012,DLG4_RAT,P31016,1.0,1.0,724.0,PF10600,PDZ-associated domain of NMDA receptors,,,245,312,5.7e-28,68,1.0,True
DLG4_RAT_McLaughlin_2012,DLG4_RAT,P31016,1.0,1.0,724.0,PF10608,Polyubiquitination (PEST) N-terminal domain of MAGUK,,,31,64,1.3e-06,34,1.0,True
DN7A_SACS2_Tsuboyama_2023_1JIC,DN7A_SACS2,P61991,1.0,3.0,57.0,PF02294,7kD DNA-binding domain,CL0010,SH3,3,61,2.6e-36,55,1.0,True
DNJA1_HUMAN_Tsuboyama_2023_2LO1,DNJA1_HUMAN,P31689,1.0,5.0,69.0,PF00226,DnaJ domain,CL0392,Chaperone-J,6,65,8.9e-24,60,1.0,True
DNJA1_HUMAN_Tsuboyama_2023_2LO1,DNJA1_HUMAN,P31689,1.0,5.0,69.0,PF00684,DnaJ central domain,CL0895,DnaJ_CRD,134,200,5.9e-11,0,0.0,False
DNJA1_HUMAN_Tsuboyama_2023_2LO1,DNJA1_HUMAN,P31689,1.0,5.0,69.0,PF01556,DnaJ C terminal domain,,,108,133,1.3e-37,0,0.0,False
DNJA1_HUMAN_Tsuboyama_2023_2LO1,DNJA1_HUMAN,P31689,1.0,5.0,69.0,PF01556,DnaJ C terminal domain,,,201,329,1.3e-37,0,0.0,False
DOCK1_MOUSE_Tsuboyama_2023_2M0Y,DOCK1_MOUSE,Q8BUR4,1.0,4.0,69.0,PF00018,SH3 domain,CL0010,SH3,15,62,6.7e-06,48,1.0,True
DOCK1_MOUSE_Tsuboyama_2023_2M0Y,DOCK1_MOUSE,Q8BUR4,1.0,4.0,69.0,PF06920,"DHR-2, Lobe A",CL0020,TPR,1202,1330,5.6e-15,0,0.0,False
DOCK1_MOUSE_Tsuboyama_2023_2M0Y,DOCK1_MOUSE,Q8BUR4,1.0,4.0,69.0,PF14429,C2 domain in Dock180 and Zizimin proteins,CL0154,C2,421,617,3.3e-61,0,0.0,False
DOCK1_MOUSE_Tsuboyama_2023_2M0Y,DOCK1_MOUSE,Q8BUR4,1.0,4.0,69.0,PF16172,DOCK N-terminus,,,73,416,8.4e-96,0,0.0,False
DOCK1_MOUSE_Tsuboyama_2023_2M0Y,DOCK1_MOUSE,Q8BUR4,1.0,4.0,69.0,PF20421,"DHR-2, Lobe C",CL0020,TPR,1508,1610,4.7e-18,0,0.0,False
DOCK1_MOUSE_Tsuboyama_2023_2M0Y,DOCK1_MOUSE,Q8BUR4,1.0,4.0,69.0,PF20422,"DHR-2, Lobe B",,,1388,1468,1.5e-10,0,0.0,False
DOCK1_MOUSE_Tsuboyama_2023_2M0Y,DOCK1_MOUSE,Q8BUR4,1.0,4.0,69.0,PF23554,Dedicator of cytokinesis (DOCK) TPR region,CL0020,TPR,629,1152,0.0,0,0.0,False
DYR_ECOLI_Nguyen_2023,DYR_ECOLI,P0ABQ4,1.0,1.0,159.0,PF00186,Dihydrofolate reductase,CL0387,DHFred,1,158,6.1e-57,158,1.0,True
DYR_ECOLI_Thompson_2019,DYR_ECOLI,P0ABQ4,1.0,1.0,159.0,PF00186,Dihydrofolate reductase,CL0387,DHFred,1,158,6.1e-57,158,1.0,True
ENVZ_ECOLI_Ghose_2023,ENVZ_ECOLI,P0AEJ4,1.0,230.0,289.0,PF00512,His Kinase A (phospho-acceptor) domain,CL0025,His_Kinase_A,234,290,9.4e-09,56,0.9824561403508771,True
ENVZ_ECOLI_Ghose_2023,ENVZ_ECOLI,P0AEJ4,1.0,230.0,289.0,PF00672,HAMP domain,CL0681,HAMP,177,226,0.00026,0,0.0,False
ENVZ_ECOLI_Ghose_2023,ENVZ_ECOLI,P0AEJ4,1.0,230.0,289.0,PF02518,"Histidine kinase-, DNA gyrase B-, and HSP90-like ATPase",CL0025,His_Kinase_A,334,439,5.2e-21,0,0.0,False
ENV_HV1BR_Haddox_2016,ENV_HV1BR,P03377,0.9988385598141696,1.0,861.0,PF00516,Envelope glycoprotein GP120,,,34,516,0.0,483,1.0,True
ENV_HV1BR_Haddox_2016,ENV_HV1BR,P03377,0.9988385598141696,1.0,861.0,PF00517,Retroviral envelope protein,,,535,724,1.7e-48,190,1.0,True
EPHB2_HUMAN_Tsuboyama_2023_1F0M,EPHB2_HUMAN,P29323,1.0,914.0,979.0,PF00041,Fibronectin type III domain,CL0159,E-set,326,423,6.4e-07,0,0.0,False
EPHB2_HUMAN_Tsuboyama_2023_1F0M,EPHB2_HUMAN,P29323,1.0,914.0,979.0,PF00041,Fibronectin type III domain,CL0159,E-set,439,523,5.5e-12,0,0.0,False
EPHB2_HUMAN_Tsuboyama_2023_1F0M,EPHB2_HUMAN,P29323,1.0,914.0,979.0,PF00536,SAM domain (Sterile alpha motif),CL0003,SAM,911,975,1.3e-17,62,0.9538461538461539,True
EPHB2_HUMAN_Tsuboyama_2023_1F0M,EPHB2_HUMAN,P29323,1.0,914.0,979.0,PF01404,Ephrin receptor ligand binding domain,CL0202,GBD,21,197,1.9e-72,0,0.0,False
EPHB2_HUMAN_Tsuboyama_2023_1F0M,EPHB2_HUMAN,P29323,1.0,914.0,979.0,PF07699,Tyrosine-protein kinase ephrin type A/B receptor-like,CL0001,EGF,268,302,0.0011,0,0.0,False
EPHB2_HUMAN_Tsuboyama_2023_1F0M,EPHB2_HUMAN,P29323,1.0,914.0,979.0,PF07714,Protein tyrosine and serine/threonine kinase,CL0016,PKinase,621,880,4.9e-97,0,0.0,False
EPHB2_HUMAN_Tsuboyama_2023_1F0M,EPHB2_HUMAN,P29323,1.0,914.0,979.0,PF14575,Ephrin type-A receptor 2 transmembrane domain,,,544,617,4e-22,0,0.0,False
EPHB2_HUMAN_Tsuboyama_2023_1F0M,EPHB2_HUMAN,P29323,1.0,914.0,979.0,PF25599,Ephrin cysteine rich domain,CL0001,EGF,198,256,8.9e-18,0,0.0,False
ESTA_BACSU_Nutschel_2020,ESTA_BACSU,P37957,1.0,1.0,212.0,PF01674,Lipase (class 2),CL0028,AB_hydrolase,35,129,1.1e-09,95,1.0,True
FECA_ECOLI_Tsuboyama_2023_2D1U,FECA_ECOLI,P13036,1.0,35.0,106.0,PF00593,"TonB dependent receptor-like, beta-barrel",CL0193,MBB,325,741,9.1e-48,0,0.0,False
FECA_ECOLI_Tsuboyama_2023_2D1U,FECA_ECOLI,P13036,1.0,35.0,106.0,PF07660,Secretin and TonB N terminus short domain,CL0751,Secretin_N0,57,107,2.9e-07,50,0.9803921568627451,True
FECA_ECOLI_Tsuboyama_2023_2D1U,FECA_ECOLI,P13036,1.0,35.0,106.0,PF07715,TonB-dependent Receptor Plug Domain,,,132,244,1.2e-16,0,0.0,False
FKBP3_HUMAN_Tsuboyama_2023_2KFV,FKBP3_HUMAN,Q00688,1.0,5.0,73.0,PF00254,FKBP-type peptidyl-prolyl cis-trans isomerase,CL0487,FKBP,123,221,1.2e-28,0,0.0,False
FKBP3_HUMAN_Tsuboyama_2023_2KFV,FKBP3_HUMAN,Q00688,1.0,5.0,73.0,PF18410,Basic tilted helix bundle domain,CL0306,HeH,6,77,6.2e-31,68,0.9855072463768116,True
GAL4_YEAST_Kitzman_2015,GAL4_YEAST,P04386,1.0,1.0,881.0,PF00172,Fungal Zn(2)-Cys(6) binuclear cluster domain,CL0914,Zn2_Cys6,9,47,2.6e-07,39,1.0,True
GAL4_YEAST_Kitzman_2015,GAL4_YEAST,P04386,1.0,1.0,881.0,PF03902,Gal4-like dimerisation domain,,,50,93,3.5e-06,44,1.0,True
GAL4_YEAST_Kitzman_2015,GAL4_YEAST,P04386,1.0,1.0,881.0,PF04082,Fungal specific transcription factor domain,CL0507,Fungal_trans,244,446,8e-21,203,1.0,True
GDIA_HUMAN_Silverstein_2021,GDIA_HUMAN,P31150,1.0,1.0,447.0,PF00996,GDP dissociation inhibitor,CL0063,NADP_Rossmann,1,435,0.0,435,1.0,True
GFP_AEQVI_Sarkisyan_2016,GFP_AEQVI,P42212,0.9957983193277311,1.0,238.0,PF01353,Green fluorescent protein,CL0069,GFP,14,227,8.9e-60,214,1.0,True
GRB2_HUMAN_Faure_2021,GRB2_HUMAN,P62993,1.0,1.0,217.0,PF00017,SH2 domain,CL0541,SH2-like,60,135,1.2e-22,76,1.0,True
GRB2_HUMAN_Faure_2021,GRB2_HUMAN,P62993,1.0,1.0,217.0,PF00018,SH3 domain,CL0010,SH3,4,50,4.5e-13,47,1.0,True
GRB2_HUMAN_Faure_2021,GRB2_HUMAN,P62993,1.0,1.0,217.0,PF00018,SH3 domain,CL0010,SH3,162,206,3.8e-13,45,1.0,True
HCP_LAMBD_Tsuboyama_2023_2L6Q,HCP_LAMBD,P68660,0.9818181818181818,3.0,56.0,PF02831,gpW,,,1,67,1.6e-34,54,1.0,True
HECD1_HUMAN_Tsuboyama_2023_3DKM,HECD1_HUMAN,Q9ULT8,0.9166666666666666,1269.0,1336.0,PF00632,HECT-domain (ubiquitin-transferase),CL0552,Hect,2232,2609,1.1e-59,0,0.0,False
HECD1_HUMAN_Tsuboyama_2023_3DKM,HECD1_HUMAN,Q9ULT8,0.9166666666666666,1269.0,1336.0,PF06701,Mib_herc2,CL0010,SH3,1277,1335,3.2e-15,59,1.0,True
HECD1_HUMAN_Tsuboyama_2023_3DKM,HECD1_HUMAN,Q9ULT8,0.9166666666666666,1269.0,1336.0,PF07738,Sad1 / UNC-like C-terminal,CL0202,GBD,1112,1239,5.8e-18,0,0.0,False
HECD1_HUMAN_Tsuboyama_2023_3DKM,HECD1_HUMAN,Q9ULT8,0.9166666666666666,1269.0,1336.0,PF12796,Ankyrin repeats (3 copies),CL0465,Ank,429,480,0.0031,0,0.0,False
HECD1_HUMAN_Tsuboyama_2023_3DKM,HECD1_HUMAN,Q9ULT8,0.9166666666666666,1269.0,1336.0,PF18410,Basic tilted helix bundle domain,CL0306,HeH,1900,1959,3.6e-13,0,0.0,False
HEM3_HUMAN_Loggerenberg_2023,HEM3_HUMAN,P08397,1.0,1.0,361.0,PF01379,"Porphobilinogen deaminase, dipyromethane cofactor binding domain",CL0177,PBP,21,232,9.9e-81,212,1.0,True
HEM3_HUMAN_Loggerenberg_2023,HEM3_HUMAN,P08397,1.0,1.0,361.0,PF03900,"Porphobilinogen deaminase, C-terminal domain",,,245,317,6.5e-17,73,1.0,True
HMDH_HUMAN_Jiang_2019,HMDH_HUMAN,P04035,1.0,1.0,888.0,PF00368,Hydroxymethylglutaryl-coenzyme A reductase,,,492,871,0.0,380,1.0,True
HMDH_HUMAN_Jiang_2019,HMDH_HUMAN,P04035,1.0,1.0,888.0,PF12349,Sterol-sensing domain of SREBP cleavage-activation,CL0322,RND_permease,87,222,6.7e-13,136,1.0,True
HSP82_YEAST_Cote-Hammarlof_2020_growth-H2O2,HSP82_YEAST,P02829,1.0,1.0,709.0,PF00183,Hsp90 protein,,,183,693,0.0,511,1.0,True
HSP82_YEAST_Cote-Hammarlof_2020_growth-H2O2,HSP82_YEAST,P02829,1.0,1.0,709.0,PF13589,"Histidine kinase-, DNA gyrase B-, and HSP90-like ATPase",CL0025,His_Kinase_A,30,145,0.00035,116,1.0,True
HSP82_YEAST_Flynn_2019,HSP82_YEAST,P02829,1.0,1.0,709.0,PF00183,Hsp90 protein,,,183,693,0.0,511,1.0,True
HSP82_YEAST_Flynn_2019,HSP82_YEAST,P02829,1.0,1.0,709.0,PF13589,"Histidine kinase-, DNA gyrase B-, and HSP90-like ATPase",CL0025,His_Kinase_A,30,145,0.00035,116,1.0,True
HSP82_YEAST_Mishra_2016,HSP82_YEAST,P02829,1.0,1.0,709.0,PF00183,Hsp90 protein,,,183,693,0.0,511,1.0,True
HSP82_YEAST_Mishra_2016,HSP82_YEAST,P02829,1.0,1.0,709.0,PF13589,"Histidine kinase-, DNA gyrase B-, and HSP90-like ATPase",CL0025,His_Kinase_A,30,145,0.00035,116,1.0,True
HXK4_HUMAN_Gersing_2022_activity,HXK4_HUMAN,P35557,1.0,1.0,465.0,PF00349,Hexokinase,CL0108,Actin_ATPase,16,215,2.3e-71,200,1.0,True
HXK4_HUMAN_Gersing_2022_activity,HXK4_HUMAN,P35557,1.0,1.0,465.0,PF03727,Hexokinase,CL0108,Actin_ATPase,222,455,3.8e-74,234,1.0,True
HXK4_HUMAN_Gersing_2023_abundance,HXK4_HUMAN,P35557,1.0,1.0,465.0,PF00349,Hexokinase,CL0108,Actin_ATPase,16,215,2.3e-71,200,1.0,True
HXK4_HUMAN_Gersing_2023_abundance,HXK4_HUMAN,P35557,1.0,1.0,465.0,PF03727,Hexokinase,CL0108,Actin_ATPase,222,455,3.8e-74,234,1.0,True
I6TAH8_I68A0_Doud_2015,I6TAH8_I68A0,I6TAH8,1.0,1.0,498.0,PF00506,Influenza virus nucleoprotein,,,1,498,0.0,498,1.0,True
IF1_ECOLI_Kelsic_2016,IF1_ECOLI,P69222,1.0,1.0,72.0,PF01176,Translation initiation factor 1A / IF-1,CL0021,OB,4,70,2.3e-14,67,1.0,True
ILF3_HUMAN_Tsuboyama_2023_2L33,ILF3_HUMAN,Q12906,0.9859154929577465,521.0,590.0,PF00035,Double-stranded RNA binding motif,CL0196,DSRM,411,464,3.8e-06,0,0.0,False
ILF3_HUMAN_Tsuboyama_2023_2L33,ILF3_HUMAN,Q12906,0.9859154929577465,521.0,590.0,PF00035,Double-stranded RNA binding motif,CL0196,DSRM,527,588,6.2e-10,62,1.0,True
ILF3_HUMAN_Tsuboyama_2023_2L33,ILF3_HUMAN,Q12906,0.9859154929577465,521.0,590.0,PF07528,DZF N-terminal domain,CL0260,NTP_transf,11,221,2.6e-57,0,0.0,False
ILF3_HUMAN_Tsuboyama_2023_2L33,ILF3_HUMAN,Q12906,0.9859154929577465,521.0,590.0,PF20965,DZF C-terminal domain,,,225,356,4.8e-46,0,0.0,False
ISDH_STAAW_Tsuboyama_2023_2LHR,ISDH_STAAW,Q8NW39,1.0,475.0,529.0,PF04650,YSIRK type signal peptide,,,10,31,1.1,0,0.0,False
ISDH_STAAW_Tsuboyama_2023_2LHR,ISDH_STAAW,Q8NW39,1.0,475.0,529.0,PF05031,Iron Transport-associated domain,CL0159,E-set,130,213,1.6e-07,0,0.0,False
ISDH_STAAW_Tsuboyama_2023_2LHR,ISDH_STAAW,Q8NW39,1.0,475.0,529.0,PF05031,Iron Transport-associated domain,CL0159,E-set,344,457,2.6e-14,0,0.0,False
ISDH_STAAW_Tsuboyama_2023_2LHR,ISDH_STAAW,Q8NW39,1.0,475.0,529.0,PF05031,Iron Transport-associated domain,CL0159,E-set,549,650,1.3e-12,0,0.0,False
ISDH_STAAW_Tsuboyama_2023_2LHR,ISDH_STAAW,Q8NW39,1.0,475.0,529.0,PF20861,"Iron-regulated surface determinant protein H/B, linker domain",,,471,533,4.8e-34,55,1.0,True
KCNE1_HUMAN_Muhammad_2023_expression,KCNE1_HUMAN,P15382,0.9922480620155039,1.0,129.0,PF02060,Slow voltage-gated potassium channel,,,1,126,1e-67,126,1.0,True
KCNE1_HUMAN_Muhammad_2023_function,KCNE1_HUMAN,P15382,0.9922480620155039,1.0,129.0,PF02060,Slow voltage-gated potassium channel,,,1,126,1e-67,126,1.0,True
KCNJ2_MOUSE_Coyote-Maestas_2022_function,KCNJ2_MOUSE,P35561,1.0,1.0,428.0,PF01007,Inward rectifier potassium channel transmembrane domain,CL0030,Ion_channel,48,186,7.4e-59,139,1.0,True
KCNJ2_MOUSE_Coyote-Maestas_2022_function,KCNJ2_MOUSE,P35561,1.0,1.0,428.0,PF08466,Inward rectifier potassium channel N-terminal,,,1,47,2.1e-22,47,1.0,True
KCNJ2_MOUSE_Coyote-Maestas_2022_function,KCNJ2_MOUSE,P35561,1.0,1.0,428.0,PF17655,Inward rectifier potassium channel C-terminal domain,CL0159,E-set,193,365,7.7e-74,173,1.0,True
KCNJ2_MOUSE_Coyote-Maestas_2022_surface,KCNJ2_MOUSE,P35561,1.0,1.0,428.0,PF01007,Inward rectifier potassium channel transmembrane domain,CL0030,Ion_channel,48,186,7.4e-59,139,1.0,True
KCNJ2_MOUSE_Coyote-Maestas_2022_surface,KCNJ2_MOUSE,P35561,1.0,1.0,428.0,PF08466,Inward rectifier potassium channel N-terminal,,,1,47,2.1e-22,47,1.0,True
KCNJ2_MOUSE_Coyote-Maestas_2022_surface,KCNJ2_MOUSE,P35561,1.0,1.0,428.0,PF17655,Inward rectifier potassium channel C-terminal domain,CL0159,E-set,193,365,7.7e-74,173,1.0,True
KKA2_KLEPN_Melnikov_2014,KKA2_KLEPN,P00552,1.0,1.0,264.0,PF01636,Phosphotransferase enzyme family,CL0016,PKinase,30,256,3e-36,227,1.0,True
LGK_LIPST_Klesmith_2015,LGK_LIPST,B3VI55,0.9931662870159453,1.0,439.0,PF03702,Anhydro-N-acetylmuramic acid kinase,CL0108,Actin_ATPase,16,398,7e-81,383,1.0,True
MAFG_MOUSE_Tsuboyama_2023_1K1V,MAFG_MOUSE,O54790,1.0,24.0,64.0,PF03131,bZIP Maf transcription factor,CL0018,bZIP,24,115,7.6e-29,41,1.0,True
MBD11_ARATH_Tsuboyama_2023_6ACV,MBD11_ARATH,Q9LW00,1.0,8.0,73.0,PF01429,Methyl-CpG binding domain,CL0081,MBD-like,7,72,1.8e-12,65,0.9848484848484849,True
MET_HUMAN_Estevam_2023,MET_HUMAN,P08581,1.0,1059.0,1345.0,PF01403,Sema domain,CL0186,Beta_propeller,317,491,4.8e-16,0,0.0,False
MET_HUMAN_Estevam_2023,MET_HUMAN,P08581,1.0,1059.0,1345.0,PF01437,Plexin repeat,CL0630,PSI,520,561,0.0017,0,0.0,False
MET_HUMAN_Estevam_2023,MET_HUMAN,P08581,1.0,1059.0,1345.0,PF01833,IPT/TIG domain,CL0159,E-set,563,654,1.4e-11,0,0.0,False
MET_HUMAN_Estevam_2023,MET_HUMAN,P08581,1.0,1059.0,1345.0,PF01833,IPT/TIG domain,CL0159,E-set,657,728,3.2e-12,0,0.0,False
MET_HUMAN_Estevam_2023,MET_HUMAN,P08581,1.0,1059.0,1345.0,PF01833,IPT/TIG domain,CL0159,E-set,742,817,0.00045,0,0.0,False
MET_HUMAN_Estevam_2023,MET_HUMAN,P08581,1.0,1059.0,1345.0,PF07714,Protein tyrosine and serine/threonine kinase,CL0016,PKinase,1078,1336,9.2e-92,259,1.0,True
MK01_HUMAN_Brenan_2016,MK01_HUMAN,P28482,1.0,1.0,360.0,PF00069,Protein kinase domain,CL0016,PKinase,25,313,3.2e-63,289,1.0,True
MLAC_ECOLI_MacRae_2023,MLAC_ECOLI,P0ADV7,1.0,1.0,211.0,PF05494,MlaC protein,CL0051,NTF2,33,198,1.7e-47,166,1.0,True
MSH2_HUMAN_Jia_2020,MSH2_HUMAN,P43246,1.0,1.0,934.0,PF00488,MutS domain V,CL0023,P-loop_NTPase,666,852,4.9e-82,187,1.0,True
MSH2_HUMAN_Jia_2020,MSH2_HUMAN,P43246,1.0,1.0,934.0,PF01624,MutS domain I,,,18,131,1.9e-18,114,1.0,True
MSH2_HUMAN_Jia_2020,MSH2_HUMAN,P43246,1.0,1.0,934.0,PF05188,MutS domain II,CL0219,RNase_H,156,288,5.5e-19,133,1.0,True
MSH2_HUMAN_Jia_2020,MSH2_HUMAN,P43246,1.0,1.0,934.0,PF05190,MutS family domain IV,,,474,568,3.8e-18,95,1.0,True
MSH2_HUMAN_Jia_2020,MSH2_HUMAN,P43246,1.0,1.0,934.0,PF05192,MutS domain III,,,305,473,6.3e-38,169,1.0,True
MSH2_HUMAN_Jia_2020,MSH2_HUMAN,P43246,1.0,1.0,934.0,PF05192,MutS domain III,,,569,609,6.3e-38,41,1.0,True
MTH3_HAEAE_RockahShmuel_2015,MTH3_HAEAE,P20589,0.9848484848484849,1.0,330.0,PF00145,C-5 cytosine-specific DNA methylase,CL0063,NADP_Rossmann,1,321,1.2e-105,321,1.0,True
MTHR_HUMAN_Weile_2021,MTHR_HUMAN,P42898,1.0,1.0,656.0,PF02219,Methylenetetrahydrofolate reductase,CL0036,TIM_barrel,48,337,1.9e-118,290,1.0,True
MTHR_HUMAN_Weile_2021,MTHR_HUMAN,P42898,1.0,1.0,656.0,PF21895,"MTHFR, SAM-binding regulatory domain",CL0774,MTHFR_C-like,344,644,0.0,301,1.0,True
MYO3_YEAST_Tsuboyama_2023_2BTT,MYO3_YEAST,P36006,1.0,1121.0,1181.0,PF00018,SH3 domain,CL0010,SH3,1127,1174,1.2e-08,48,1.0,True
MYO3_YEAST_Tsuboyama_2023_2BTT,MYO3_YEAST,P36006,1.0,1121.0,1181.0,PF00063,Myosin head (motor domain),CL0023,P-loop_NTPase,39,702,0.0,0,0.0,False
MYO3_YEAST_Tsuboyama_2023_2BTT,MYO3_YEAST,P36006,1.0,1121.0,1181.0,PF06017,"Unconventional myosin tail, actin- and lipid-binding",CL0266,PH,773,960,3.7e-52,0,0.0,False
NCAP_I34A1_Doud_2015,NCAP_I34A1,P03466,1.0,1.0,498.0,PF00506,Influenza virus nucleoprotein,,,1,498,0.0,498,1.0,True
NKX31_HUMAN_Tsuboyama_2023_2L9R,NKX31_HUMAN,Q99801,0.9344262295081968,132.0,188.0,PF00046,Homeodomain,CL0123,HTH,125,181,2e-17,50,0.8771929824561403,True
NPC1_HUMAN_Erwood_2022_HEK293T,NPC1_HUMAN,O15118,1.0,1.0,1278.0,PF12349,Sterol-sensing domain of SREBP cleavage-activation,CL0322,RND_permease,650,802,2.7e-53,153,1.0,True
NPC1_HUMAN_Erwood_2022_HEK293T,NPC1_HUMAN,O15118,1.0,1.0,1278.0,PF16414,Niemann-Pick C1 N terminus,CL0644,Fz,23,266,1.4e-72,244,1.0,True
NPC1_HUMAN_Erwood_2022_HEK293T,NPC1_HUMAN,O15118,1.0,1.0,1278.0,PF22314,"NPC1, middle luminal domain",CL0322,RND_permease,392,607,3.7e-87,216,1.0,True
NUD15_HUMAN_Suiter_2020,NUD15_HUMAN,Q9NV35,1.0,1.0,164.0,PF00293,NUDIX domain,CL0261,NUDIX,13,132,3.1e-17,120,1.0,True
NUSA_ECOLI_Tsuboyama_2023_1WCL,NUSA_ECOLI,P0AFF6,1.0,351.0,419.0,PF00575,S1 RNA binding domain,CL0021,OB,134,195,0.37,0,0.0,False
NUSA_ECOLI_Tsuboyama_2023_1WCL,NUSA_ECOLI,P0AFF6,1.0,351.0,419.0,PF08529,NusA N-terminal domain,,,4,123,1.3e-35,0,0.0,False
NUSA_ECOLI_Tsuboyama_2023_1WCL,NUSA_ECOLI,P0AFF6,1.0,351.0,419.0,PF13184,NusA-like first KH domain,CL0007,KH,199,276,6.3e-29,0,0.0,False
NUSA_ECOLI_Tsuboyama_2023_1WCL,NUSA_ECOLI,P0AFF6,1.0,351.0,419.0,PF14520,SAM-like Helix-hairpin-helix tandem,CL0198,HHH,432,486,1.7e-07,0,0.0,False
NUSA_ECOLI_Tsuboyama_2023_1WCL,NUSA_ECOLI,P0AFF6,1.0,351.0,419.0,PF26594,NusA-like second KH domain,CL0007,KH,280,343,8.6e-19,0,0.0,False
NUSG_MYCTU_Tsuboyama_2023_2MI6,NUSG_MYCTU,P9WIU9,1.0,184.0,238.0,PF02357,Transcription termination factor nusG,CL0439,NusG-like,48,150,1.6e-23,0,0.0,False
OBSCN_HUMAN_Tsuboyama_2023_1V1C,OBSCN_HUMAN,Q5VST9,1.0,5602.0,5666.0,PF00041,Fibronectin type III domain,CL0159,E-set,4524,4607,3.5e-07,0,0.0,False
OBSCN_HUMAN_Tsuboyama_2023_1V1C,OBSCN_HUMAN,Q5VST9,1.0,5602.0,5666.0,PF00069,Protein kinase domain,CL0016,PKinase,6468,6721,5.4e-61,0,0.0,False
OBSCN_HUMAN_Tsuboyama_2023_1V1C,OBSCN_HUMAN,Q5VST9,1.0,5602.0,5666.0,PF00069,Protein kinase domain,CL0016,PKinase,7675,7924,1.6e-39,0,0.0,False
OBSCN_HUMAN_Tsuboyama_2023_1V1C,OBSCN_HUMAN,Q5VST9,1.0,5602.0,5666.0,PF00612,IQ calmodulin-binding motif,CL0220,EF_hand,4874,4893,1.2,0,0.0,False
OBSCN_HUMAN_Tsuboyama_2023_1V1C,OBSCN_HUMAN,Q5VST9,1.0,5602.0,5666.0,PF00621,RhoGEF domain,CL0852,DH-like,5697,5871,1.1e-15,0,0.0,False
OBSCN_HUMAN_Tsuboyama_2023_1V1C,OBSCN_HUMAN,Q5VST9,1.0,5602.0,5666.0,PF07679,Immunoglobulin I-set domain,CL0159,E-set,10,99,3.8e-20,0,0.0,False
OBSCN_HUMAN_Tsuboyama_2023_1V1C,OBSCN_HUMAN,Q5VST9,1.0,5602.0,5666.0,PF07679,Immunoglobulin I-set domain,CL0159,E-set,110,201,4.5e-15,0,0.0,False
OBSCN_HUMAN_Tsuboyama_2023_1V1C,OBSCN_HUMAN,Q5VST9,1.0,5602.0,5666.0,PF07679,Immunoglobulin I-set domain,CL0159,E-set,245,327,2.5e-13,0,0.0,False
OBSCN_HUMAN_Tsuboyama_2023_1V1C,OBSCN_HUMAN,Q5VST9,1.0,5602.0,5666.0,PF07679,Immunoglobulin I-set domain,CL0159,E-set,335,405,2.6e-05,0,0.0,False
OBSCN_HUMAN_Tsuboyama_2023_1V1C,OBSCN_HUMAN,Q5VST9,1.0,5602.0,5666.0,PF07679,Immunoglobulin I-set domain,CL0159,E-set,425,490,0.12,0,0.0,False
OBSCN_HUMAN_Tsuboyama_2023_1V1C,OBSCN_HUMAN,Q5VST9,1.0,5602.0,5666.0,PF07679,Immunoglobulin I-set domain,CL0159,E-set,734,779,0.05,0,0.0,False
OBSCN_HUMAN_Tsuboyama_2023_1V1C,OBSCN_HUMAN,Q5VST9,1.0,5602.0,5666.0,PF07679,Immunoglobulin I-set domain,CL0159,E-set,809,872,0.0072,0,0.0,False
OBSCN_HUMAN_Tsuboyama_2023_1V1C,OBSCN_HUMAN,Q5VST9,1.0,5602.0,5666.0,PF07679,Immunoglobulin I-set domain,CL0159,E-set,898,964,1.7e-08,0,0.0,False
OBSCN_HUMAN_Tsuboyama_2023_1V1C,OBSCN_HUMAN,Q5VST9,1.0,5602.0,5666.0,PF07679,Immunoglobulin I-set domain,CL0159,E-set,990,1057,4.2e-08,0,0.0,False
OBSCN_HUMAN_Tsuboyama_2023_1V1C,OBSCN_HUMAN,Q5VST9,1.0,5602.0,5666.0,PF07679,Immunoglobulin I-set domain,CL0159,E-set,1082,1148,4.1e-08,0,0.0,False
OBSCN_HUMAN_Tsuboyama_2023_1V1C,OBSCN_HUMAN,Q5VST9,1.0,5602.0,5666.0,PF07679,Immunoglobulin I-set domain,CL0159,E-set,1174,1240,2e-10,0,0.0,False
OBSCN_HUMAN_Tsuboyama_2023_1V1C,OBSCN_HUMAN,Q5VST9,1.0,5602.0,5666.0,PF07679,Immunoglobulin I-set domain,CL0159,E-set,1266,1332,9.9e-09,0,0.0,False
OBSCN_HUMAN_Tsuboyama_2023_1V1C,OBSCN_HUMAN,Q5VST9,1.0,5602.0,5666.0,PF07679,Immunoglobulin I-set domain,CL0159,E-set,1358,1424,1.7e-08,0,0.0,False
OBSCN_HUMAN_Tsuboyama_2023_1V1C,OBSCN_HUMAN,Q5VST9,1.0,5602.0,5666.0,PF07679,Immunoglobulin I-set domain,CL0159,E-set,1450,1517,5.7e-06,0,0.0,False
OBSCN_HUMAN_Tsuboyama_2023_1V1C,OBSCN_HUMAN,Q5VST9,1.0,5602.0,5666.0,PF07679,Immunoglobulin I-set domain,CL0159,E-set,1541,1609,6.9e-10,0,0.0,False
OBSCN_HUMAN_Tsuboyama_2023_1V1C,OBSCN_HUMAN,Q5VST9,1.0,5602.0,5666.0,PF07679,Immunoglobulin I-set domain,CL0159,E-set,1634,1700,3.4e-08,0,0.0,False
OBSCN_HUMAN_Tsuboyama_2023_1V1C,OBSCN_HUMAN,Q5VST9,1.0,5602.0,5666.0,PF07679,Immunoglobulin I-set domain,CL0159,E-set,1726,1796,1.1e-05,0,0.0,False
OBSCN_HUMAN_Tsuboyama_2023_1V1C,OBSCN_HUMAN,Q5VST9,1.0,5602.0,5666.0,PF07679,Immunoglobulin I-set domain,CL0159,E-set,1810,1894,0.0042,0,0.0,False
OBSCN_HUMAN_Tsuboyama_2023_1V1C,OBSCN_HUMAN,Q5VST9,1.0,5602.0,5666.0,PF07679,Immunoglobulin I-set domain,CL0159,E-set,1900,1978,1.2e-07,0,0.0,False
OBSCN_HUMAN_Tsuboyama_2023_1V1C,OBSCN_HUMAN,Q5VST9,1.0,5602.0,5666.0,PF07679,Immunoglobulin I-set domain,CL0159,E-set,1990,2073,0.0092,0,0.0,False
OBSCN_HUMAN_Tsuboyama_2023_1V1C,OBSCN_HUMAN,Q5VST9,1.0,5602.0,5666.0,PF07679,Immunoglobulin I-set domain,CL0159,E-set,2167,2250,2.4e-08,0,0.0,False
OBSCN_HUMAN_Tsuboyama_2023_1V1C,OBSCN_HUMAN,Q5VST9,1.0,5602.0,5666.0,PF07679,Immunoglobulin I-set domain,CL0159,E-set,2293,2364,4.1e-05,0,0.0,False
OBSCN_HUMAN_Tsuboyama_2023_1V1C,OBSCN_HUMAN,Q5VST9,1.0,5602.0,5666.0,PF07679,Immunoglobulin I-set domain,CL0159,E-set,2471,2553,2.3e-08,0,0.0,False
OBSCN_HUMAN_Tsuboyama_2023_1V1C,OBSCN_HUMAN,Q5VST9,1.0,5602.0,5666.0,PF07679,Immunoglobulin I-set domain,CL0159,E-set,2560,2626,0.0059,0,0.0,False
OBSCN_HUMAN_Tsuboyama_2023_1V1C,OBSCN_HUMAN,Q5VST9,1.0,5602.0,5666.0,PF07679,Immunoglobulin I-set domain,CL0159,E-set,2648,2724,1.8e-06,0,0.0,False
OBSCN_HUMAN_Tsuboyama_2023_1V1C,OBSCN_HUMAN,Q5VST9,1.0,5602.0,5666.0,PF07679,Immunoglobulin I-set domain,CL0159,E-set,2738,2809,0.016,0,0.0,False
OBSCN_HUMAN_Tsuboyama_2023_1V1C,OBSCN_HUMAN,Q5VST9,1.0,5602.0,5666.0,PF07679,Immunoglobulin I-set domain,CL0159,E-set,2829,2909,1.1e-07,0,0.0,False
OBSCN_HUMAN_Tsuboyama_2023_1V1C,OBSCN_HUMAN,Q5VST9,1.0,5602.0,5666.0,PF07679,Immunoglobulin I-set domain,CL0159,E-set,2918,2993,1.6e-05,0,0.0,False
OBSCN_HUMAN_Tsuboyama_2023_1V1C,OBSCN_HUMAN,Q5VST9,1.0,5602.0,5666.0,PF07679,Immunoglobulin I-set domain,CL0159,E-set,3006,3080,0.0093,0,0.0,False
OBSCN_HUMAN_Tsuboyama_2023_1V1C,OBSCN_HUMAN,Q5VST9,1.0,5602.0,5666.0,PF07679,Immunoglobulin I-set domain,CL0159,E-set,3097,3170,3.1e-08,0,0.0,False
OBSCN_HUMAN_Tsuboyama_2023_1V1C,OBSCN_HUMAN,Q5VST9,1.0,5602.0,5666.0,PF07679,Immunoglobulin I-set domain,CL0159,E-set,3186,3269,1.1e-05,0,0.0,False
OBSCN_HUMAN_Tsuboyama_2023_1V1C,OBSCN_HUMAN,Q5VST9,1.0,5602.0,5666.0,PF07679,Immunoglobulin I-set domain,CL0159,E-set,3275,3350,0.0003,0,0.0,False
OBSCN_HUMAN_Tsuboyama_2023_1V1C,OBSCN_HUMAN,Q5VST9,1.0,5602.0,5666.0,PF07679,Immunoglobulin I-set domain,CL0159,E-set,3363,3445,4.6e-05,0,0.0,False
OBSCN_HUMAN_Tsuboyama_2023_1V1C,OBSCN_HUMAN,Q5VST9,1.0,5602.0,5666.0,PF07679,Immunoglobulin I-set domain,CL0159,E-set,3451,3531,0.0016,0,0.0,False
OBSCN_HUMAN_Tsuboyama_2023_1V1C,OBSCN_HUMAN,Q5VST9,1.0,5602.0,5666.0,PF07679,Immunoglobulin I-set domain,CL0159,E-set,3539,3610,1e-06,0,0.0,False
OBSCN_HUMAN_Tsuboyama_2023_1V1C,OBSCN_HUMAN,Q5VST9,1.0,5602.0,5666.0,PF07679,Immunoglobulin I-set domain,CL0159,E-set,3627,3698,7.8e-05,0,0.0,False
OBSCN_HUMAN_Tsuboyama_2023_1V1C,OBSCN_HUMAN,Q5VST9,1.0,5602.0,5666.0,PF07679,Immunoglobulin I-set domain,CL0159,E-set,3715,3797,9.4e-06,0,0.0,False
OBSCN_HUMAN_Tsuboyama_2023_1V1C,OBSCN_HUMAN,Q5VST9,1.0,5602.0,5666.0,PF07679,Immunoglobulin I-set domain,CL0159,E-set,3803,3885,1e-06,0,0.0,False
OBSCN_HUMAN_Tsuboyama_2023_1V1C,OBSCN_HUMAN,Q5VST9,1.0,5602.0,5666.0,PF07679,Immunoglobulin I-set domain,CL0159,E-set,3890,3974,4.4e-08,0,0.0,False
OBSCN_HUMAN_Tsuboyama_2023_1V1C,OBSCN_HUMAN,Q5VST9,1.0,5602.0,5666.0,PF07679,Immunoglobulin I-set domain,CL0159,E-set,3980,4051,0.00015,0,0.0,False
OBSCN_HUMAN_Tsuboyama_2023_1V1C,OBSCN_HUMAN,Q5VST9,1.0,5602.0,5666.0,PF07679,Immunoglobulin I-set domain,CL0159,E-set,4068,4143,6.2e-06,0,0.0,False
OBSCN_HUMAN_Tsuboyama_2023_1V1C,OBSCN_HUMAN,Q5VST9,1.0,5602.0,5666.0,PF07679,Immunoglobulin I-set domain,CL0159,E-set,4161,4244,0.0015,0,0.0,False
OBSCN_HUMAN_Tsuboyama_2023_1V1C,OBSCN_HUMAN,Q5VST9,1.0,5602.0,5666.0,PF07679,Immunoglobulin I-set domain,CL0159,E-set,4252,4336,0.01,0,0.0,False
OBSCN_HUMAN_Tsuboyama_2023_1V1C,OBSCN_HUMAN,Q5VST9,1.0,5602.0,5666.0,PF07679,Immunoglobulin I-set domain,CL0159,E-set,4630,4696,0.0019,0,0.0,False
OBSCN_HUMAN_Tsuboyama_2023_1V1C,OBSCN_HUMAN,Q5VST9,1.0,5602.0,5666.0,PF07679,Immunoglobulin I-set domain,CL0159,E-set,4898,4988,1.9e-12,0,0.0,False
OBSCN_HUMAN_Tsuboyama_2023_1V1C,OBSCN_HUMAN,Q5VST9,1.0,5602.0,5666.0,PF07679,Immunoglobulin I-set domain,CL0159,E-set,5126,5216,4.7e-19,0,0.0,False
OBSCN_HUMAN_Tsuboyama_2023_1V1C,OBSCN_HUMAN,Q5VST9,1.0,5602.0,5666.0,PF07679,Immunoglobulin I-set domain,CL0159,E-set,5260,5350,2.4e-12,0,0.0,False
OBSCN_HUMAN_Tsuboyama_2023_1V1C,OBSCN_HUMAN,Q5VST9,1.0,5602.0,5666.0,PF07679,Immunoglobulin I-set domain,CL0159,E-set,5371,5466,4.6e-10,0,0.0,False
OBSCN_HUMAN_Tsuboyama_2023_1V1C,OBSCN_HUMAN,Q5VST9,1.0,5602.0,5666.0,PF07679,Immunoglobulin I-set domain,CL0159,E-set,6014,6098,4.3e-12,0,0.0,False
OBSCN_HUMAN_Tsuboyama_2023_1V1C,OBSCN_HUMAN,Q5VST9,1.0,5602.0,5666.0,PF07679,Immunoglobulin I-set domain,CL0159,E-set,6108,6199,1.1e-12,0,0.0,False
OBSCN_HUMAN_Tsuboyama_2023_1V1C,OBSCN_HUMAN,Q5VST9,1.0,5602.0,5666.0,PF07679,Immunoglobulin I-set domain,CL0159,E-set,6357,6446,2e-16,0,0.0,False
OBSCN_HUMAN_Tsuboyama_2023_1V1C,OBSCN_HUMAN,Q5VST9,1.0,5602.0,5666.0,PF07679,Immunoglobulin I-set domain,CL0159,E-set,7463,7548,3.6e-12,0,0.0,False
OBSCN_HUMAN_Tsuboyama_2023_1V1C,OBSCN_HUMAN,Q5VST9,1.0,5602.0,5666.0,PF22697,SOS1/NGEF-like PH domain,CL0266,PH,5890,6000,2.9e-22,0,0.0,False
ODP2_GEOSE_Tsuboyama_2023_1W4G,ODP2_GEOSE,P11961,0.9772727272727273,126.0,169.0,PF00198,2-oxoacid dehydrogenases acyltransferase (catalytic domain),CL0149,CoA-acyltrans,198,426,1.3e-90,0,0.0,False
ODP2_GEOSE_Tsuboyama_2023_1W4G,ODP2_GEOSE,P11961,0.9772727272727273,126.0,169.0,PF00364,Biotin-requiring enzyme,CL0105,Hybrid,4,76,1.3e-21,0,0.0,False
ODP2_GEOSE_Tsuboyama_2023_1W4G,ODP2_GEOSE,P11961,0.9772727272727273,126.0,169.0,PF02817,e3 binding domain,,,129,163,2.2e-12,35,1.0,True
OTC_HUMAN_Lo_2023,OTC_HUMAN,P00480,1.0,1.0,354.0,PF00185,"Aspartate/ornithine carbamoyltransferase, Asp/Orn binding domain",CL0063,NADP_Rossmann,187,340,5.6e-49,154,1.0,True
OTC_HUMAN_Lo_2023,OTC_HUMAN,P00480,1.0,1.0,354.0,PF02729,"Aspartate/ornithine carbamoyltransferase, carbamoyl-P binding domain",,,40,181,5.7e-41,142,1.0,True
OTU7A_HUMAN_Tsuboyama_2023_2L2D,OTU7A_HUMAN,Q8TE49,1.0,24.0,65.0,PF01754,A20-like zinc finger,CL0839,Tbcl_zf,889,916,0.00016,0,0.0,False
OTU7A_HUMAN_Tsuboyama_2023_2L2D,OTU7A_HUMAN,Q8TE49,1.0,24.0,65.0,PF02338,OTU-like cysteine protease,CL0125,Peptidase_CA,206,368,8.5e-15,0,0.0,False
OTU7A_HUMAN_Tsuboyama_2023_2L2D,OTU7A_HUMAN,Q8TE49,1.0,24.0,65.0,PF28552,"OTUD7A/B, UBA domain",CL0214,UBA,26,75,8.6e-23,40,0.9523809523809523,True
OXDA_RHOTO_Vanella_2023_activity,OXDA_RHOTO,P80324,1.0,2.0,365.0,PF01266,FAD dependent oxidoreductase,CL0063,NADP_Rossmann,6,351,6.1e-38,346,1.0,True
OXDA_RHOTO_Vanella_2023_expression,OXDA_RHOTO,P80324,1.0,2.0,365.0,PF01266,FAD dependent oxidoreductase,CL0063,NADP_Rossmann,6,351,6.1e-38,346,1.0,True
P53_HUMAN_Giacomelli_2018_Null_Etoposide,P53_HUMAN,P04637,0.9974554707379135,1.0,393.0,PF00870,P53 DNA-binding domain,CL0073,P53-like,100,288,1.1e-59,189,1.0,True
P53_HUMAN_Giacomelli_2018_Null_Etoposide,P53_HUMAN,P04637,0.9974554707379135,1.0,393.0,PF07710,P53 tetramerisation motif,,,319,357,2.3e-13,39,1.0,True
P53_HUMAN_Giacomelli_2018_Null_Etoposide,P53_HUMAN,P04637,0.9974554707379135,1.0,393.0,PF08563,P53 transactivation motif,,,6,30,2.3e-08,25,1.0,True
P53_HUMAN_Giacomelli_2018_Null_Etoposide,P53_HUMAN,P04637,0.9974554707379135,1.0,393.0,PF18521,Transactivation domain 2,,,35,59,2.2e-14,25,1.0,True
P53_HUMAN_Giacomelli_2018_Null_Nutlin,P53_HUMAN,P04637,0.9974554707379135,1.0,393.0,PF00870,P53 DNA-binding domain,CL0073,P53-like,100,288,1.1e-59,189,1.0,True
P53_HUMAN_Giacomelli_2018_Null_Nutlin,P53_HUMAN,P04637,0.9974554707379135,1.0,393.0,PF07710,P53 tetramerisation motif,,,319,357,2.3e-13,39,1.0,True
P53_HUMAN_Giacomelli_2018_Null_Nutlin,P53_HUMAN,P04637,0.9974554707379135,1.0,393.0,PF08563,P53 transactivation motif,,,6,30,2.3e-08,25,1.0,True
P53_HUMAN_Giacomelli_2018_Null_Nutlin,P53_HUMAN,P04637,0.9974554707379135,1.0,393.0,PF18521,Transactivation domain 2,,,35,59,2.2e-14,25,1.0,True
P53_HUMAN_Giacomelli_2018_WT_Nutlin,P53_HUMAN,P04637,0.9974554707379135,1.0,393.0,PF00870,P53 DNA-binding domain,CL0073,P53-like,100,288,1.1e-59,189,1.0,True
P53_HUMAN_Giacomelli_2018_WT_Nutlin,P53_HUMAN,P04637,0.9974554707379135,1.0,393.0,PF07710,P53 tetramerisation motif,,,319,357,2.3e-13,39,1.0,True
P53_HUMAN_Giacomelli_2018_WT_Nutlin,P53_HUMAN,P04637,0.9974554707379135,1.0,393.0,PF08563,P53 transactivation motif,,,6,30,2.3e-08,25,1.0,True
P53_HUMAN_Giacomelli_2018_WT_Nutlin,P53_HUMAN,P04637,0.9974554707379135,1.0,393.0,PF18521,Transactivation domain 2,,,35,59,2.2e-14,25,1.0,True
P53_HUMAN_Kotler_2018,P53_HUMAN,P04637,1.0,1.0,393.0,PF00870,P53 DNA-binding domain,CL0073,P53-like,100,288,1.1e-59,189,1.0,True
P53_HUMAN_Kotler_2018,P53_HUMAN,P04637,1.0,1.0,393.0,PF07710,P53 tetramerisation motif,,,319,357,2.3e-13,39,1.0,True
P53_HUMAN_Kotler_2018,P53_HUMAN,P04637,1.0,1.0,393.0,PF08563,P53 transactivation motif,,,6,30,2.3e-08,25,1.0,True
P53_HUMAN_Kotler_2018,P53_HUMAN,P04637,1.0,1.0,393.0,PF18521,Transactivation domain 2,,,35,59,2.2e-14,25,1.0,True
P84126_THETH_Chan_2017,P84126_THETH,P84126,1.0,1.0,254.0,PF00218,Indole-3-glycerol phosphate synthase,CL0036,TIM_barrel,32,252,2.1e-63,221,1.0,True
PABP_YEAST_Melamed_2013,PABP_YEAST,P04147,1.0,1.0,577.0,PF00076,RNA recognition motif,CL0221,RRM,40,109,4.2e-15,70,1.0,True
PABP_YEAST_Melamed_2013,PABP_YEAST,P04147,1.0,1.0,577.0,PF00076,RNA recognition motif,CL0221,RRM,128,196,4.3e-18,69,1.0,True
PABP_YEAST_Melamed_2013,PABP_YEAST,P04147,1.0,1.0,577.0,PF00076,RNA recognition motif,CL0221,RRM,221,289,1.5e-17,69,1.0,True
PABP_YEAST_Melamed_2013,PABP_YEAST,P04147,1.0,1.0,577.0,PF00076,RNA recognition motif,CL0221,RRM,324,392,5.9e-16,69,1.0,True
PABP_YEAST_Melamed_2013,PABP_YEAST,P04147,1.0,1.0,577.0,PF00658,MLLE domain,CL0828,PABC-like,498,563,1.7e-15,66,1.0,True
PAI1_HUMAN_Huttinger_2021,PAI1_HUMAN,P05121,1.0,1.0,402.0,PF00079,Serpin (serine protease inhibitor),,,35,402,5.3e-109,368,1.0,True
PA_I34A1_Wu_2015,PA_I34A1,P03433,0.9762569832402235,1.0,715.0,PF00603,Influenza RNA-dependent RNA polymerase subunit PA,CL0236,PDDEXK,21,714,0.0,694,1.0,True
PHOT_CHLRE_Chen_2023,PHOT_CHLRE,Q8LPD9,0.9915254237288136,16.0,133.0,PF00069,Protein kinase domain,CL0016,PKinase,405,553,1.4e-31,0,0.0,False
PHOT_CHLRE_Chen_2023,PHOT_CHLRE,Q8LPD9,0.9915254237288136,16.0,133.0,PF00069,Protein kinase domain,CL0016,PKinase,606,712,4.7e-21,0,0.0,False
PHOT_CHLRE_Chen_2023,PHOT_CHLRE,Q8LPD9,0.9915254237288136,16.0,133.0,PF13426,PAS domain,CL0183,PAS_Fold,28,124,8.8e-20,97,1.0,True
PHOT_CHLRE_Chen_2023,PHOT_CHLRE,Q8LPD9,0.9915254237288136,16.0,133.0,PF13426,PAS domain,CL0183,PAS_Fold,221,318,4.5e-19,0,0.0,False
PIN1_HUMAN_Tsuboyama_2023_1I6C,PIN1_HUMAN,Q13526,1.0,6.0,44.0,PF00397,WW domain,CL0680,WW,7,37,5.4e-12,31,1.0,True
PIN1_HUMAN_Tsuboyama_2023_1I6C,PIN1_HUMAN,Q13526,1.0,6.0,44.0,PF00639,PPIC-type PPIASE domain,CL0487,FKBP,59,162,7.9e-19,0,0.0,False
PITX2_HUMAN_Tsuboyama_2023_2L7M,PITX2_HUMAN,Q99697,0.9807692307692307,90.0,141.0,PF00046,Homeodomain,CL0123,HTH,86,142,1.2e-19,52,1.0,True
PITX2_HUMAN_Tsuboyama_2023_2L7M,PITX2_HUMAN,Q99697,0.9807692307692307,90.0,141.0,PF03826,OAR motif,,,275,292,3e-05,0,0.0,False
PKN1_HUMAN_Tsuboyama_2023_1URF,PKN1_HUMAN,Q16512,0.9577464788732394,122.0,189.0,PF00069,Protein kinase domain,CL0016,PKinase,616,874,1.3e-58,0,0.0,False
PKN1_HUMAN_Tsuboyama_2023_1URF,PKN1_HUMAN,Q16512,0.9577464788732394,122.0,189.0,PF00433,Protein kinase C terminal domain,,,895,937,7.2e-09,0,0.0,False
PKN1_HUMAN_Tsuboyama_2023_1URF,PKN1_HUMAN,Q16512,0.9577464788732394,122.0,189.0,PF02185,Hr1 repeat,CL0899,HR1,39,98,1.1e-10,0,0.0,False
PKN1_HUMAN_Tsuboyama_2023_1URF,PKN1_HUMAN,Q16512,0.9577464788732394,122.0,189.0,PF02185,Hr1 repeat,CL0899,HR1,128,193,1.5e-14,62,0.9393939393939394,True
PKN1_HUMAN_Tsuboyama_2023_1URF,PKN1_HUMAN,Q16512,0.9577464788732394,122.0,189.0,PF02185,Hr1 repeat,CL0899,HR1,214,275,9.1e-14,0,0.0,False
POLG_CXB3N_Mattenberger_2021,POLG_CXB3N,P03313,0.9988385598141696,1.0,861.0,PF00073,picornavirus capsid protein,CL0055,Nucleoplasmin,93,302,6.2e-56,210,1.0,True
POLG_CXB3N_Mattenberger_2021,POLG_CXB3N,P03313,0.9988385598141696,1.0,861.0,PF00073,picornavirus capsid protein,CL0055,Nucleoplasmin,361,526,2e-47,166,1.0,True
POLG_CXB3N_Mattenberger_2021,POLG_CXB3N,P03313,0.9988385598141696,1.0,861.0,PF00548,3C cysteine protease (picornain 3C),CL0124,Peptidase_PA,1541,1706,7.7e-54,0,0.0,False
POLG_CXB3N_Mattenberger_2021,POLG_CXB3N,P03313,0.9988385598141696,1.0,861.0,PF00680,Viral RNA-dependent RNA polymerase,CL0027,RdRP,1750,2161,9.4e-49,0,0.0,False
POLG_CXB3N_Mattenberger_2021,POLG_CXB3N,P03313,0.9988385598141696,1.0,861.0,PF00910,RNA helicase,CL0023,P-loop_NTPase,1226,1323,1.2e-27,0,0.0,False
POLG_CXB3N_Mattenberger_2021,POLG_CXB3N,P03313,0.9988385598141696,1.0,861.0,PF00947,Picornavirus core protein 2A,CL0124,Peptidase_PA,870,996,4.1e-62,0,0.0,False
POLG_CXB3N_Mattenberger_2021,POLG_CXB3N,P03313,0.9988385598141696,1.0,861.0,PF01552,Picornavirus 2B protein,,,1001,1100,1.4e-26,0,0.0,False
POLG_CXB3N_Mattenberger_2021,POLG_CXB3N,P03313,0.9988385598141696,1.0,861.0,PF02226,Picornavirus coat protein (VP4),CL0055,Nucleoplasmin,2,69,9.6e-27,68,1.0,True
POLG_CXB3N_Mattenberger_2021,POLG_CXB3N,P03313,0.9988385598141696,1.0,861.0,PF08727,Poliovirus 3A protein like,,,1434,1490,1.4e-11,0,0.0,False
POLG_CXB3N_Mattenberger_2021,POLG_CXB3N,P03313,0.9988385598141696,1.0,861.0,PF22663,Picornavirus coat protein,CL0055,Nucleoplasmin,603,819,5.1e-42,217,1.0,True
POLG_DEN26_Suphatrakul_2023,POLG_DEN26,P29990,0.9922222222222222,2492.0,3391.0,PF00869,"Flavivirus glycoprotein, central and dimerisation domains",CL0543,Viral_gly_cn_dm,282,576,0.0,0,0.0,False
POLG_DEN26_Suphatrakul_2023,POLG_DEN26,P29990,0.9922222222222222,2492.0,3391.0,PF00948,Flavivirus non-structural Protein NS1,,,777,1129,0.0,0,0.0,False
POLG_DEN26_Suphatrakul_2023,POLG_DEN26,P29990,0.9922222222222222,2492.0,3391.0,PF00949,"Peptidase S7, Flavivirus NS3 serine protease",CL0124,Peptidase_PA,1492,1643,1.1e-29,0,0.0,False
POLG_DEN26_Suphatrakul_2023,POLG_DEN26,P29990,0.9922222222222222,2492.0,3391.0,PF00972,"Flavivirus RNA-directed RNA polymerase, fingers and palm domains",CL0027,RdRP,2742,3191,0.0,450,1.0,True
POLG_DEN26_Suphatrakul_2023,POLG_DEN26,P29990,0.9922222222222222,2492.0,3391.0,PF01002,Flavivirus non-structural protein NS2B,,,1349,1475,3e-41,0,0.0,False
POLG_DEN26_Suphatrakul_2023,POLG_DEN26,P29990,0.9922222222222222,2492.0,3391.0,PF01003,Flavivirus capsid protein C,,,5,113,8.8e-28,0,0.0,False
POLG_DEN26_Suphatrakul_2023,POLG_DEN26,P29990,0.9922222222222222,2492.0,3391.0,PF01004,Flavivirus envelope glycoprotein M,,,207,279,1.1e-24,0,0.0,False
POLG_DEN26_Suphatrakul_2023,POLG_DEN26,P29990,0.9922222222222222,2492.0,3391.0,PF01005,Flavivirus non-structural protein NS2A,,,1138,1313,6.8e-27,0,0.0,False
POLG_DEN26_Suphatrakul_2023,POLG_DEN26,P29990,0.9922222222222222,2492.0,3391.0,PF01349,Flavivirus non-structural protein NS4B,,,2244,2484,3.8e-111,0,0.0,False
POLG_DEN26_Suphatrakul_2023,POLG_DEN26,P29990,0.9922222222222222,2492.0,3391.0,PF01350,Flavivirus non-structural protein NS4A,,,2099,2240,1e-54,0,0.0,False
POLG_DEN26_Suphatrakul_2023,POLG_DEN26,P29990,0.9922222222222222,2492.0,3391.0,PF01570,Flavivirus polyprotein propeptide,,,120,204,9.7e-33,0,0.0,False
POLG_DEN26_Suphatrakul_2023,POLG_DEN26,P29990,0.9922222222222222,2492.0,3391.0,PF01728,FtsJ-like methyltransferase,CL0063,NADP_Rossmann,2546,2713,7.7e-17,168,1.0,True
POLG_DEN26_Suphatrakul_2023,POLG_DEN26,P29990,0.9922222222222222,2492.0,3391.0,PF02832,"Flavivirus glycoprotein, immunoglobulin-like domain",CL0159,E-set,578,673,2.2e-32,0,0.0,False
POLG_DEN26_Suphatrakul_2023,POLG_DEN26,P29990,0.9922222222222222,2492.0,3391.0,PF07652,Flavivirus DEAD domain,CL0023,P-loop_NTPase,1658,1805,2e-69,0,0.0,False
POLG_DEN26_Suphatrakul_2023,POLG_DEN26,P29990,0.9922222222222222,2492.0,3391.0,PF20483,"Flavivirus RNA-directed RNA polymerase, thumb domain",CL0027,RdRP,3196,3358,1e-71,163,1.0,True
POLG_DEN26_Suphatrakul_2023,POLG_DEN26,P29990,0.9922222222222222,2492.0,3391.0,PF20907,"Flavivirus NS3 helicase, C-terminal helical domain",,,1949,2091,2.2e-61,0,0.0,False
POLG_DEN26_Suphatrakul_2023,POLG_DEN26,P29990,0.9922222222222222,2492.0,3391.0,PF21659,"Flavivirus envelope glycoprotein E, stem/anchor domain",,,676,770,3e-43,0,0.0,False
POLG_HCVJF_Qi_2014,POLG_HCVJF,Q99IB8,1.0,1984.0,2089.0,PF00998,Viral RNA dependent RNA polymerase,CL0027,RdRP,2445,2955,0.0,0,0.0,False
POLG_HCVJF_Qi_2014,POLG_HCVJF,Q99IB8,1.0,1984.0,2089.0,PF01001,Hepatitis C virus non-structural protein NS4b,,,1733,1925,7.4e-76,0,0.0,False
POLG_HCVJF_Qi_2014,POLG_HCVJF,Q99IB8,1.0,1984.0,2089.0,PF01006,Hepatitis C virus non-structural protein NS4a,,,1662,1715,7.9e-19,0,0.0,False
POLG_HCVJF_Qi_2014,POLG_HCVJF,Q99IB8,1.0,1984.0,2089.0,PF01506,Hepatitis C virus non-structural 5a protein membrane anchor,,,1978,1999,3e-06,16,0.7272727272727273,True
POLG_HCVJF_Qi_2014,POLG_HCVJF,Q99IB8,1.0,1984.0,2089.0,PF01538,Hepatitis C virus non-structural protein NS2,,,818,1009,8.4e-82,0,0.0,False
POLG_HCVJF_Qi_2014,POLG_HCVJF,Q99IB8,1.0,1984.0,2089.0,PF01539,Hepatitis C virus envelope glycoprotein E1,,,193,382,1.2e-105,0,0.0,False
POLG_HCVJF_Qi_2014,POLG_HCVJF,Q99IB8,1.0,1984.0,2089.0,PF01542,Hepatitis C virus core protein,,,116,190,3.2e-41,0,0.0,False
POLG_HCVJF_Qi_2014,POLG_HCVJF,Q99IB8,1.0,1984.0,2089.0,PF01543,Hepatitis C virus capsid protein,,,2,115,5.9e-50,0,0.0,False
POLG_HCVJF_Qi_2014,POLG_HCVJF,Q99IB8,1.0,1984.0,2089.0,PF01560,Hepatitis C virus non-structural protein E2/NS1,,,387,733,0.0,0,0.0,False
POLG_HCVJF_Qi_2014,POLG_HCVJF,Q99IB8,1.0,1984.0,2089.0,PF02907,Hepatitis C virus NS3 protease,CL0124,Peptidase_PA,1060,1206,1e-64,0,0.0,False
POLG_HCVJF_Qi_2014,POLG_HCVJF,Q99IB8,1.0,1984.0,2089.0,PF07652,Flavivirus DEAD domain,CL0023,P-loop_NTPase,1295,1359,0.023,0,0.0,False
POLG_HCVJF_Qi_2014,POLG_HCVJF,Q99IB8,1.0,1984.0,2089.0,PF08300,Hepatitis C virus non-structural 5a zinc finger domain,,,2010,2070,2e-20,61,1.0,True
POLG_HCVJF_Qi_2014,POLG_HCVJF,Q99IB8,1.0,1984.0,2089.0,PF08301,Hepatitis C virus non-structural 5a domain 1b,,,2072,2172,1.3e-36,18,0.1782178217821782,False
POLG_HCVJF_Qi_2014,POLG_HCVJF,Q99IB8,1.0,1984.0,2089.0,PF12941,HCV NS5a protein C-terminal region,,,2184,2406,4.4e-61,0,0.0,False
POLG_HCVJF_Qi_2014,POLG_HCVJF,Q99IB8,1.0,1984.0,2089.0,PF22027,"NS3 RNA helicase, C-terminal helical domain",,,1520,1659,6.2e-81,0,0.0,False
POLG_PESV_Tsuboyama_2023_2MXD,POLG_PESV,Q9QEJ5,1.0,950.0,1002.0,PF00680,Viral RNA-dependent RNA polymerase,CL0027,RdRP,1236,1660,1.4e-77,0,0.0,False
POLG_PESV_Tsuboyama_2023_2MXD,POLG_PESV,Q9QEJ5,1.0,950.0,1002.0,PF00910,RNA helicase,CL0023,P-loop_NTPase,460,554,4.1e-17,0,0.0,False
POLG_PESV_Tsuboyama_2023_2MXD,POLG_PESV,Q9QEJ5,1.0,950.0,1002.0,PF00915,Calicivirus coat protein,CL0055,Nucleoplasmin,1733,1990,5.5e-61,0,0.0,False
POLG_PESV_Tsuboyama_2023_2MXD,POLG_PESV,Q9QEJ5,1.0,950.0,1002.0,PF03510,2C endopeptidase (C24) cysteine protease family,CL0124,Peptidase_PA,1063,1169,3.2e-13,0,0.0,False
POLG_PESV_Tsuboyama_2023_2MXD,POLG_PESV,Q9QEJ5,1.0,950.0,1002.0,PF20915,Viral genome-linked protein,,,940,999,1.1e-08,50,0.9433962264150944,True
PPARG_HUMAN_Majithia_2016,PPARG_HUMAN,P37231,1.0,1.0,505.0,PF00104,Ligand-binding domain of nuclear hormone receptor,,,319,485,5.3e-17,167,1.0,True
PPARG_HUMAN_Majithia_2016,PPARG_HUMAN,P37231,1.0,1.0,505.0,PF00105,"Double treble clef zinc finger, C4 type",CL0839,Tbcl_zf,138,204,8.3e-24,67,1.0,True
PPARG_HUMAN_Majithia_2016,PPARG_HUMAN,P37231,1.0,1.0,505.0,PF12577,PPAR gamma N-terminal region,,,31,108,2e-35,78,1.0,True
PPM1D_HUMAN_Miller_2022,PPM1D_HUMAN,O15297,1.0,1.0,605.0,PF00481,Protein phosphatase 2C,CL0238,PP2C,71,360,5.3e-61,290,1.0,True
PR40A_HUMAN_Tsuboyama_2023_1UZC,PR40A_HUMAN,O75400,1.0,387.0,449.0,PF00397,WW domain,CL0680,WW,145,171,8.2e-08,0,0.0,False
PR40A_HUMAN_Tsuboyama_2023_1UZC,PR40A_HUMAN,O75400,1.0,387.0,449.0,PF00397,WW domain,CL0680,WW,185,212,2e-05,0,0.0,False
PR40A_HUMAN_Tsuboyama_2023_1UZC,PR40A_HUMAN,O75400,1.0,387.0,449.0,PF01846,FF domain,CL0584,FF,395,444,7.1e-14,50,1.0,True
PR40A_HUMAN_Tsuboyama_2023_1UZC,PR40A_HUMAN,O75400,1.0,387.0,449.0,PF01846,FF domain,CL0584,FF,462,510,0.13,0,0.0,False
PR40A_HUMAN_Tsuboyama_2023_1UZC,PR40A_HUMAN,O75400,1.0,387.0,449.0,PF01846,FF domain,CL0584,FF,609,664,5.9e-06,0,0.0,False
PR40A_HUMAN_Tsuboyama_2023_1UZC,PR40A_HUMAN,O75400,1.0,387.0,449.0,PF01846,FF domain,CL0584,FF,746,796,0.00051,0,0.0,False
PR40A_HUMAN_Tsuboyama_2023_1UZC,PR40A_HUMAN,O75400,1.0,387.0,449.0,PF25432,"PRPF40A-like, FF domain",CL0584,FF,671,729,7.6e-22,0,0.0,False
PRKN_HUMAN_Clausen_2023,PRKN_HUMAN,O60260,1.0,1.0,465.0,PF00240,Ubiquitin family,CL0072,Ubiquitin,3,72,3.7e-15,70,1.0,True
PRKN_HUMAN_Clausen_2023,PRKN_HUMAN,O60260,1.0,1.0,465.0,PF17976,RING/Ubox like zinc-binding domain,CL0229,RING,145,217,1.1e-35,73,1.0,True
PRKN_HUMAN_Clausen_2023,PRKN_HUMAN,O60260,1.0,1.0,465.0,PF17978,RING/Ubox like zinc-binding domain,CL0229,RING,228,318,2.7e-42,91,1.0,True
PRKN_HUMAN_Clausen_2023,PRKN_HUMAN,O60260,1.0,1.0,465.0,PF22605,IBR domain,CL0229,RING,411,459,2.8e-12,49,1.0,True
PSAE_PICP2_Tsuboyama_2023_1PSE,PSAE_PICP2,P31969,1.0,2.0,69.0,PF02427,Photosystem I reaction centre subunit IV / PsaE,CL0010,SH3,3,69,1.4e-30,67,1.0,True
PTEN_HUMAN_Matreyek_2021,PTEN_HUMAN,P60484,1.0,1.0,403.0,PF10409,C2 domain of PTEN tumour-suppressor protein,CL0154,C2,189,348,1.7e-35,160,1.0,True
PTEN_HUMAN_Matreyek_2021,PTEN_HUMAN,P60484,1.0,1.0,403.0,PF22785,"Polymorphic toxin system, DSP-PTPase phosphatase",CL0031,Phosphatase,67,143,6.9e-06,77,1.0,True
PTEN_HUMAN_Mighell_2018,PTEN_HUMAN,P60484,1.0,1.0,403.0,PF10409,C2 domain of PTEN tumour-suppressor protein,CL0154,C2,189,348,1.7e-35,160,1.0,True
PTEN_HUMAN_Mighell_2018,PTEN_HUMAN,P60484,1.0,1.0,403.0,PF22785,"Polymorphic toxin system, DSP-PTPase phosphatase",CL0031,Phosphatase,67,143,6.9e-06,77,1.0,True
Q53Z42_HUMAN_McShan_2019_binding-TAPBPR,Q53Z42_HUMAN,Q53Z42,1.0,1.0,365.0,PF00129,"Class I Histocompatibility antigen, domains alpha 1 and 2",CL0343,MHC,25,203,1.4e-88,179,1.0,True
Q53Z42_HUMAN_McShan_2019_binding-TAPBPR,Q53Z42_HUMAN,Q53Z42,1.0,1.0,365.0,PF06623,MHC_I C-terminus,,,337,364,2.8e-12,28,1.0,True
Q53Z42_HUMAN_McShan_2019_binding-TAPBPR,Q53Z42_HUMAN,Q53Z42,1.0,1.0,365.0,PF07654,Immunoglobulin C1-set domain,CL0159,E-set,218,290,9.5e-11,73,1.0,True
Q53Z42_HUMAN_McShan_2019_expression,Q53Z42_HUMAN,Q53Z42,1.0,1.0,365.0,PF00129,"Class I Histocompatibility antigen, domains alpha 1 and 2",CL0343,MHC,25,203,1.4e-88,179,1.0,True
Q53Z42_HUMAN_McShan_2019_expression,Q53Z42_HUMAN,Q53Z42,1.0,1.0,365.0,PF06623,MHC_I C-terminus,,,337,364,2.8e-12,28,1.0,True
Q53Z42_HUMAN_McShan_2019_expression,Q53Z42_HUMAN,Q53Z42,1.0,1.0,365.0,PF07654,Immunoglobulin C1-set domain,CL0159,E-set,218,290,9.5e-11,73,1.0,True
Q6WV12_9MAXI_Somermeyer_2022,Q6WV12_9MAXI,Q6WV12,1.0,1.0,222.0,PF01353,Green fluorescent protein,CL0069,GFP,4,217,6.1e-52,214,1.0,True
Q837P4_ENTFA_Meier_2023,Q837P4_ENTFA,Q837P4,1.0,1.0,589.0,PF00005,ABC transporter,CL0023,P-loop_NTPase,366,515,1.3e-28,150,1.0,True
Q837P4_ENTFA_Meier_2023,Q837P4_ENTFA,Q837P4,1.0,1.0,589.0,PF00664,ABC transporter transmembrane region,CL0241,ABC_membrane,23,303,5.5e-43,281,1.0,True
Q837P5_ENTFA_Meier_2023,Q837P5_ENTFA,Q837P5,1.0,1.0,571.0,PF00005,ABC transporter,CL0023,P-loop_NTPase,346,495,2.4e-27,150,1.0,True
Q837P5_ENTFA_Meier_2023,Q837P5_ENTFA,Q837P5,1.0,1.0,571.0,PF00664,ABC transporter transmembrane region,CL0241,ABC_membrane,16,284,5.5e-29,269,1.0,True
Q8WTC7_9CNID_Somermeyer_2022,Q8WTC7_9CNID,Q8WTC7,1.0,1.0,238.0,PF01353,Green fluorescent protein,CL0069,GFP,14,227,1.2e-54,214,1.0,True
R1AB_SARS2_Flynn_2022,R1AB_SARS2,P0DTD1,1.0,3264.0,3569.0,PF00680,Viral RNA-dependent RNA polymerase,CL0027,RdRP,4889,5173,4.7e-10,0,0.0,False
R1AB_SARS2_Flynn_2022,R1AB_SARS2,P0DTD1,1.0,3264.0,3569.0,PF01661,Macro domain,CL0223,MACRO,1058,1164,9.5e-16,0,0.0,False
R1AB_SARS2_Flynn_2022,R1AB_SARS2,P0DTD1,1.0,3264.0,3569.0,PF05409,Coronavirus endopeptidase C30,CL0124,Peptidase_PA,3292,3575,2.7e-114,278,0.9788732394366197,True
R1AB_SARS2_Flynn_2022,R1AB_SARS2,P0DTD1,1.0,3264.0,3569.0,PF06460,Coronavirus 2'-O-methyltransferase,CL0063,NADP_Rossmann,6800,7095,0.0,0,0.0,False
R1AB_SARS2_Flynn_2022,R1AB_SARS2,P0DTD1,1.0,3264.0,3569.0,PF06471,Coronavirus proofreading exoribonuclease,CL0063,NADP_Rossmann,5929,6449,0.0,0,0.0,False
R1AB_SARS2_Flynn_2022,R1AB_SARS2,P0DTD1,1.0,3264.0,3569.0,PF06478,"Coronavirus RNA-dependent RNA polymerase, N-terminal",,,4407,4758,0.0,0,0.0,False
R1AB_SARS2_Flynn_2022,R1AB_SARS2,P0DTD1,1.0,3264.0,3569.0,PF08710,Coronavirus replicase NSP9,CL0504,Phage_barrel,4141,4253,3.2e-35,0,0.0,False
R1AB_SARS2_Flynn_2022,R1AB_SARS2,P0DTD1,1.0,3264.0,3569.0,PF08715,Coronavirus papain-like peptidase,CL0125,Peptidase_CA,1564,1882,8.5e-126,0,0.0,False
R1AB_SARS2_Flynn_2022,R1AB_SARS2,P0DTD1,1.0,3264.0,3569.0,PF08716,Coronavirus replicase NSP7,,,3860,3942,1.9e-29,0,0.0,False
R1AB_SARS2_Flynn_2022,R1AB_SARS2,P0DTD1,1.0,3264.0,3569.0,PF08717,Coronavirus replicase NSP8,,,3943,4140,3e-79,0,0.0,False
R1AB_SARS2_Flynn_2022,R1AB_SARS2,P0DTD1,1.0,3264.0,3569.0,PF09401,Coronavirus RNA synthesis protein NSP10,,,4263,4384,8.8e-52,0,0.0,False
R1AB_SARS2_Flynn_2022,R1AB_SARS2,P0DTD1,1.0,3264.0,3569.0,PF11501,Betacoronavirus replicase NSP1,,,9,131,8.7e-06,0,0.0,False
R1AB_SARS2_Flynn_2022,R1AB_SARS2,P0DTD1,1.0,3264.0,3569.0,PF11633,Betacoronavirus single-stranded poly(A) binding domain,CL0223,MACRO,1351,1493,2.2e-73,0,0.0,False
R1AB_SARS2_Flynn_2022,R1AB_SARS2,P0DTD1,1.0,3264.0,3569.0,PF12124,Betacoronavirus SUD-C domain,CL0789,SUD_C-like,1498,1561,1.5e-26,0,0.0,False
R1AB_SARS2_Flynn_2022,R1AB_SARS2,P0DTD1,1.0,3264.0,3569.0,PF12379,"Betacoronavirus replicase NSP3, N-terminal",,,880,1050,3.6e-43,0,0.0,False
R1AB_SARS2_Flynn_2022,R1AB_SARS2,P0DTD1,1.0,3264.0,3569.0,PF13087,AAA domain,CL0023,P-loop_NTPase,5762,5899,0.0013,0,0.0,False
R1AB_SARS2_Flynn_2022,R1AB_SARS2,P0DTD1,1.0,3264.0,3569.0,PF16251,Betacoronavirus nucleic acid-binding (NAB),,,1899,2029,3.1e-32,0,0.0,False
R1AB_SARS2_Flynn_2022,R1AB_SARS2,P0DTD1,1.0,3264.0,3569.0,PF16348,"Coronavirus replicase NSP4, C-terminal",,,3166,3263,5.4e-32,0,0.0,False
R1AB_SARS2_Flynn_2022,R1AB_SARS2,P0DTD1,1.0,3264.0,3569.0,PF19211,"Coronavirus replicase NSP2, N-terminal",,,184,423,3e-19,0,0.0,False
R1AB_SARS2_Flynn_2022,R1AB_SARS2,P0DTD1,1.0,3264.0,3569.0,PF19213,Coronavirus replicase NSP6,,,3599,3859,1.7e-49,0,0.0,False
R1AB_SARS2_Flynn_2022,R1AB_SARS2,P0DTD1,1.0,3264.0,3569.0,PF19215,"Coronavirus replicase NSP15, uridylate-specific endoribonuclease",CL0695,EndoU,6644,6796,1.3e-59,0,0.0,False
R1AB_SARS2_Flynn_2022,R1AB_SARS2,P0DTD1,1.0,3264.0,3569.0,PF19216,"Coronavirus replicase NSP15, middle domain",,,6514,6636,1.3e-26,0,0.0,False
R1AB_SARS2_Flynn_2022,R1AB_SARS2,P0DTD1,1.0,3264.0,3569.0,PF19217,"Coronavirus replicase NSP4, N-terminal",,,2792,3141,4.6e-110,0,0.0,False
R1AB_SARS2_Flynn_2022,R1AB_SARS2,P0DTD1,1.0,3264.0,3569.0,PF19218,"Coronavirus replicase NSP3, C-terminal",,,2262,2748,6.7e-127,0,0.0,False
R1AB_SARS2_Flynn_2022,R1AB_SARS2,P0DTD1,1.0,3264.0,3569.0,PF19219,"Coronavirus replicase NSP15, N-terminal oligomerisation",,,6453,6513,9e-26,0,0.0,False
R1AB_SARS2_Flynn_2022,R1AB_SARS2,P0DTD1,1.0,3264.0,3569.0,PF20631,"Coronavirus Nonstructural protein 13, 1B domain",CL0866,ALR_C-like,5472,5552,1.5e-35,0,0.0,False
R1AB_SARS2_Flynn_2022,R1AB_SARS2,P0DTD1,1.0,3264.0,3569.0,PF20632,"Coronavirus Non-structural protein 13, zinc-binding domain",,,5326,5418,1.6e-41,0,0.0,False
R1AB_SARS2_Flynn_2022,R1AB_SARS2,P0DTD1,1.0,3264.0,3569.0,PF20633,"Coronavirus Nonstructural protein 13, stalk domain",,,5421,5468,3.2e-21,0,0.0,False
RAD_ANTMA_Tsuboyama_2023_2CJJ,RAD_ANTMA,Q58FS3,1.0,10.0,63.0,PF00249,Myb-like DNA-binding domain,CL0123,HTH,10,53,0.00039,44,1.0,True
RASH_HUMAN_Bandaru_2017,RASH_HUMAN,P01112,1.0,1.0,189.0,PF00071,Ras family,CL0023,P-loop_NTPase,5,164,2.3e-57,160,1.0,True
RASK_HUMAN_Weng_2022_abundance,RASK_HUMAN,P01116,0.8882978723404256,1.0,187.0,PF00071,Ras family,CL0023,P-loop_NTPase,5,164,1.6e-57,160,1.0,True
RASK_HUMAN_Weng_2022_binding-DARPin_K55,RASK_HUMAN,P01116,0.8882978723404256,1.0,187.0,PF00071,Ras family,CL0023,P-loop_NTPase,5,164,1.6e-57,160,1.0,True
RBP1_HUMAN_Tsuboyama_2023_2KWH,RBP1_HUMAN,Q15311,0.9807692307692307,393.0,444.0,PF00620,RhoGAP domain,CL0409,GAP,210,351,3.8e-41,0,0.0,False
RBP1_HUMAN_Tsuboyama_2023_2KWH,RBP1_HUMAN,Q15311,0.9807692307692307,393.0,444.0,PF20924,"RLIP76, Ral binding domain",,,398,445,9.1e-22,47,0.9791666666666666,True
RCD1_ARATH_Tsuboyama_2023_5OAO,RCD1_ARATH,Q8RY59,1.0,511.0,567.0,PF00644,Poly(ADP-ribose) polymerase catalytic domain,CL0084,ADP-ribosyl,320,421,0.011,0,0.0,False
RCD1_ARATH_Tsuboyama_2023_5OAO,RCD1_ARATH,Q8RY59,1.0,511.0,567.0,PF12174,RCD1-SRO-TAF4 (RST) plant domain,,,502,568,2.9e-24,57,1.0,True
RCD1_ARATH_Tsuboyama_2023_5OAO,RCD1_ARATH,Q8RY59,1.0,511.0,567.0,PF23467,WWE domain,CL0783,WWE,83,162,6e-26,0,0.0,False
RCRO_LAMBD_Tsuboyama_2023_1ORC,RCRO_LAMBD,P03040,0.8571428571428571,3.0,56.0,PF09048,Cro,CL0123,HTH,1,60,2.2e-26,54,1.0,True
RD23A_HUMAN_Tsuboyama_2023_1IFY,RD23A_HUMAN,P54725,1.0,161.0,204.0,PF00240,Ubiquitin family,CL0072,Ubiquitin,5,78,1.6e-16,0,0.0,False
RD23A_HUMAN_Tsuboyama_2023_1IFY,RD23A_HUMAN,P54725,1.0,161.0,204.0,PF00627,UBA/TS-N domain,CL0214,UBA,162,198,6.2e-10,37,1.0,True
RD23A_HUMAN_Tsuboyama_2023_1IFY,RD23A_HUMAN,P54725,1.0,161.0,204.0,PF00627,UBA/TS-N domain,CL0214,UBA,321,355,2e-07,0,0.0,False
RD23A_HUMAN_Tsuboyama_2023_1IFY,RD23A_HUMAN,P54725,1.0,161.0,204.0,PF09280,XPC-binding domain,,,232,287,2.1e-20,0,0.0,False
RDRP_I33A0_Li_2023,RDRP_I33A0,P03430,1.0,1.0,757.0,PF00602,Influenza RNA-dependent RNA polymerase subunit PB1,,,1,741,0.0,741,1.0,True
REV_HV1H2_Fernandes_2016,REV_HV1H2,P04618,0.9913793103448276,1.0,116.0,PF00424,REV protein (anti-repression trans-activator protein),,,1,91,7.6e-47,91,1.0,True
RFAH_ECOLI_Tsuboyama_2023_2LCL,RFAH_ECOLI,P0AFW0,1.0,108.0,162.0,PF02357,Transcription termination factor nusG,CL0439,NusG-like,3,96,1.9e-18,0,0.0,False
RL20_AQUAE_Tsuboyama_2023_1GYZ,RL20_AQUAE,O67086,1.0,59.0,117.0,PF00453,Ribosomal protein L20,,,4,106,3.1e-43,48,0.8135593220338984,True
RL40A_YEAST_Mavor_2016,RL40A_YEAST,P0CH08,1.0,1.0,128.0,PF00240,Ubiquitin family,CL0072,Ubiquitin,3,74,6.6e-29,72,1.0,True
RL40A_YEAST_Mavor_2016,RL40A_YEAST,P0CH08,1.0,1.0,128.0,PF01020,Ribosomal L40e family,CL0167,Zn_Beta_Ribbon,78,127,5.2e-27,50,1.0,True
RL40A_YEAST_Roscoe_2013,RL40A_YEAST,P0CH08,1.0,1.0,128.0,PF00240,Ubiquitin family,CL0072,Ubiquitin,3,74,6.6e-29,72,1.0,True
RL40A_YEAST_Roscoe_2013,RL40A_YEAST,P0CH08,1.0,1.0,128.0,PF01020,Ribosomal L40e family,CL0167,Zn_Beta_Ribbon,78,127,5.2e-27,50,1.0,True
RL40A_YEAST_Roscoe_2014,RL40A_YEAST,P0CH08,1.0,1.0,128.0,PF00240,Ubiquitin family,CL0072,Ubiquitin,3,74,6.6e-29,72,1.0,True
RL40A_YEAST_Roscoe_2014,RL40A_YEAST,P0CH08,1.0,1.0,128.0,PF01020,Ribosomal L40e family,CL0167,Zn_Beta_Ribbon,78,127,5.2e-27,50,1.0,True
RNC_ECOLI_Weeks_2023,RNC_ECOLI,P0A7Y0,1.0,1.0,226.0,PF00035,Double-stranded RNA binding motif,CL0196,DSRM,156,223,6.2e-12,68,1.0,True
RNC_ECOLI_Weeks_2023,RNC_ECOLI,P0A7Y0,1.0,1.0,226.0,PF14622,Ribonuclease-III-like,CL0539,RNase_III,20,141,8.9e-31,122,1.0,True
RPC1_BP434_Tsuboyama_2023_1R69,RPC1_BP434,P16117,1.0,2.0,62.0,PF01381,Helix-turn-helix,CL0123,HTH,7,60,2e-10,54,1.0,True
RS15_GEOSE_Tsuboyama_2023_1A32,RS15_GEOSE,P05766,1.0,24.0,86.0,PF00312,Ribosomal protein S15,CL0600,S15_NS1,8,88,2e-36,63,1.0,True
S22A1_HUMAN_Yee_2023_abundance,S22A1_HUMAN,O15245,1.0,2.0,554.0,PF00083,Sugar (and other) transporter,CL0015,MFS,148,523,1.4e-28,376,1.0,True
S22A1_HUMAN_Yee_2023_activity,S22A1_HUMAN,O15245,1.0,2.0,554.0,PF00083,Sugar (and other) transporter,CL0015,MFS,148,523,1.4e-28,376,1.0,True
SAV1_MOUSE_Tsuboyama_2023_2YSB,SAV1_MOUSE,Q8VEB2,0.8372093023255814,198.0,233.0,PF00397,WW domain,CL0680,WW,202,231,1.1e-05,30,1.0,True
SBI_STAAM_Tsuboyama_2023_2JVG,SBI_STAAM,Q931F4,1.0,205.0,260.0,PF02216,B domain,CL0598,B_GA,44,94,3.7e-23,0,0.0,False
SBI_STAAM_Tsuboyama_2023_2JVG,SBI_STAAM,Q931F4,1.0,205.0,260.0,PF02216,B domain,CL0598,B_GA,96,148,5.8e-23,0,0.0,False
SBI_STAAM_Tsuboyama_2023_2JVG,SBI_STAAM,Q931F4,1.0,205.0,260.0,PF11621,C3 binding domain 4 of IgG-bind protein SBI,,,198,266,1e-42,56,1.0,True
SC6A4_HUMAN_Young_2021,SC6A4_HUMAN,P31645,1.0,1.0,630.0,PF00209,Sodium:neurotransmitter symporter family,CL0062,APC,79,598,0.0,520,1.0,True
SC6A4_HUMAN_Young_2021,SC6A4_HUMAN,P31645,1.0,1.0,630.0,PF03491,"Serotonin (5-HT) neurotransmitter transporter, N-terminus",,,24,64,1.8e-23,41,1.0,True
SCIN_STAAR_Tsuboyama_2023_2QFF,SCIN_STAAR,Q6GFB4,1.0,42.0,111.0,PF11546,Staphylococcal complement inhibitor SCIN,,,1,114,3.9e-52,70,1.0,True
SDA_BACSU_Tsuboyama_2023_1PV0,SDA_BACSU,Q7WY62,1.0,7.0,50.0,PF08970,Sporulation inhibitor A,,,7,50,9.4e-18,44,1.0,True
SERC_HUMAN_Xie_2023,SERC_HUMAN,Q9Y617,1.0,1.0,370.0,PF00266,Aminotransferase class-V,CL0061,PLP_aminotran,8,357,5.7e-61,350,1.0,True
SHOC2_HUMAN_Kwon_2022,SHOC2_HUMAN,Q9UQ13,1.0,1.0,582.0,PF13855,Leucine rich repeat,CL0022,LRR,124,181,7.6e-08,58,1.0,True
SHOC2_HUMAN_Kwon_2022,SHOC2_HUMAN,Q9UQ13,1.0,1.0,582.0,PF23598,Leucine-rich repeat region,CL0022,LRR,209,338,1.2e-12,130,1.0,True
SHOC2_HUMAN_Kwon_2022,SHOC2_HUMAN,Q9UQ13,1.0,1.0,582.0,PF23598,Leucine-rich repeat region,CL0022,LRR,444,526,1.3e-09,83,1.0,True
SOX30_HUMAN_Tsuboyama_2023_7JJK,SOX30_HUMAN,O94993,1.0,339.0,395.0,PF00505,HMG (high mobility group) box,CL0114,HMG-box,337,404,2.9e-19,57,1.0,True
SPA_STAAU_Tsuboyama_2023_1LP1,SPA_STAAU,P38507,0.7454545454545455,215.0,269.0,PF00746,LPXTG cell wall anchor motif,,,467,506,0.00033,0,0.0,False
SPA_STAAU_Tsuboyama_2023_1LP1,SPA_STAAU,P38507,0.7454545454545455,215.0,269.0,PF01476,LysM domain,CL0187,LysM,415,457,1.2e-09,0,0.0,False
SPA_STAAU_Tsuboyama_2023_1LP1,SPA_STAAU,P38507,0.7454545454545455,215.0,269.0,PF02216,B domain,CL0598,B_GA,37,88,1.7e-25,0,0.0,False
SPA_STAAU_Tsuboyama_2023_1LP1,SPA_STAAU,P38507,0.7454545454545455,215.0,269.0,PF02216,B domain,CL0598,B_GA,97,149,2.8e-26,0,0.0,False
SPA_STAAU_Tsuboyama_2023_1LP1,SPA_STAAU,P38507,0.7454545454545455,215.0,269.0,PF02216,B domain,CL0598,B_GA,155,207,2.5e-25,0,0.0,False
SPA_STAAU_Tsuboyama_2023_1LP1,SPA_STAAU,P38507,0.7454545454545455,215.0,269.0,PF02216,B domain,CL0598,B_GA,213,265,1.1e-25,0,0.0,False
SPA_STAAU_Tsuboyama_2023_1LP1,SPA_STAAU,P38507,0.7454545454545455,215.0,269.0,PF02216,B domain,CL0598,B_GA,271,323,1.4e-24,0,0.0,False
SPA_STAAU_Tsuboyama_2023_1LP1,SPA_STAAU,P38507,0.7454545454545455,215.0,269.0,PF03373,Octapeptide repeat,,,326,333,15000.0,0,0.0,False
SPA_STAAU_Tsuboyama_2023_1LP1,SPA_STAAU,P38507,0.7454545454545455,215.0,269.0,PF03373,Octapeptide repeat,,,334,341,5600.0,0,0.0,False
SPA_STAAU_Tsuboyama_2023_1LP1,SPA_STAAU,P38507,0.7454545454545455,215.0,269.0,PF03373,Octapeptide repeat,,,342,349,5600.0,0,0.0,False
SPA_STAAU_Tsuboyama_2023_1LP1,SPA_STAAU,P38507,0.7454545454545455,215.0,269.0,PF03373,Octapeptide repeat,,,350,357,140000.0,0,0.0,False
SPA_STAAU_Tsuboyama_2023_1LP1,SPA_STAAU,P38507,0.7454545454545455,215.0,269.0,PF03373,Octapeptide repeat,,,358,365,5600.0,0,0.0,False
SPA_STAAU_Tsuboyama_2023_1LP1,SPA_STAAU,P38507,0.7454545454545455,215.0,269.0,PF03373,Octapeptide repeat,,,366,373,140000.0,0,0.0,False
SPA_STAAU_Tsuboyama_2023_1LP1,SPA_STAAU,P38507,0.7454545454545455,215.0,269.0,PF03373,Octapeptide repeat,,,374,381,5600.0,0,0.0,False
SPA_STAAU_Tsuboyama_2023_1LP1,SPA_STAAU,P38507,0.7454545454545455,215.0,269.0,PF03373,Octapeptide repeat,,,382,389,5600.0,0,0.0,False
SPA_STAAU_Tsuboyama_2023_1LP1,SPA_STAAU,P38507,0.7454545454545455,215.0,269.0,PF03373,Octapeptide repeat,,,390,397,5600.0,0,0.0,False
SPA_STAAU_Tsuboyama_2023_1LP1,SPA_STAAU,P38507,0.7454545454545455,215.0,269.0,PF03373,Octapeptide repeat,,,398,405,5600.0,0,0.0,False
SPA_STAAU_Tsuboyama_2023_1LP1,SPA_STAAU,P38507,0.7454545454545455,215.0,269.0,PF03373,Octapeptide repeat,,,406,413,8200.0,0,0.0,False
SPA_STAAU_Tsuboyama_2023_1LP1,SPA_STAAU,P38507,0.7454545454545455,215.0,269.0,PF04650,YSIRK type signal peptide,,,2,26,1.5e-06,0,0.0,False
SPG1_STRSG_Olson_2014,SPG1_STRSG,P06654,0.9977678571428571,1.0,448.0,PF00746,LPXTG cell wall anchor motif,,,407,447,5.3e-10,41,1.0,True
SPG1_STRSG_Olson_2014,SPG1_STRSG,P06654,0.9977678571428571,1.0,448.0,PF01378,B domain,CL0072,Ubiquitin,227,283,4.4e-08,57,1.0,True
SPG1_STRSG_Olson_2014,SPG1_STRSG,P06654,0.9977678571428571,1.0,448.0,PF01378,B domain,CL0072,Ubiquitin,297,354,7.3e-09,58,1.0,True
SPG1_STRSG_Olson_2014,SPG1_STRSG,P06654,0.9977678571428571,1.0,448.0,PF17573,GA-like domain,CL0598,B_GA,100,143,2e-06,44,1.0,True
SPG1_STRSG_Olson_2014,SPG1_STRSG,P06654,0.9977678571428571,1.0,448.0,PF17573,GA-like domain,CL0598,B_GA,174,220,1.2e-06,47,1.0,True
SPG2_STRSG_Tsuboyama_2023_5UBS,SPG2_STRSG,P19909,0.8928571428571429,303.0,357.0,PF00746,LPXTG cell wall anchor motif,,,552,592,1.1e-09,0,0.0,False
SPG2_STRSG_Tsuboyama_2023_5UBS,SPG2_STRSG,P19909,0.8928571428571429,303.0,357.0,PF01378,B domain,CL0072,Ubiquitin,302,358,6.5e-08,55,1.0,True
SPG2_STRSG_Tsuboyama_2023_5UBS,SPG2_STRSG,P19909,0.8928571428571429,303.0,357.0,PF01378,B domain,CL0072,Ubiquitin,372,428,2.7e-08,0,0.0,False
SPG2_STRSG_Tsuboyama_2023_5UBS,SPG2_STRSG,P19909,0.8928571428571429,303.0,357.0,PF01378,B domain,CL0072,Ubiquitin,442,499,1.1e-08,0,0.0,False
SPG2_STRSG_Tsuboyama_2023_5UBS,SPG2_STRSG,P19909,0.8928571428571429,303.0,357.0,PF17573,GA-like domain,CL0598,B_GA,100,143,2e-07,0,0.0,False
SPG2_STRSG_Tsuboyama_2023_5UBS,SPG2_STRSG,P19909,0.8928571428571429,303.0,357.0,PF17573,GA-like domain,CL0598,B_GA,174,218,9.2e-06,0,0.0,False
SPG2_STRSG_Tsuboyama_2023_5UBS,SPG2_STRSG,P19909,0.8928571428571429,303.0,357.0,PF17573,GA-like domain,CL0598,B_GA,249,295,5.2e-08,0,0.0,False
SPIKE_SARS2_Starr_2020_binding,SPIKE_SARS2,P0DTC2,1.0,1.0,1273.0,PF01601,Coronavirus spike glycoprotein S2,CL0595,Fusion_gly,711,1232,0.0,522,1.0,True
SPIKE_SARS2_Starr_2020_binding,SPIKE_SARS2,P0DTC2,1.0,1.0,1273.0,PF09408,"Betacoronavirus spike glycoprotein S1, receptor binding",,,349,526,2.7e-52,178,1.0,True
SPIKE_SARS2_Starr_2020_binding,SPIKE_SARS2,P0DTC2,1.0,1.0,1273.0,PF16451,"Betacoronavirus-like spike glycoprotein S1, N-terminal",CL0004,Concanavalin,33,337,4.3e-65,305,1.0,True
SPIKE_SARS2_Starr_2020_binding,SPIKE_SARS2,P0DTC2,1.0,1.0,1273.0,PF19209,"Coronavirus spike glycoprotein S1, C-terminal",,,536,592,1.4e-11,57,1.0,True
SPIKE_SARS2_Starr_2020_expression,SPIKE_SARS2,P0DTC2,1.0,1.0,1273.0,PF01601,Coronavirus spike glycoprotein S2,CL0595,Fusion_gly,711,1232,0.0,522,1.0,True
SPIKE_SARS2_Starr_2020_expression,SPIKE_SARS2,P0DTC2,1.0,1.0,1273.0,PF09408,"Betacoronavirus spike glycoprotein S1, receptor binding",,,349,526,2.7e-52,178,1.0,True
SPIKE_SARS2_Starr_2020_expression,SPIKE_SARS2,P0DTC2,1.0,1.0,1273.0,PF16451,"Betacoronavirus-like spike glycoprotein S1, N-terminal",CL0004,Concanavalin,33,337,4.3e-65,305,1.0,True
SPIKE_SARS2_Starr_2020_expression,SPIKE_SARS2,P0DTC2,1.0,1.0,1273.0,PF19209,"Coronavirus spike glycoprotein S1, C-terminal",,,536,592,1.4e-11,57,1.0,True
SPTN1_CHICK_Tsuboyama_2023_1TUD,SPTN1_CHICK,P07751,0.7833333333333333,952.0,1010.0,PF00018,SH3 domain,CL0010,SH3,974,1018,9.8e-12,0,0.0,False
SPTN1_CHICK_Tsuboyama_2023_1TUD,SPTN1_CHICK,P07751,0.7833333333333333,952.0,1010.0,PF00435,Spectrin repeat,CL0743,Spectrin,44,146,9.3e-23,0,0.0,False
SPTN1_CHICK_Tsuboyama_2023_1TUD,SPTN1_CHICK,P07751,0.7833333333333333,952.0,1010.0,PF00435,Spectrin repeat,CL0743,Spectrin,150,251,4.5e-25,0,0.0,False
SPTN1_CHICK_Tsuboyama_2023_1TUD,SPTN1_CHICK,P07751,0.7833333333333333,952.0,1010.0,PF00435,Spectrin repeat,CL0743,Spectrin,256,358,5.3e-22,0,0.0,False
SPTN1_CHICK_Tsuboyama_2023_1TUD,SPTN1_CHICK,P07751,0.7833333333333333,952.0,1010.0,PF00435,Spectrin repeat,CL0743,Spectrin,361,465,3.1e-19,0,0.0,False
SPTN1_CHICK_Tsuboyama_2023_1TUD,SPTN1_CHICK,P07751,0.7833333333333333,952.0,1010.0,PF00435,Spectrin repeat,CL0743,Spectrin,468,570,6.5e-23,0,0.0,False
SPTN1_CHICK_Tsuboyama_2023_1TUD,SPTN1_CHICK,P07751,0.7833333333333333,952.0,1010.0,PF00435,Spectrin repeat,CL0743,Spectrin,574,676,2e-22,0,0.0,False
SPTN1_CHICK_Tsuboyama_2023_1TUD,SPTN1_CHICK,P07751,0.7833333333333333,952.0,1010.0,PF00435,Spectrin repeat,CL0743,Spectrin,679,781,1.2e-24,0,0.0,False
SPTN1_CHICK_Tsuboyama_2023_1TUD,SPTN1_CHICK,P07751,0.7833333333333333,952.0,1010.0,PF00435,Spectrin repeat,CL0743,Spectrin,785,888,4.4e-27,0,0.0,False
SPTN1_CHICK_Tsuboyama_2023_1TUD,SPTN1_CHICK,P07751,0.7833333333333333,952.0,1010.0,PF00435,Spectrin repeat,CL0743,Spectrin,891,969,5.8e-14,0,0.0,False
SPTN1_CHICK_Tsuboyama_2023_1TUD,SPTN1_CHICK,P07751,0.7833333333333333,952.0,1010.0,PF00435,Spectrin repeat,CL0743,Spectrin,1095,1162,1.5e-11,0,0.0,False
SPTN1_CHICK_Tsuboyama_2023_1TUD,SPTN1_CHICK,P07751,0.7833333333333333,952.0,1010.0,PF00435,Spectrin repeat,CL0743,Spectrin,1234,1336,1.3e-23,0,0.0,False
SPTN1_CHICK_Tsuboyama_2023_1TUD,SPTN1_CHICK,P07751,0.7833333333333333,952.0,1010.0,PF00435,Spectrin repeat,CL0743,Spectrin,1339,1442,1.4e-20,0,0.0,False
SPTN1_CHICK_Tsuboyama_2023_1TUD,SPTN1_CHICK,P07751,0.7833333333333333,952.0,1010.0,PF00435,Spectrin repeat,CL0743,Spectrin,1446,1549,2.8e-20,0,0.0,False
SPTN1_CHICK_Tsuboyama_2023_1TUD,SPTN1_CHICK,P07751,0.7833333333333333,952.0,1010.0,PF00435,Spectrin repeat,CL0743,Spectrin,1552,1661,9.7e-14,0,0.0,False
SPTN1_CHICK_Tsuboyama_2023_1TUD,SPTN1_CHICK,P07751,0.7833333333333333,952.0,1010.0,PF00435,Spectrin repeat,CL0743,Spectrin,1664,1767,1.4e-23,0,0.0,False
SPTN1_CHICK_Tsuboyama_2023_1TUD,SPTN1_CHICK,P07751,0.7833333333333333,952.0,1010.0,PF00435,Spectrin repeat,CL0743,Spectrin,1769,1873,8.7e-27,0,0.0,False
SPTN1_CHICK_Tsuboyama_2023_1TUD,SPTN1_CHICK,P07751,0.7833333333333333,952.0,1010.0,PF00435,Spectrin repeat,CL0743,Spectrin,1876,1979,3.3e-22,0,0.0,False
SPTN1_CHICK_Tsuboyama_2023_1TUD,SPTN1_CHICK,P07751,0.7833333333333333,952.0,1010.0,PF00435,Spectrin repeat,CL0743,Spectrin,1983,2086,2.1e-20,0,0.0,False
SPTN1_CHICK_Tsuboyama_2023_1TUD,SPTN1_CHICK,P07751,0.7833333333333333,952.0,1010.0,PF00435,Spectrin repeat,CL0743,Spectrin,2098,2199,5.2e-14,0,0.0,False
SPTN1_CHICK_Tsuboyama_2023_1TUD,SPTN1_CHICK,P07751,0.7833333333333333,952.0,1010.0,PF00435,Spectrin repeat,CL0743,Spectrin,2211,2315,7.6e-12,0,0.0,False
SPTN1_CHICK_Tsuboyama_2023_1TUD,SPTN1_CHICK,P07751,0.7833333333333333,952.0,1010.0,PF08726,Ca2+ insensitive EF hand,CL0220,EF_hand,2407,2475,3e-24,0,0.0,False
SPTN1_CHICK_Tsuboyama_2023_1TUD,SPTN1_CHICK,P07751,0.7833333333333333,952.0,1010.0,PF13499,EF-hand domain pair,CL0220,EF_hand,2335,2400,6.2e-08,0,0.0,False
SQSTM_MOUSE_Tsuboyama_2023_2RRU,SQSTM_MOUSE,Q64337,1.0,395.0,434.0,PF00564,PB1 domain,CL0072,Ubiquitin,22,101,2.6e-09,0,0.0,False
SQSTM_MOUSE_Tsuboyama_2023_2RRU,SQSTM_MOUSE,Q64337,1.0,395.0,434.0,PF00569,"Zinc finger, ZZ type",CL0229,RING,123,163,4.8e-08,0,0.0,False
SQSTM_MOUSE_Tsuboyama_2023_2RRU,SQSTM_MOUSE,Q64337,1.0,395.0,434.0,PF16577,UBA domain,CL0214,UBA,381,442,5.4e-40,40,1.0,True
SR43C_ARATH_Tsuboyama_2023_2N88,SR43C_ARATH,O22265,1.0,320.0,367.0,PF00385,Chromo (CHRromatin Organisation MOdifier) domain,CL0010,SH3,321,366,0.00018,46,1.0,True
SR43C_ARATH_Tsuboyama_2023_2N88,SR43C_ARATH,O22265,1.0,320.0,367.0,PF12796,Ankyrin repeats (3 copies),CL0465,Ank,134,224,4.2e-11,0,0.0,False
SRBS1_HUMAN_Tsuboyama_2023_2O2W,SRBS1_HUMAN,Q9BX66,0.9104477611940298,870.0,930.0,PF00018,SH3 domain,CL0010,SH3,873,919,3.8e-07,47,1.0,True
SRBS1_HUMAN_Tsuboyama_2023_2O2W,SRBS1_HUMAN,Q9BX66,0.9104477611940298,870.0,930.0,PF02208,Sorbin homologous domain,,,370,411,2.9e-24,0,0.0,False
SRBS1_HUMAN_Tsuboyama_2023_2O2W,SRBS1_HUMAN,Q9BX66,0.9104477611940298,870.0,930.0,PF07653,Variant SH3 domain,CL0010,SH3,798,849,9.9e-09,0,0.0,False
SRBS1_HUMAN_Tsuboyama_2023_2O2W,SRBS1_HUMAN,Q9BX66,0.9104477611940298,870.0,930.0,PF14604,Variant SH3 domain,CL0010,SH3,1238,1288,1.3e-08,0,0.0,False
SRC_HUMAN_Ahler_2019,SRC_HUMAN,P12931,1.0,1.0,536.0,PF00017,SH2 domain,CL0541,SH2-like,151,233,2.2e-24,83,1.0,True
SRC_HUMAN_Ahler_2019,SRC_HUMAN,P12931,1.0,1.0,536.0,PF00018,SH3 domain,CL0010,SH3,90,137,1e-13,48,1.0,True
SRC_HUMAN_Ahler_2019,SRC_HUMAN,P12931,1.0,1.0,536.0,PF07714,Protein tyrosine and serine/threonine kinase,CL0016,PKinase,271,518,9e-92,248,1.0,True
SRC_HUMAN_Chakraborty_2023_binding-DAS_25uM,SRC_HUMAN,P12931,1.0,1.0,536.0,PF00017,SH2 domain,CL0541,SH2-like,151,233,2.2e-24,83,1.0,True
SRC_HUMAN_Chakraborty_2023_binding-DAS_25uM,SRC_HUMAN,P12931,1.0,1.0,536.0,PF00018,SH3 domain,CL0010,SH3,90,137,1e-13,48,1.0,True
SRC_HUMAN_Chakraborty_2023_binding-DAS_25uM,SRC_HUMAN,P12931,1.0,1.0,536.0,PF07714,Protein tyrosine and serine/threonine kinase,CL0016,PKinase,271,518,9e-92,248,1.0,True
SRC_HUMAN_Nguyen_2022,SRC_HUMAN,P12931,1.0,1.0,536.0,PF00017,SH2 domain,CL0541,SH2-like,151,233,2.2e-24,83,1.0,True
SRC_HUMAN_Nguyen_2022,SRC_HUMAN,P12931,1.0,1.0,536.0,PF00018,SH3 domain,CL0010,SH3,90,137,1e-13,48,1.0,True
SRC_HUMAN_Nguyen_2022,SRC_HUMAN,P12931,1.0,1.0,536.0,PF07714,Protein tyrosine and serine/threonine kinase,CL0016,PKinase,271,518,9e-92,248,1.0,True
SUMO1_HUMAN_Weile_2017,SUMO1_HUMAN,P63165,1.0,1.0,101.0,PF11976,Ubiquitin-2 like Rad60 SUMO-like,CL0072,Ubiquitin,22,91,3.2e-19,70,1.0,True
SYUA_HUMAN_Newberry_2020,SYUA_HUMAN,P37840,0.9571428571428572,1.0,140.0,PF01387,Synuclein,,,1,130,2.1e-51,130,1.0,True
TADBP_HUMAN_Bolognesi_2019,TADBP_HUMAN,Q13148,1.0,1.0,414.0,PF00076,RNA recognition motif,CL0221,RRM,106,164,1.1e-11,59,1.0,True
TADBP_HUMAN_Bolognesi_2019,TADBP_HUMAN,Q13148,1.0,1.0,414.0,PF00076,RNA recognition motif,CL0221,RRM,193,241,2.6e-07,49,1.0,True
TADBP_HUMAN_Bolognesi_2019,TADBP_HUMAN,Q13148,1.0,1.0,414.0,PF18694,"TAR DNA-binding protein 43, N-terminal domain",,,4,76,5.1e-28,73,1.0,True
TADBP_HUMAN_Bolognesi_2019,TADBP_HUMAN,Q13148,1.0,1.0,414.0,PF20910,"TAR DNA-binding protein 43, C-terminal",,,262,371,1.4e-42,110,1.0,True
TAT_HV1BR_Fernandes_2016,TAT_HV1BR,P04610,0.9186046511627907,1.0,86.0,PF00539,Transactivating regulatory protein (Tat),,,2,64,4.2e-36,63,1.0,True
TCRG1_MOUSE_Tsuboyama_2023_1E0L,TCRG1_MOUSE,Q8CGF7,1.0,430.0,466.0,PF00397,WW domain,CL0680,WW,137,162,9e-05,0,0.0,False
TCRG1_MOUSE_Tsuboyama_2023_1E0L,TCRG1_MOUSE,Q8CGF7,1.0,430.0,466.0,PF00397,WW domain,CL0680,WW,436,462,0.00015,27,1.0,True
TCRG1_MOUSE_Tsuboyama_2023_1E0L,TCRG1_MOUSE,Q8CGF7,1.0,430.0,466.0,PF01846,FF domain,CL0584,FF,664,711,6.8e-10,0,0.0,False
TCRG1_MOUSE_Tsuboyama_2023_1E0L,TCRG1_MOUSE,Q8CGF7,1.0,430.0,466.0,PF01846,FF domain,CL0584,FF,729,778,3.2e-09,0,0.0,False
TCRG1_MOUSE_Tsuboyama_2023_1E0L,TCRG1_MOUSE,Q8CGF7,1.0,430.0,466.0,PF01846,FF domain,CL0584,FF,796,845,5.9e-13,0,0.0,False
TCRG1_MOUSE_Tsuboyama_2023_1E0L,TCRG1_MOUSE,Q8CGF7,1.0,430.0,466.0,PF01846,FF domain,CL0584,FF,900,951,2.2e-07,0,0.0,False
TCRG1_MOUSE_Tsuboyama_2023_1E0L,TCRG1_MOUSE,Q8CGF7,1.0,430.0,466.0,PF01846,FF domain,CL0584,FF,958,1009,1.1e-06,0,0.0,False
TCRG1_MOUSE_Tsuboyama_2023_1E0L,TCRG1_MOUSE,Q8CGF7,1.0,430.0,466.0,PF01846,FF domain,CL0584,FF,1017,1073,1.4e-05,0,0.0,False
TCRG1_MOUSE_Tsuboyama_2023_1E0L,TCRG1_MOUSE,Q8CGF7,1.0,430.0,466.0,PF23517,TCERG1 WW domain,CL0680,WW,523,576,3.1e-27,0,0.0,False
THO1_YEAST_Tsuboyama_2023_2WQG,THO1_YEAST,P40040,0.9512195121951219,2.0,41.0,PF02037,SAP domain,CL0306,HeH,3,38,3.4e-09,36,1.0,True
THO1_YEAST_Tsuboyama_2023_2WQG,THO1_YEAST,P40040,0.9512195121951219,2.0,41.0,PF18592,Tho1/MOS11 C-terminal domain,,,128,164,1e-10,0,0.0,False
TNKS2_HUMAN_Tsuboyama_2023_5JRT,TNKS2_HUMAN,Q9H2K2,0.9661016949152542,876.0,934.0,PF00023,Ankyrin repeat,CL0465,Ank,124,154,0.066,0,0.0,False
TNKS2_HUMAN_Tsuboyama_2023_5JRT,TNKS2_HUMAN,Q9H2K2,0.9661016949152542,876.0,934.0,PF00023,Ankyrin repeat,CL0465,Ank,212,242,1.6e-05,0,0.0,False
TNKS2_HUMAN_Tsuboyama_2023_5JRT,TNKS2_HUMAN,Q9H2K2,0.9661016949152542,876.0,934.0,PF00023,Ankyrin repeat,CL0465,Ank,746,775,0.029,0,0.0,False
TNKS2_HUMAN_Tsuboyama_2023_5JRT,TNKS2_HUMAN,Q9H2K2,0.9661016949152542,876.0,934.0,PF00644,Poly(ADP-ribose) polymerase catalytic domain,CL0084,ADP-ribosyl,963,1128,1.9e-17,0,0.0,False
TNKS2_HUMAN_Tsuboyama_2023_5JRT,TNKS2_HUMAN,Q9H2K2,0.9661016949152542,876.0,934.0,PF07647,SAM domain (Sterile alpha motif),CL0003,SAM,877,933,2.5e-11,57,1.0,True
TNKS2_HUMAN_Tsuboyama_2023_5JRT,TNKS2_HUMAN,Q9H2K2,0.9661016949152542,876.0,934.0,PF12796,Ankyrin repeats (3 copies),CL0465,Ank,28,121,8.3e-16,0,0.0,False
TNKS2_HUMAN_Tsuboyama_2023_5JRT,TNKS2_HUMAN,Q9H2K2,0.9661016949152542,876.0,934.0,PF12796,Ankyrin repeats (3 copies),CL0465,Ank,247,305,1.2e-08,0,0.0,False
TNKS2_HUMAN_Tsuboyama_2023_5JRT,TNKS2_HUMAN,Q9H2K2,0.9661016949152542,876.0,934.0,PF12796,Ankyrin repeats (3 copies),CL0465,Ank,381,461,1.3e-12,0,0.0,False
TNKS2_HUMAN_Tsuboyama_2023_5JRT,TNKS2_HUMAN,Q9H2K2,0.9661016949152542,876.0,934.0,PF12796,Ankyrin repeats (3 copies),CL0465,Ank,556,622,1.5e-10,0,0.0,False
TNKS2_HUMAN_Tsuboyama_2023_5JRT,TNKS2_HUMAN,Q9H2K2,0.9661016949152542,876.0,934.0,PF12796,Ankyrin repeats (3 copies),CL0465,Ank,649,742,2.5e-13,0,0.0,False
TNKS2_HUMAN_Tsuboyama_2023_5JRT,TNKS2_HUMAN,Q9H2K2,0.9661016949152542,876.0,934.0,PF13637,Ankyrin repeats (many copies),CL0465,Ank,497,546,0.02,0,0.0,False
TPK1_HUMAN_Weile_2017,TPK1_HUMAN,Q9H3S4,1.0,1.0,243.0,PF04263,"Thiamin pyrophosphokinase, catalytic domain",CL0948,GT29-like,32,145,4.6e-35,114,1.0,True
TPK1_HUMAN_Weile_2017,TPK1_HUMAN,Q9H3S4,1.0,1.0,243.0,PF04265,"Thiamin pyrophosphokinase, vitamin B1 binding domain",,,169,236,1.1e-20,68,1.0,True
TPMT_HUMAN_Matreyek_2018,TPMT_HUMAN,P51580,1.0,1.0,245.0,PF05724,Thiopurine S-methyltransferase (TPMT),CL0063,NADP_Rossmann,25,245,2.2e-83,221,1.0,True
TPOR_HUMAN_Bridgford_2020,TPOR_HUMAN,P40238,0.9984251968503937,1.0,635.0,PF09067,"Erythropoietin receptor, ligand binding",CL0159,E-set,25,128,8.3e-28,104,1.0,True
TRPC_SACS2_Chan_2017,TRPC_SACS2,Q06121,1.0,1.0,248.0,PF00218,Indole-3-glycerol phosphate synthase,CL0036,TIM_barrel,2,242,8.3e-84,241,1.0,True
TRPC_THEMA_Chan_2017,TRPC_THEMA,Q56319,0.996031746031746,1.0,252.0,PF00218,Indole-3-glycerol phosphate synthase,CL0036,TIM_barrel,8,246,9.7e-66,239,1.0,True
UBC9_HUMAN_Weile_2017,UBC9_HUMAN,P63279,0.9937106918238994,1.0,158.0,PF00179,Ubiquitin-conjugating enzyme,CL0208,UBC,8,151,9.5e-48,144,1.0,True
UBE4B_HUMAN_Tsuboyama_2023_3L1X,UBE4B_HUMAN,O95155,1.0,1227.0,1295.0,PF04564,U-box domain,CL0229,RING,1228,1299,1.4e-26,68,0.9855072463768116,True
UBE4B_HUMAN_Tsuboyama_2023_3L1X,UBE4B_HUMAN,O95155,1.0,1227.0,1295.0,PF10408,Ubiquitin elongating factor core,CL0020,TPR,591,1212,0.0,0,0.0,False
UBE4B_MOUSE_Starita_2013,UBE4B_MOUSE,Q9ES00,1.0,1.0,1173.0,PF04564,U-box domain,CL0229,RING,1099,1169,9.4e-27,71,1.0,True
UBE4B_MOUSE_Starita_2013,UBE4B_MOUSE,Q9ES00,1.0,1.0,1173.0,PF10408,Ubiquitin elongating factor core,CL0020,TPR,462,1083,0.0,622,1.0,True
UBR5_HUMAN_Tsuboyama_2023_1I2T,UBR5_HUMAN,O95071,1.0,2393.0,2450.0,PF00632,HECT-domain (ubiquitin-transferase),CL0552,Hect,2501,2798,4.5e-67,0,0.0,False
UBR5_HUMAN_Tsuboyama_2023_1I2T,UBR5_HUMAN,O95071,1.0,2393.0,2450.0,PF00658,MLLE domain,CL0828,PABC-like,2392,2449,1.3e-17,57,0.9827586206896551,True
UBR5_HUMAN_Tsuboyama_2023_1I2T,UBR5_HUMAN,O95071,1.0,2393.0,2450.0,PF11547,E3 ubiquitin ligase EDD,CL0214,UBA,179,230,1.3e-23,0,0.0,False
UBR5_HUMAN_Tsuboyama_2023_1I2T,UBR5_HUMAN,O95071,1.0,2393.0,2450.0,PF30802,UBR box,CL0782,BBOX,1175,1241,3.1e-37,0,0.0,False
UBR5_HUMAN_Tsuboyama_2023_1I2T,UBR5_HUMAN,O95071,1.0,2393.0,2450.0,PF30806,UBR5 first HEAT repeat domain,CL0020,TPR,872,1163,0.0,0,0.0,False
UBR5_HUMAN_Tsuboyama_2023_1I2T,UBR5_HUMAN,O95071,1.0,2393.0,2450.0,PF30807,UBR5 second HEAT repeat domain,CL0020,TPR,1248,2206,0.0,0,0.0,False
VILI_CHICK_Tsuboyama_2023_1YU5,VILI_CHICK,P02640,1.0,762.0,826.0,PF00626,Gelsolin repeat,CL0092,ADF,27,108,3.4e-15,0,0.0,False
VILI_CHICK_Tsuboyama_2023_1YU5,VILI_CHICK,P02640,1.0,762.0,826.0,PF00626,Gelsolin repeat,CL0092,ADF,147,218,8.3e-12,0,0.0,False
VILI_CHICK_Tsuboyama_2023_1YU5,VILI_CHICK,P02640,1.0,762.0,826.0,PF00626,Gelsolin repeat,CL0092,ADF,268,343,1.6e-13,0,0.0,False
VILI_CHICK_Tsuboyama_2023_1YU5,VILI_CHICK,P02640,1.0,762.0,826.0,PF00626,Gelsolin repeat,CL0092,ADF,408,489,1.6e-13,0,0.0,False
VILI_CHICK_Tsuboyama_2023_1YU5,VILI_CHICK,P02640,1.0,762.0,826.0,PF00626,Gelsolin repeat,CL0092,ADF,532,595,0.057,0,0.0,False
VILI_CHICK_Tsuboyama_2023_1YU5,VILI_CHICK,P02640,1.0,762.0,826.0,PF00626,Gelsolin repeat,CL0092,ADF,634,707,3.4e-17,0,0.0,False
VILI_CHICK_Tsuboyama_2023_1YU5,VILI_CHICK,P02640,1.0,762.0,826.0,PF02209,Villin headpiece domain,,,791,826,9.1e-16,36,1.0,True
VKOR1_HUMAN_Chiasson_2020_abundance,VKOR1_HUMAN,Q9BQB6,1.0,1.0,163.0,PF07884,Vitamin K epoxide reductase family,,,10,149,1.4e-24,140,1.0,True
VKOR1_HUMAN_Chiasson_2020_activity,VKOR1_HUMAN,Q9BQB6,1.0,1.0,163.0,PF07884,Vitamin K epoxide reductase family,,,10,149,1.4e-24,140,1.0,True
VRPI_BPT7_Tsuboyama_2023_2WNM,VRPI_BPT7,P03704,1.0,8.0,63.0,PF16857,RNA polymerase inhibitor,,,14,60,1.2e-24,47,1.0,True
YAIA_ECOLI_Tsuboyama_2023_2KVT,YAIA_ECOLI,P0AAN5,1.0,8.0,59.0,PF16362,YaiA protein,,,1,63,3.6e-34,52,1.0,True
YNZC_BACSU_Tsuboyama_2023_2JVD,YNZC_BACSU,O31818,1.0,1.0,39.0,PF05979,Bacterial protein of unknown function (DUF896),,,6,68,2.6e-27,34,0.8717948717948718,True
