uniprot_id,family_id,family_size,family_members,assay_count,assayed_sequence_count
MBD11_ARATH,sf_029b997580c1,1,MBD11_ARATH,1,1
AMIE_PSEAE,sf_0406336ba271,1,AMIE_PSEAE,1,1
PRKN_HUMAN,sf_044a6e3db01c,1,PRKN_HUMAN,1,1
DN7A_SACS2,sf_0500559dbf7c,1,DN7A_SACS2,1,1
UBR5_HUMAN,sf_059a8d032aa4,1,UBR5_HUMAN,1,1
VILI_CHICK,sf_0815efaffc38,1,VILI_CHICK,1,1
OXDA_RHOTO,sf_08db490a0d52,1,OXDA_RHOTO,2,1
DYR_ECOLI,sf_0932cd92de6e,1,DYR_ECOLI,2,1
MTHR_HUMAN,sf_095a60e097b5,1,MTHR_HUMAN,1,1
RL40A_YEAST,sf_09950e3c22ee,1,RL40A_YEAST,3,1
TAT_HV1BR,sf_0d06a357cd85,1,TAT_HV1BR,1,1
SAV1_MOUSE,sf_0d40c1bb820d,1,SAV1_MOUSE,1,1
RAD_ANTMA,sf_0eef6f01f081,1,RAD_ANTMA,1,1
CAR11_HUMAN,sf_0fc8efec29c6,1,CAR11_HUMAN,2,1
OBSCN_HUMAN,sf_1512f7c11353,1,OBSCN_HUMAN,1,1
FKBP3_HUMAN,sf_178ecc1910b6,1,FKBP3_HUMAN,1,1
SUMO1_HUMAN,sf_19622d9f3f73,1,SUMO1_HUMAN,1,1
A0A192B1T2_9HIV1,sf_1bf288bd319a,3,A0A192B1T2_9HIV1;ENV_HV1BR;Q2N0S5_9HIV1,1,1
ENV_HV1BR,sf_1bf288bd319a,3,A0A192B1T2_9HIV1;ENV_HV1BR;Q2N0S5_9HIV1,1,1
Q2N0S5_9HIV1,sf_1bf288bd319a,3,A0A192B1T2_9HIV1;ENV_HV1BR;Q2N0S5_9HIV1,1,1
CD19_HUMAN,sf_1ca77773c7d8,1,CD19_HUMAN,1,1
BLAT_ECOLX,sf_1ca89f8f1279,1,BLAT_ECOLX,4,1
CP2C9_HUMAN,sf_1d3a8e32222c,1,CP2C9_HUMAN,2,1
POLG_DEN26,sf_1d81bb997017,1,POLG_DEN26,1,1
TNKS2_HUMAN,sf_1ecb2ce4d2e3,1,TNKS2_HUMAN,1,1
MLAC_ECOLI,sf_2185c9b20e14,1,MLAC_ECOLI,1,1
BRCA1_HUMAN,sf_234425dd63e3,1,BRCA1_HUMAN,1,1
OTU7A_HUMAN,sf_24059a2f71bf,1,OTU7A_HUMAN,1,1
PIN1_HUMAN,sf_27b2fd965bcd,1,PIN1_HUMAN,1,1
MK01_HUMAN,sf_29a8f9564eb0,1,MK01_HUMAN,1,1
GAL4_YEAST,sf_2be67f569203,1,GAL4_YEAST,1,1
UBE4B_MOUSE,sf_2d1d2debf9a5,1,UBE4B_MOUSE,1,1
CBX4_HUMAN,sf_2ed9fd8d158e,1,CBX4_HUMAN,1,1
ENVZ_ECOLI,sf_2ee5fd080c0f,1,ENVZ_ECOLI,1,1
CAS9_STRP1,sf_2fb7a12de8e4,1,CAS9_STRP1,1,1
CCR5_HUMAN,sf_2fd7d813c6f4,1,CCR5_HUMAN,1,1
RL20_AQUAE,sf_310c599ef29a,1,RL20_AQUAE,1,1
PHOT_CHLRE,sf_3193156583c0,1,PHOT_CHLRE,1,1
CSN4_MOUSE,sf_322a3fa1e236,1,CSN4_MOUSE,1,1
RCD1_ARATH,sf_329d15de34fe,1,RCD1_ARATH,1,1
PKN1_HUMAN,sf_32b373a919b9,1,PKN1_HUMAN,1,1
RD23A_HUMAN,sf_3998cbaed1a7,1,RD23A_HUMAN,1,1
BCHB_CHLTE,sf_39e5faa59a41,1,BCHB_CHLTE,1,1
SDA_BACSU,sf_3a5047c87583,1,SDA_BACSU,1,1
SR43C_ARATH,sf_3b0bdc6eb756,1,SR43C_ARATH,1,1
DNJA1_HUMAN,sf_3bc8071abc2c,1,DNJA1_HUMAN,1,1
TPK1_HUMAN,sf_3c2e5ceba3be,1,TPK1_HUMAN,1,1
NKX31_HUMAN,sf_3de478b56341,2,NKX31_HUMAN;PITX2_HUMAN,1,1
PITX2_HUMAN,sf_3de478b56341,2,NKX31_HUMAN;PITX2_HUMAN,1,1
P84126_THETH,sf_415fc4c4433b,3,P84126_THETH;TRPC_SACS2;TRPC_THEMA,1,1
TRPC_SACS2,sf_415fc4c4433b,3,P84126_THETH;TRPC_SACS2;TRPC_THEMA,1,1
TRPC_THEMA,sf_415fc4c4433b,3,P84126_THETH;TRPC_SACS2;TRPC_THEMA,1,1
HECD1_HUMAN,sf_45f2530c8897,1,HECD1_HUMAN,1,1
MSH2_HUMAN,sf_48cbc265b524,1,MSH2_HUMAN,1,1
HSP82_YEAST,sf_4ba74830b6b6,1,HSP82_YEAST,3,1
REV_HV1H2,sf_4ddd0adc0328,1,REV_HV1H2,1,1
PAI1_HUMAN,sf_51cbf66f0934,1,PAI1_HUMAN,1,1
TPOR_HUMAN,sf_540579521118,1,TPOR_HUMAN,1,1
RASH_HUMAN,sf_550503ae0437,2,RASH_HUMAN;RASK_HUMAN,1,1
RASK_HUMAN,sf_550503ae0437,2,RASH_HUMAN;RASK_HUMAN,2,1
POLG_HCVJF,sf_55f4d290e887,1,POLG_HCVJF,1,1
SC6A4_HUMAN,sf_5602ca7080fe,1,SC6A4_HUMAN,1,1
A4GRB6_PSEAI,sf_579275b2407d,1,A4GRB6_PSEAI,1,1
SPA_STAAU,sf_5e471b6b3e5d,1,SPA_STAAU,1,1
SBI_STAAM,sf_60dadcbd5371,1,SBI_STAAM,1,1
CATR_CHLRE,sf_61777c3573dc,1,CATR_CHLRE,1,1
ACE2_HUMAN,sf_67d793b1df10,1,ACE2_HUMAN,1,1
SPG2_STRSG,sf_67e127763d3d,1,SPG2_STRSG,1,1
POLG_CXB3N,sf_6872ef7481de,1,POLG_CXB3N,1,1
RNC_ECOLI,sf_692c79c706c4,1,RNC_ECOLI,1,1
A4_HUMAN,sf_6a1f189f4e62,1,A4_HUMAN,1,1
SOX30_HUMAN,sf_6cc095ce3976,1,SOX30_HUMAN,1,1
PPARG_HUMAN,sf_6d98a5313455,1,PPARG_HUMAN,1,1
SHOC2_HUMAN,sf_6f5083a5504d,1,SHOC2_HUMAN,1,1
KKA2_KLEPN,sf_72f0344ad526,1,KKA2_KLEPN,1,1
SPIKE_SARS2,sf_761ae81d509c,1,SPIKE_SARS2,2,1
Q53Z42_HUMAN,sf_77b576379330,1,Q53Z42_HUMAN,2,1
EPHB2_HUMAN,sf_77c475a042b9,1,EPHB2_HUMAN,1,1
NUD15_HUMAN,sf_7dd15a2e7599,1,NUD15_HUMAN,1,1
CUE1_YEAST,sf_7dd9b66382a6,1,CUE1_YEAST,1,1
ILF3_HUMAN,sf_8239bef973ac,1,ILF3_HUMAN,1,1
OTC_HUMAN,sf_85ec1183d131,1,OTC_HUMAN,1,1
KCNE1_HUMAN,sf_8626537a0620,1,KCNE1_HUMAN,2,1
SYUA_HUMAN,sf_87dffde05f09,1,SYUA_HUMAN,1,1
ANCSZ,sf_88339869d8cb,1,ANCSZ,1,1
GDIA_HUMAN,sf_8931019bd293,1,GDIA_HUMAN,1,1
VKOR1_HUMAN,sf_893ea5ec829f,1,VKOR1_HUMAN,2,1
NUSG_MYCTU,sf_8972dd1535ff,1,NUSG_MYCTU,1,1
ARGR_ECOLI,sf_8af86fe1b209,1,ARGR_ECOLI,1,1
CALM1_HUMAN,sf_90261541b92a,1,CALM1_HUMAN,1,1
ISDH_STAAW,sf_952abe758b6a,1,ISDH_STAAW,1,1
A0A1I9GEU1_NEIME,sf_977f4be4ca9f,1,A0A1I9GEU1_NEIME,1,1
A0A2Z5U3Z0_9INFA,sf_97ae43962602,2,A0A2Z5U3Z0_9INFA;C6KNH7_9INFA,2,1
C6KNH7_9INFA,sf_97ae43962602,2,A0A2Z5U3Z0_9INFA;C6KNH7_9INFA,1,1
CASP3_HUMAN,sf_99e3b36fb3c0,2,CASP3_HUMAN;CASP7_HUMAN,1,1
CASP7_HUMAN,sf_99e3b36fb3c0,2,CASP3_HUMAN;CASP7_HUMAN,1,1
FECA_ECOLI,sf_9a3ea6c0c19c,1,FECA_ECOLI,1,1
MTH3_HAEAE,sf_9a90786f7320,1,MTH3_HAEAE,1,1
NPC1_HUMAN,sf_9d5fffe3ecc6,1,NPC1_HUMAN,1,1
Q59976_STRSQ,sf_9ddcf4dec5c1,1,Q59976_STRSQ,1,1
MET_HUMAN,sf_9e206bd97a80,1,MET_HUMAN,1,1
R1AB_SARS2,sf_9fc1ecf8307b,1,R1AB_SARS2,1,1
MAFG_MOUSE,sf_a1eda43852c5,1,MAFG_MOUSE,1,1
TCRG1_MOUSE,sf_a21d29addbd9,1,TCRG1_MOUSE,1,1
GRB2_HUMAN,sf_a2995dce9367,1,GRB2_HUMAN,1,1
PABP_YEAST,sf_a34f78cda012,1,PABP_YEAST,1,1
P53_HUMAN,sf_a3526b63cbae,1,P53_HUMAN,4,2
HMDH_HUMAN,sf_a470df240675,1,HMDH_HUMAN,1,1
UBE4B_HUMAN,sf_a47101dcf200,1,UBE4B_HUMAN,1,1
THO1_YEAST,sf_a523304d9a92,1,THO1_YEAST,1,1
A0A140D2T1_ZIKV,sf_a5d49b9502ef,1,A0A140D2T1_ZIKV,1,1
ODP2_GEOSE,sf_a7d25cc6753c,1,ODP2_GEOSE,1,1
PTEN_HUMAN,sf_a81536eee23e,1,PTEN_HUMAN,2,1
NUSA_ECOLI,sf_a92a5d40f0e3,1,NUSA_ECOLI,1,1
UBC9_HUMAN,sf_ab8b39992872,1,UBC9_HUMAN,1,1
IF1_ECOLI,sf_ab9383c4e9ad,1,IF1_ECOLI,1,1
YAIA_ECOLI,sf_ac44f5c3e836,1,YAIA_ECOLI,1,1
I6TAH8_I68A0,sf_ac5654d2afd9,2,I6TAH8_I68A0;NCAP_I34A1,1,1
NCAP_I34A1,sf_ac5654d2afd9,2,I6TAH8_I68A0;NCAP_I34A1,1,1
HEM3_HUMAN,sf_afe0fb52df15,1,HEM3_HUMAN,1,1
TADBP_HUMAN,sf_b0af6d5185b3,1,TADBP_HUMAN,1,1
SPTN1_CHICK,sf_b0e1111705e5,1,SPTN1_CHICK,1,1
HXK4_HUMAN,sf_b10f2912eeeb,1,HXK4_HUMAN,2,1
PSAE_PICP2,sf_b20798b8020c,1,PSAE_PICP2,1,1
TPMT_HUMAN,sf_b5a772423035,1,TPMT_HUMAN,1,1
DOCK1_MOUSE,sf_b63fd9507fc4,1,DOCK1_MOUSE,1,1
LGK_LIPST,sf_bba3db8a5a23,1,LGK_LIPST,1,1
RBP1_HUMAN,sf_bc19e1d23319,1,RBP1_HUMAN,1,1
RS15_GEOSE,sf_bcab9ac142f5,1,RS15_GEOSE,1,1
RDRP_I33A0,sf_bcc2d8a187a4,1,RDRP_I33A0,1,1
CBS_HUMAN,sf_c188af622fce,1,CBS_HUMAN,1,1
CAPSD_AAV2S,sf_c257cf3223e7,1,CAPSD_AAV2S,1,1
PPM1D_HUMAN,sf_c26e504ac4d4,1,PPM1D_HUMAN,1,1
SRC_HUMAN,sf_c38d9b4005f8,1,SRC_HUMAN,3,1
A4D664_9INFA,sf_c55b9af61b07,1,A4D664_9INFA,1,1
VRPI_BPT7,sf_c5c95e85f55b,1,VRPI_BPT7,1,1
BBC1_YEAST,sf_c5f7073ffbdb,1,BBC1_YEAST,1,1
RCRO_LAMBD,sf_c6c5a726cc75,1,RCRO_LAMBD,1,1
AACC1_PSEAI,sf_c8ac09285ada,1,AACC1_PSEAI,1,1
A0A247D711_LISMN,sf_c9df9de4e934,1,A0A247D711_LISMN,1,1
YNZC_BACSU,sf_ca121528f828,1,YNZC_BACSU,1,1
RFAH_ECOLI,sf_cc6a74504a45,1,RFAH_ECOLI,1,1
Q837P4_ENTFA,sf_cdfaa4cd70ca,2,Q837P4_ENTFA;Q837P5_ENTFA,1,1
Q837P5_ENTFA,sf_cdfaa4cd70ca,2,Q837P4_ENTFA;Q837P5_ENTFA,1,1
MYO3_YEAST,sf_ce83c8e2ec6e,1,MYO3_YEAST,1,1
AMFR_HUMAN,sf_cf49a18e12cd,1,AMFR_HUMAN,1,1
SCIN_STAAR,sf_cf940c8da196,1,SCIN_STAAR,1,1
D7PM05_CLYGR,sf_d5ee7a876864,3,D7PM05_CLYGR;GFP_AEQVI;Q8WTC7_9CNID,1,1
GFP_AEQVI,sf_d5ee7a876864,3,D7PM05_CLYGR;GFP_AEQVI;Q8WTC7_9CNID,1,1
Q8WTC7_9CNID,sf_d5ee7a876864,3,D7PM05_CLYGR;GFP_AEQVI;Q8WTC7_9CNID,1,1
DLG4_HUMAN,sf_d98da1f7d712,2,DLG4_HUMAN;DLG4_RAT,1,1
DLG4_RAT,sf_d98da1f7d712,2,DLG4_HUMAN;DLG4_RAT,1,1
SPG1_STRSG,sf_db4b6fc031cf,1,SPG1_STRSG,1,1
POLG_PESV,sf_dc63c2b3ba7c,1,POLG_PESV,1,1
S22A1_HUMAN,sf_dedbcf3c34ac,1,S22A1_HUMAN,2,1
ADRB2_HUMAN,sf_e2a3e4f1f860,1,ADRB2_HUMAN,1,1
CCDB_ECOLI,sf_e2b2659337b1,1,CCDB_ECOLI,1,1
Q6WV12_9MAXI,sf_e786ad53cfe1,1,Q6WV12_9MAXI,1,1
ESTA_BACSU,sf_eb7894768bb9,1,ESTA_BACSU,1,1
PA_I34A1,sf_ec35c0fe8f0c,1,PA_I34A1,1,1
SERC_HUMAN,sf_f2035d659d6a,1,SERC_HUMAN,1,1
KCNJ2_MOUSE,sf_f35e7c0d2382,1,KCNJ2_MOUSE,2,1
CBPA2_HUMAN,sf_f46e1f61009b,1,CBPA2_HUMAN,1,1
HCP_LAMBD,sf_f4afbafe8fe3,1,HCP_LAMBD,1,1
PR40A_HUMAN,sf_f662b12b6174,1,PR40A_HUMAN,1,1
SQSTM_MOUSE,sf_fd3d638b0af8,1,SQSTM_MOUSE,1,1
SRBS1_HUMAN,sf_fd69b9c71495,1,SRBS1_HUMAN,1,1
VG08_BPP22,sf_ffaeeb6011e9,1,VG08_BPP22,1,1
RPC1_BP434,sf_ffbe89385f32,1,RPC1_BP434,1,1
