query_sequence_id,target_sequence_id,sequence_identity,alignment_length,query_coverage,target_coverage,e_value,bit_score,query_assay_id,query_uniprot_id,query_sequence_sha256,query_sequence_length,target_assay_id,target_uniprot_id,target_sequence_sha256,target_sequence_length,qualifies_family_edge,query_family_id,target_family_id
assay000,assay000,1.0,524,1.0,1.0,0.0,1082,A0A140D2T1_ZIKV_Sourisseau_2019,A0A140D2T1_ZIKV,21f211f208f9249226061efac88b686a045d384ec75e90adc163a9f34c51f1d0,524,A0A140D2T1_ZIKV_Sourisseau_2019,A0A140D2T1_ZIKV,21f211f208f9249226061efac88b686a045d384ec75e90adc163a9f34c51f1d0,524,True,sf_a5d49b9502ef,sf_a5d49b9502ef
assay032,assay032,1.0,72,1.0,1.0,3.6819999999999996e-44,145,CBPA2_HUMAN_Tsuboyama_2023_1O6X,CBPA2_HUMAN,1e3ef36e6f48278b72d807af43813f85842196d3427c0c282298d4504d882d08,72,CBPA2_HUMAN_Tsuboyama_2023_1O6X,CBPA2_HUMAN,1e3ef36e6f48278b72d807af43813f85842196d3427c0c282298d4504d882d08,72,True,sf_f46e1f61009b,sf_f46e1f61009b
assay064,assay064,1.0,709,1.0,1.0,0.0,1336,HSP82_YEAST_Cote-Hammarlof_2020_growth-H2O2,HSP82_YEAST,a23da6027d1547e2d928653e928dbae270c9d383a5a4ebcb71b94c034da8d627,709,HSP82_YEAST_Cote-Hammarlof_2020_growth-H2O2,HSP82_YEAST,a23da6027d1547e2d928653e928dbae270c9d383a5a4ebcb71b94c034da8d627,709,True,sf_4ba74830b6b6,sf_4ba74830b6b6
assay064,assay065,1.0,709,1.0,1.0,0.0,1336,HSP82_YEAST_Cote-Hammarlof_2020_growth-H2O2,HSP82_YEAST,a23da6027d1547e2d928653e928dbae270c9d383a5a4ebcb71b94c034da8d627,709,HSP82_YEAST_Flynn_2019,HSP82_YEAST,a23da6027d1547e2d928653e928dbae270c9d383a5a4ebcb71b94c034da8d627,709,True,sf_4ba74830b6b6,sf_4ba74830b6b6
assay064,assay066,1.0,709,1.0,1.0,0.0,1336,HSP82_YEAST_Cote-Hammarlof_2020_growth-H2O2,HSP82_YEAST,a23da6027d1547e2d928653e928dbae270c9d383a5a4ebcb71b94c034da8d627,709,HSP82_YEAST_Mishra_2016,HSP82_YEAST,a23da6027d1547e2d928653e928dbae270c9d383a5a4ebcb71b94c034da8d627,709,True,sf_4ba74830b6b6,sf_4ba74830b6b6
assay096,assay096,1.0,354,1.0,1.0,2.538e-239,724,OTC_HUMAN_Lo_2023,OTC_HUMAN,35d9672d82f6d9568b8af25ab5534caa47a1bdda9b27e554ad90f564f969cba4,354,OTC_HUMAN_Lo_2023,OTC_HUMAN,35d9672d82f6d9568b8af25ab5534caa47a1bdda9b27e554ad90f564f969cba4,354,True,sf_85ec1183d131,sf_85ec1183d131
assay128,assay128,1.0,589,1.0,1.0,0.0,1143,Q837P4_ENTFA_Meier_2023,Q837P4_ENTFA,c23775c3d95b996ce4de9b39ee66717443611f2a27e8817a7df36b76a43ae0bd,589,Q837P4_ENTFA_Meier_2023,Q837P4_ENTFA,c23775c3d95b996ce4de9b39ee66717443611f2a27e8817a7df36b76a43ae0bd,589,True,sf_cdfaa4cd70ca,sf_cdfaa4cd70ca
assay128,assay129,0.305,572,0.971,0.979,3.475e-67,235,Q837P4_ENTFA_Meier_2023,Q837P4_ENTFA,c23775c3d95b996ce4de9b39ee66717443611f2a27e8817a7df36b76a43ae0bd,589,Q837P5_ENTFA_Meier_2023,Q837P5_ENTFA,eca431067b47bc8f85e855f2bc691d6baad6c1d573ff1a853aaca012b3980749,571,True,sf_cdfaa4cd70ca,sf_cdfaa4cd70ca
assay160,assay160,1.0,55,1.0,1.0,9.938000000000001e-34,114,SPA_STAAU_Tsuboyama_2023_1LP1,SPA_STAAU,5fd7bb16a69b9446c49b8cbe0e283cb065424c7b8b542181420d682c704ed3fd,55,SPA_STAAU_Tsuboyama_2023_1LP1,SPA_STAAU,5fd7bb16a69b9446c49b8cbe0e283cb065424c7b8b542181420d682c704ed3fd,55,True,sf_5e471b6b3e5d,sf_5e471b6b3e5d
assay192,assay192,1.0,56,1.0,1.0,4.21e-35,118,VRPI_BPT7_Tsuboyama_2023_2WNM,VRPI_BPT7,68324989bc95b7ba72f999975255bcbac96f5be75146e497b84ffedb9ad16300,56,VRPI_BPT7_Tsuboyama_2023_2WNM,VRPI_BPT7,68324989bc95b7ba72f999975255bcbac96f5be75146e497b84ffedb9ad16300,56,True,sf_c5c95e85f55b,sf_c5c95e85f55b
assay001,assay001,1.0,852,1.0,1.0,0.0,1748,A0A192B1T2_9HIV1_Haddox_2018,A0A192B1T2_9HIV1,589a3d75f09a5e1beeec23d1ed9eb52c3071477a0bb2299faba979098821ec0f,852,A0A192B1T2_9HIV1_Haddox_2018,A0A192B1T2_9HIV1,589a3d75f09a5e1beeec23d1ed9eb52c3071477a0bb2299faba979098821ec0f,852,True,sf_1bf288bd319a,sf_1bf288bd319a
assay001,assay123,0.854,860,1.0,1.0,0.0,1498,A0A192B1T2_9HIV1_Haddox_2018,A0A192B1T2_9HIV1,589a3d75f09a5e1beeec23d1ed9eb52c3071477a0bb2299faba979098821ec0f,852,Q2N0S5_9HIV1_Haddox_2018,Q2N0S5_9HIV1,37e665d9f4d8b4c8f3454d90b01f8ec02b5cbf8d6e21fe24bd11ac381f59c098,860,True,sf_1bf288bd319a,sf_1bf288bd319a
assay001,assay051,0.728,861,1.0,1.0,0.0,1263,A0A192B1T2_9HIV1_Haddox_2018,A0A192B1T2_9HIV1,589a3d75f09a5e1beeec23d1ed9eb52c3071477a0bb2299faba979098821ec0f,852,ENV_HV1BR_Haddox_2016,ENV_HV1BR,be4105b663987f7c9629afca0ffd4078ab641940c8bfc4c05ba3253077ef892d,861,True,sf_1bf288bd319a,sf_1bf288bd319a
assay033,assay033,1.0,551,1.0,1.0,0.0,1129,CBS_HUMAN_Sun_2020,CBS_HUMAN,1e7cf97e465052ebc9f35a7bc9c299a509c5a73495086332a256b67cca3e5f78,551,CBS_HUMAN_Sun_2020,CBS_HUMAN,1e7cf97e465052ebc9f35a7bc9c299a509c5a73495086332a256b67cca3e5f78,551,True,sf_c188af622fce,sf_c188af622fce
assay065,assay064,1.0,709,1.0,1.0,0.0,1336,HSP82_YEAST_Flynn_2019,HSP82_YEAST,a23da6027d1547e2d928653e928dbae270c9d383a5a4ebcb71b94c034da8d627,709,HSP82_YEAST_Cote-Hammarlof_2020_growth-H2O2,HSP82_YEAST,a23da6027d1547e2d928653e928dbae270c9d383a5a4ebcb71b94c034da8d627,709,True,sf_4ba74830b6b6,sf_4ba74830b6b6
assay065,assay065,1.0,709,1.0,1.0,0.0,1336,HSP82_YEAST_Flynn_2019,HSP82_YEAST,a23da6027d1547e2d928653e928dbae270c9d383a5a4ebcb71b94c034da8d627,709,HSP82_YEAST_Flynn_2019,HSP82_YEAST,a23da6027d1547e2d928653e928dbae270c9d383a5a4ebcb71b94c034da8d627,709,True,sf_4ba74830b6b6,sf_4ba74830b6b6
assay065,assay066,1.0,709,1.0,1.0,0.0,1336,HSP82_YEAST_Flynn_2019,HSP82_YEAST,a23da6027d1547e2d928653e928dbae270c9d383a5a4ebcb71b94c034da8d627,709,HSP82_YEAST_Mishra_2016,HSP82_YEAST,a23da6027d1547e2d928653e928dbae270c9d383a5a4ebcb71b94c034da8d627,709,True,sf_4ba74830b6b6,sf_4ba74830b6b6
assay097,assay097,1.0,42,1.0,1.0,1.204e-25,90,OTU7A_HUMAN_Tsuboyama_2023_2L2D,OTU7A_HUMAN,873d9a9b99d438d0bd818814585ef4280d3ed3ff85ca668ab235e5a7478f2530,42,OTU7A_HUMAN_Tsuboyama_2023_2L2D,OTU7A_HUMAN,873d9a9b99d438d0bd818814585ef4280d3ed3ff85ca668ab235e5a7478f2530,42,True,sf_24059a2f71bf,sf_24059a2f71bf
assay129,assay129,1.0,571,1.0,1.0,0.0,1067,Q837P5_ENTFA_Meier_2023,Q837P5_ENTFA,eca431067b47bc8f85e855f2bc691d6baad6c1d573ff1a853aaca012b3980749,571,Q837P5_ENTFA_Meier_2023,Q837P5_ENTFA,eca431067b47bc8f85e855f2bc691d6baad6c1d573ff1a853aaca012b3980749,571,True,sf_cdfaa4cd70ca,sf_cdfaa4cd70ca
assay129,assay128,0.306,570,0.975,0.968,4.505e-73,252,Q837P5_ENTFA_Meier_2023,Q837P5_ENTFA,eca431067b47bc8f85e855f2bc691d6baad6c1d573ff1a853aaca012b3980749,571,Q837P4_ENTFA_Meier_2023,Q837P4_ENTFA,c23775c3d95b996ce4de9b39ee66717443611f2a27e8817a7df36b76a43ae0bd,589,True,sf_cdfaa4cd70ca,sf_cdfaa4cd70ca
assay161,assay161,1.0,448,1.0,1.0,3.308e-275,833,SPG1_STRSG_Olson_2014,SPG1_STRSG,296c9ffb8add18b7266735007286ea2d58f4fa839c762d10a45b3ea72405d9f2,448,SPG1_STRSG_Olson_2014,SPG1_STRSG,296c9ffb8add18b7266735007286ea2d58f4fa839c762d10a45b3ea72405d9f2,448,True,sf_db4b6fc031cf,sf_db4b6fc031cf
assay193,assay193,1.0,52,1.0,1.0,4.242e-33,112,YAIA_ECOLI_Tsuboyama_2023_2KVT,YAIA_ECOLI,506d3ce81c0c4ce4b8f8ec79f98e48ccfd58c2b880cbe05c6e27f9ad36e71cd6,52,YAIA_ECOLI_Tsuboyama_2023_2KVT,YAIA_ECOLI,506d3ce81c0c4ce4b8f8ec79f98e48ccfd58c2b880cbe05c6e27f9ad36e71cd6,52,True,sf_ac44f5c3e836,sf_ac44f5c3e836
assay002,assay002,1.0,161,1.0,1.0,2.651e-99,309,A0A1I9GEU1_NEIME_Kennouche_2019,A0A1I9GEU1_NEIME,1ee1a17e8cd3d6efc8c92229e6a027c48fb9e79636117d0b3c0f8db703c723af,161,A0A1I9GEU1_NEIME_Kennouche_2019,A0A1I9GEU1_NEIME,1ee1a17e8cd3d6efc8c92229e6a027c48fb9e79636117d0b3c0f8db703c723af,161,True,sf_977f4be4ca9f,sf_977f4be4ca9f
assay034,assay034,1.0,50,1.0,1.0,8.535999999999999e-33,111,CBX4_HUMAN_Tsuboyama_2023_2K28,CBX4_HUMAN,98af4350fbb819c7ff347e0a3d2cef6e324feb76ec19f8a98231519888ff80f2,50,CBX4_HUMAN_Tsuboyama_2023_2K28,CBX4_HUMAN,98af4350fbb819c7ff347e0a3d2cef6e324feb76ec19f8a98231519888ff80f2,50,True,sf_2ed9fd8d158e,sf_2ed9fd8d158e
assay066,assay064,1.0,709,1.0,1.0,0.0,1336,HSP82_YEAST_Mishra_2016,HSP82_YEAST,a23da6027d1547e2d928653e928dbae270c9d383a5a4ebcb71b94c034da8d627,709,HSP82_YEAST_Cote-Hammarlof_2020_growth-H2O2,HSP82_YEAST,a23da6027d1547e2d928653e928dbae270c9d383a5a4ebcb71b94c034da8d627,709,True,sf_4ba74830b6b6,sf_4ba74830b6b6
assay066,assay065,1.0,709,1.0,1.0,0.0,1336,HSP82_YEAST_Mishra_2016,HSP82_YEAST,a23da6027d1547e2d928653e928dbae270c9d383a5a4ebcb71b94c034da8d627,709,HSP82_YEAST_Flynn_2019,HSP82_YEAST,a23da6027d1547e2d928653e928dbae270c9d383a5a4ebcb71b94c034da8d627,709,True,sf_4ba74830b6b6,sf_4ba74830b6b6
assay066,assay066,1.0,709,1.0,1.0,0.0,1336,HSP82_YEAST_Mishra_2016,HSP82_YEAST,a23da6027d1547e2d928653e928dbae270c9d383a5a4ebcb71b94c034da8d627,709,HSP82_YEAST_Mishra_2016,HSP82_YEAST,a23da6027d1547e2d928653e928dbae270c9d383a5a4ebcb71b94c034da8d627,709,True,sf_4ba74830b6b6,sf_4ba74830b6b6
assay098,assay098,1.0,364,1.0,1.0,1.609e-249,754,OXDA_RHOTO_Vanella_2023_activity,OXDA_RHOTO,a0cf235fd832b8038bb819a871c9d7c97d6754b3d18a5563583860d2f23e5d71,364,OXDA_RHOTO_Vanella_2023_activity,OXDA_RHOTO,a0cf235fd832b8038bb819a871c9d7c97d6754b3d18a5563583860d2f23e5d71,364,True,sf_08db490a0d52,sf_08db490a0d52
assay098,assay099,1.0,364,1.0,1.0,1.609e-249,754,OXDA_RHOTO_Vanella_2023_activity,OXDA_RHOTO,a0cf235fd832b8038bb819a871c9d7c97d6754b3d18a5563583860d2f23e5d71,364,OXDA_RHOTO_Vanella_2023_expression,OXDA_RHOTO,a0cf235fd832b8038bb819a871c9d7c97d6754b3d18a5563583860d2f23e5d71,364,True,sf_08db490a0d52,sf_08db490a0d52
assay130,assay130,1.0,238,1.0,1.0,8.001000000000001e-168,511,Q8WTC7_9CNID_Somermeyer_2022,Q8WTC7_9CNID,207f45450004d2fdfc4505ce92027881936b4019df85320b9816a3ba46cc49c8,238,Q8WTC7_9CNID_Somermeyer_2022,Q8WTC7_9CNID,207f45450004d2fdfc4505ce92027881936b4019df85320b9816a3ba46cc49c8,238,True,sf_d5ee7a876864,sf_d5ee7a876864
assay130,assay058,0.827,238,1.0,1.0,4.138e-141,434,Q8WTC7_9CNID_Somermeyer_2022,Q8WTC7_9CNID,207f45450004d2fdfc4505ce92027881936b4019df85320b9816a3ba46cc49c8,238,GFP_AEQVI_Sarkisyan_2016,GFP_AEQVI,9be57dbaa8e6d8b324cd1a84684901808c38b3b84f940c08e00a0323f4215e9f,238,True,sf_d5ee7a876864,sf_d5ee7a876864
assay130,assay042,0.449,226,0.95,0.957,6.023e-67,220,Q8WTC7_9CNID_Somermeyer_2022,Q8WTC7_9CNID,207f45450004d2fdfc4505ce92027881936b4019df85320b9816a3ba46cc49c8,238,D7PM05_CLYGR_Somermeyer_2022,D7PM05_CLYGR,4d9e0f52986dfa520a66afcf32d1d335eaac5009dd8fe6bcf3d2579a218e47d9,235,True,sf_d5ee7a876864,sf_d5ee7a876864
assay162,assay162,1.0,56,1.0,1.0,4.21e-35,118,SPG2_STRSG_Tsuboyama_2023_5UBS,SPG2_STRSG,d15b14deff888939d5f6c974ab66c92773aae3d07810cc067425f5ce1f60680e,56,SPG2_STRSG_Tsuboyama_2023_5UBS,SPG2_STRSG,d15b14deff888939d5f6c974ab66c92773aae3d07810cc067425f5ce1f60680e,56,True,sf_67e127763d3d,sf_67e127763d3d
assay194,assay194,1.0,39,1.0,1.0,1.015e-18,70,YNZC_BACSU_Tsuboyama_2023_2JVD,YNZC_BACSU,6d17003a58eaf6bf74df7eb050a0a13a1a755cf9ee007267fbd31cacf7794afc,39,YNZC_BACSU_Tsuboyama_2023_2JVD,YNZC_BACSU,6d17003a58eaf6bf74df7eb050a0a13a1a755cf9ee007267fbd31cacf7794afc,39,True,sf_ca121528f828,sf_ca121528f828
assay003,assay003,1.0,87,1.0,1.0,3.0829999999999996e-53,172,A0A247D711_LISMN_Stadelmann_2021,A0A247D711_LISMN,86740b51441fbb7aa34956797b166824f67ed01a306a214c4f2d6618e92a451e,87,A0A247D711_LISMN_Stadelmann_2021,A0A247D711_LISMN,86740b51441fbb7aa34956797b166824f67ed01a306a214c4f2d6618e92a451e,87,True,sf_c9df9de4e934,sf_c9df9de4e934
assay035,assay035,1.0,101,1.0,1.0,1.833e-65,208,CCDB_ECOLI_Adkar_2012,CCDB_ECOLI,6e91f0a6f45fbc1a48f83962b1b5d9ed4c905a8cd214d0856b2468a0abde6a8e,101,CCDB_ECOLI_Adkar_2012,CCDB_ECOLI,6e91f0a6f45fbc1a48f83962b1b5d9ed4c905a8cd214d0856b2468a0abde6a8e,101,True,sf_e2b2659337b1,sf_e2b2659337b1
assay067,assay067,1.0,465,1.0,1.0,2.965e-311,938,HXK4_HUMAN_Gersing_2022_activity,HXK4_HUMAN,48ae6d5533dd7faf386b768e3da89f009ee6678a330e57c47be85385d5aca664,465,HXK4_HUMAN_Gersing_2022_activity,HXK4_HUMAN,48ae6d5533dd7faf386b768e3da89f009ee6678a330e57c47be85385d5aca664,465,True,sf_b10f2912eeeb,sf_b10f2912eeeb
assay067,assay068,1.0,465,1.0,1.0,2.965e-311,938,HXK4_HUMAN_Gersing_2022_activity,HXK4_HUMAN,48ae6d5533dd7faf386b768e3da89f009ee6678a330e57c47be85385d5aca664,465,HXK4_HUMAN_Gersing_2023_abundance,HXK4_HUMAN,48ae6d5533dd7faf386b768e3da89f009ee6678a330e57c47be85385d5aca664,465,True,sf_b10f2912eeeb,sf_b10f2912eeeb
assay099,assay098,1.0,364,1.0,1.0,1.609e-249,754,OXDA_RHOTO_Vanella_2023_expression,OXDA_RHOTO,a0cf235fd832b8038bb819a871c9d7c97d6754b3d18a5563583860d2f23e5d71,364,OXDA_RHOTO_Vanella_2023_activity,OXDA_RHOTO,a0cf235fd832b8038bb819a871c9d7c97d6754b3d18a5563583860d2f23e5d71,364,True,sf_08db490a0d52,sf_08db490a0d52
assay099,assay099,1.0,364,1.0,1.0,1.609e-249,754,OXDA_RHOTO_Vanella_2023_expression,OXDA_RHOTO,a0cf235fd832b8038bb819a871c9d7c97d6754b3d18a5563583860d2f23e5d71,364,OXDA_RHOTO_Vanella_2023_expression,OXDA_RHOTO,a0cf235fd832b8038bb819a871c9d7c97d6754b3d18a5563583860d2f23e5d71,364,True,sf_08db490a0d52,sf_08db490a0d52
assay131,assay131,1.0,306,1.0,1.0,1.009e-216,656,R1AB_SARS2_Flynn_2022,R1AB_SARS2,50ec190141bd451b4b7efdf7378d3a516e559004b5335ab9bb341a596691c92e,306,R1AB_SARS2_Flynn_2022,R1AB_SARS2,50ec190141bd451b4b7efdf7378d3a516e559004b5335ab9bb341a596691c92e,306,True,sf_9fc1ecf8307b,sf_9fc1ecf8307b
assay163,assay163,1.0,1273,1.0,1.0,0.0,2620,SPIKE_SARS2_Starr_2020_binding,SPIKE_SARS2,794d56c4e53ad15197d12fcee6c8231e888d2fc60728f4ef875561b80af2639d,1273,SPIKE_SARS2_Starr_2020_binding,SPIKE_SARS2,794d56c4e53ad15197d12fcee6c8231e888d2fc60728f4ef875561b80af2639d,1273,True,sf_761ae81d509c,sf_761ae81d509c
assay163,assay164,1.0,1273,1.0,1.0,0.0,2620,SPIKE_SARS2_Starr_2020_binding,SPIKE_SARS2,794d56c4e53ad15197d12fcee6c8231e888d2fc60728f4ef875561b80af2639d,1273,SPIKE_SARS2_Starr_2020_expression,SPIKE_SARS2,794d56c4e53ad15197d12fcee6c8231e888d2fc60728f4ef875561b80af2639d,1273,True,sf_761ae81d509c,sf_761ae81d509c
assay004,assay004,1.0,565,1.0,1.0,0.0,1177,A0A2Z5U3Z0_9INFA_Doud_2016,A0A2Z5U3Z0_9INFA,dd59e044f454224e885ae3cc5402958f0aa4956a721eb7cbf25a916b83bf2c7e,565,A0A2Z5U3Z0_9INFA_Doud_2016,A0A2Z5U3Z0_9INFA,dd59e044f454224e885ae3cc5402958f0aa4956a721eb7cbf25a916b83bf2c7e,565,True,sf_97ae43962602,sf_97ae43962602
assay004,assay005,1.0,565,1.0,1.0,0.0,1177,A0A2Z5U3Z0_9INFA_Doud_2016,A0A2Z5U3Z0_9INFA,dd59e044f454224e885ae3cc5402958f0aa4956a721eb7cbf25a916b83bf2c7e,565,A0A2Z5U3Z0_9INFA_Wu_2014,A0A2Z5U3Z0_9INFA,dd59e044f454224e885ae3cc5402958f0aa4956a721eb7cbf25a916b83bf2c7e,565,True,sf_97ae43962602,sf_97ae43962602
assay004,assay023,0.424,547,0.968,0.952,3.87e-145,463,A0A2Z5U3Z0_9INFA_Doud_2016,A0A2Z5U3Z0_9INFA,dd59e044f454224e885ae3cc5402958f0aa4956a721eb7cbf25a916b83bf2c7e,565,C6KNH7_9INFA_Lee_2018,C6KNH7_9INFA,3b98d980444bef3941477dad6f361a3b513d7ba1f3e882d09ed58ae03e1a7289,566,True,sf_97ae43962602,sf_97ae43962602
assay036,assay036,1.0,352,1.0,1.0,8.943e-233,705,CCR5_HUMAN_Gill_2023,CCR5_HUMAN,7474668859b42bd1928b660b8e0f3588621456c10ad704453a6877db09d44e85,352,CCR5_HUMAN_Gill_2023,CCR5_HUMAN,7474668859b42bd1928b660b8e0f3588621456c10ad704453a6877db09d44e85,352,True,sf_2fd7d813c6f4,sf_2fd7d813c6f4
assay068,assay067,1.0,465,1.0,1.0,2.965e-311,938,HXK4_HUMAN_Gersing_2023_abundance,HXK4_HUMAN,48ae6d5533dd7faf386b768e3da89f009ee6678a330e57c47be85385d5aca664,465,HXK4_HUMAN_Gersing_2022_activity,HXK4_HUMAN,48ae6d5533dd7faf386b768e3da89f009ee6678a330e57c47be85385d5aca664,465,True,sf_b10f2912eeeb,sf_b10f2912eeeb
assay068,assay068,1.0,465,1.0,1.0,2.965e-311,938,HXK4_HUMAN_Gersing_2023_abundance,HXK4_HUMAN,48ae6d5533dd7faf386b768e3da89f009ee6678a330e57c47be85385d5aca664,465,HXK4_HUMAN_Gersing_2023_abundance,HXK4_HUMAN,48ae6d5533dd7faf386b768e3da89f009ee6678a330e57c47be85385d5aca664,465,True,sf_b10f2912eeeb,sf_b10f2912eeeb
assay177,assay177,1.0,41,1.0,1.0,3.194e-23,83,THO1_YEAST_Tsuboyama_2023_2WQG,THO1_YEAST,6b772d193945b6f46cb6fed83b7e9d68765a645d1f8e25672ad43417d4eed0df,41,THO1_YEAST_Tsuboyama_2023_2WQG,THO1_YEAST,6b772d193945b6f46cb6fed83b7e9d68765a645d1f8e25672ad43417d4eed0df,41,True,sf_a523304d9a92,sf_a523304d9a92
assay018,assay018,1.0,286,1.0,1.0,4.4329999999999995e-190,578,BLAT_ECOLX_Deng_2012,BLAT_ECOLX,c9c4ef97b0e66cb20b51ba90e5889a0467f8155ef356c7a5a74914f06b91d468,286,BLAT_ECOLX_Deng_2012,BLAT_ECOLX,c9c4ef97b0e66cb20b51ba90e5889a0467f8155ef356c7a5a74914f06b91d468,286,True,sf_1ca89f8f1279,sf_1ca89f8f1279
assay018,assay019,1.0,286,1.0,1.0,4.4329999999999995e-190,578,BLAT_ECOLX_Deng_2012,BLAT_ECOLX,c9c4ef97b0e66cb20b51ba90e5889a0467f8155ef356c7a5a74914f06b91d468,286,BLAT_ECOLX_Firnberg_2014,BLAT_ECOLX,c9c4ef97b0e66cb20b51ba90e5889a0467f8155ef356c7a5a74914f06b91d468,286,True,sf_1ca89f8f1279,sf_1ca89f8f1279
assay018,assay020,1.0,286,1.0,1.0,4.4329999999999995e-190,578,BLAT_ECOLX_Deng_2012,BLAT_ECOLX,c9c4ef97b0e66cb20b51ba90e5889a0467f8155ef356c7a5a74914f06b91d468,286,BLAT_ECOLX_Jacquier_2013,BLAT_ECOLX,c9c4ef97b0e66cb20b51ba90e5889a0467f8155ef356c7a5a74914f06b91d468,286,True,sf_1ca89f8f1279,sf_1ca89f8f1279
assay018,assay021,1.0,286,1.0,1.0,4.4329999999999995e-190,578,BLAT_ECOLX_Deng_2012,BLAT_ECOLX,c9c4ef97b0e66cb20b51ba90e5889a0467f8155ef356c7a5a74914f06b91d468,286,BLAT_ECOLX_Stiffler_2015,BLAT_ECOLX,c9c4ef97b0e66cb20b51ba90e5889a0467f8155ef356c7a5a74914f06b91d468,286,True,sf_1ca89f8f1279,sf_1ca89f8f1279
assay050,assay050,1.0,60,1.0,1.0,9.327e-37,123,ENVZ_ECOLI_Ghose_2023,ENVZ_ECOLI,8b63e161229a988015d53cc39023e3b4664f32cf7710b6820d8ea83eddfc71fb,60,ENVZ_ECOLI_Ghose_2023,ENVZ_ECOLI,8b63e161229a988015d53cc39023e3b4664f32cf7710b6820d8ea83eddfc71fb,60,True,sf_2ee5fd080c0f,sf_2ee5fd080c0f
assay082,assay082,1.0,360,1.0,1.0,7.922000000000001e-247,746,MK01_HUMAN_Brenan_2016,MK01_HUMAN,1670aefbe2d9baf3412d23252180a37554c5647a0ad5cb1fbd06bb18417aee49,360,MK01_HUMAN_Brenan_2016,MK01_HUMAN,1670aefbe2d9baf3412d23252180a37554c5647a0ad5cb1fbd06bb18417aee49,360,True,sf_29a8f9564eb0,sf_29a8f9564eb0
assay082,assay081,0.267,239,0.644,0.833,1.483e-15,72,MK01_HUMAN_Brenan_2016,MK01_HUMAN,1670aefbe2d9baf3412d23252180a37554c5647a0ad5cb1fbd06bb18417aee49,360,MET_HUMAN_Estevam_2023,MET_HUMAN,81df7bdf1ca228f0a9664346b33823ab74dd126175c1825f28d1ed936fa77f69,287,False,sf_29a8f9564eb0,sf_9e206bd97a80
assay114,assay114,1.0,106,1.0,1.0,1.4330000000000001e-78,246,POLG_HCVJF_Qi_2014,POLG_HCVJF,bf2c7e2dbe29c1f6ca3bbc562756e8a485738720b1920651b85cb2db685163b5,106,POLG_HCVJF_Qi_2014,POLG_HCVJF,bf2c7e2dbe29c1f6ca3bbc562756e8a485738720b1920651b85cb2db685163b5,106,True,sf_55f4d290e887,sf_55f4d290e887
assay146,assay144,1.0,128,1.0,1.0,2.831e-82,258,RL40A_YEAST_Roscoe_2014,RL40A_YEAST,e0994d34ed825eedcb77af161b75cacde1582939e7dd37d285a401fb9871cfa9,128,RL40A_YEAST_Mavor_2016,RL40A_YEAST,e0994d34ed825eedcb77af161b75cacde1582939e7dd37d285a401fb9871cfa9,128,True,sf_09950e3c22ee,sf_09950e3c22ee
assay146,assay145,1.0,128,1.0,1.0,2.831e-82,258,RL40A_YEAST_Roscoe_2014,RL40A_YEAST,e0994d34ed825eedcb77af161b75cacde1582939e7dd37d285a401fb9871cfa9,128,RL40A_YEAST_Roscoe_2013,RL40A_YEAST,e0994d34ed825eedcb77af161b75cacde1582939e7dd37d285a401fb9871cfa9,128,True,sf_09950e3c22ee,sf_09950e3c22ee
assay146,assay146,1.0,128,1.0,1.0,2.831e-82,258,RL40A_YEAST_Roscoe_2014,RL40A_YEAST,e0994d34ed825eedcb77af161b75cacde1582939e7dd37d285a401fb9871cfa9,128,RL40A_YEAST_Roscoe_2014,RL40A_YEAST,e0994d34ed825eedcb77af161b75cacde1582939e7dd37d285a401fb9871cfa9,128,True,sf_09950e3c22ee,sf_09950e3c22ee
assay178,assay178,1.0,59,1.0,1.0,4.415e-36,121,TNKS2_HUMAN_Tsuboyama_2023_5JRT,TNKS2_HUMAN,fcbf51690593f159b448e4d47147a543231a8a73fae790171cb93b1b5c7d3b3c,59,TNKS2_HUMAN_Tsuboyama_2023_5JRT,TNKS2_HUMAN,fcbf51690593f159b448e4d47147a543231a8a73fae790171cb93b1b5c7d3b3c,59,True,sf_1ecb2ce4d2e3,sf_1ecb2ce4d2e3
assay019,assay018,1.0,286,1.0,1.0,4.4329999999999995e-190,578,BLAT_ECOLX_Firnberg_2014,BLAT_ECOLX,c9c4ef97b0e66cb20b51ba90e5889a0467f8155ef356c7a5a74914f06b91d468,286,BLAT_ECOLX_Deng_2012,BLAT_ECOLX,c9c4ef97b0e66cb20b51ba90e5889a0467f8155ef356c7a5a74914f06b91d468,286,True,sf_1ca89f8f1279,sf_1ca89f8f1279
assay019,assay019,1.0,286,1.0,1.0,4.4329999999999995e-190,578,BLAT_ECOLX_Firnberg_2014,BLAT_ECOLX,c9c4ef97b0e66cb20b51ba90e5889a0467f8155ef356c7a5a74914f06b91d468,286,BLAT_ECOLX_Firnberg_2014,BLAT_ECOLX,c9c4ef97b0e66cb20b51ba90e5889a0467f8155ef356c7a5a74914f06b91d468,286,True,sf_1ca89f8f1279,sf_1ca89f8f1279
assay019,assay020,1.0,286,1.0,1.0,4.4329999999999995e-190,578,BLAT_ECOLX_Firnberg_2014,BLAT_ECOLX,c9c4ef97b0e66cb20b51ba90e5889a0467f8155ef356c7a5a74914f06b91d468,286,BLAT_ECOLX_Jacquier_2013,BLAT_ECOLX,c9c4ef97b0e66cb20b51ba90e5889a0467f8155ef356c7a5a74914f06b91d468,286,True,sf_1ca89f8f1279,sf_1ca89f8f1279
assay019,assay021,1.0,286,1.0,1.0,4.4329999999999995e-190,578,BLAT_ECOLX_Firnberg_2014,BLAT_ECOLX,c9c4ef97b0e66cb20b51ba90e5889a0467f8155ef356c7a5a74914f06b91d468,286,BLAT_ECOLX_Stiffler_2015,BLAT_ECOLX,c9c4ef97b0e66cb20b51ba90e5889a0467f8155ef356c7a5a74914f06b91d468,286,True,sf_1ca89f8f1279,sf_1ca89f8f1279
assay051,assay051,1.0,861,1.0,1.0,0.0,1760,ENV_HV1BR_Haddox_2016,ENV_HV1BR,be4105b663987f7c9629afca0ffd4078ab641940c8bfc4c05ba3253077ef892d,861,ENV_HV1BR_Haddox_2016,ENV_HV1BR,be4105b663987f7c9629afca0ffd4078ab641940c8bfc4c05ba3253077ef892d,861,True,sf_1bf288bd319a,sf_1bf288bd319a
assay051,assay123,0.736,861,1.0,0.997,0.0,1322,ENV_HV1BR_Haddox_2016,ENV_HV1BR,be4105b663987f7c9629afca0ffd4078ab641940c8bfc4c05ba3253077ef892d,861,Q2N0S5_9HIV1_Haddox_2018,Q2N0S5_9HIV1,37e665d9f4d8b4c8f3454d90b01f8ec02b5cbf8d6e21fe24bd11ac381f59c098,860,True,sf_1bf288bd319a,sf_1bf288bd319a
assay051,assay001,0.728,861,1.0,1.0,0.0,1271,ENV_HV1BR_Haddox_2016,ENV_HV1BR,be4105b663987f7c9629afca0ffd4078ab641940c8bfc4c05ba3253077ef892d,861,A0A192B1T2_9HIV1_Haddox_2018,A0A192B1T2_9HIV1,589a3d75f09a5e1beeec23d1ed9eb52c3071477a0bb2299faba979098821ec0f,852,True,sf_1bf288bd319a,sf_1bf288bd319a
assay083,assay083,1.0,211,1.0,1.0,8.374e-137,420,MLAC_ECOLI_MacRae_2023,MLAC_ECOLI,ae25940acad7662fe6055d8ad9219b7b2bc19a4e98fa934a31161c688f47fdfd,211,MLAC_ECOLI_MacRae_2023,MLAC_ECOLI,ae25940acad7662fe6055d8ad9219b7b2bc19a4e98fa934a31161c688f47fdfd,211,True,sf_2185c9b20e14,sf_2185c9b20e14
assay100,assay100,1.0,393,1.0,1.0,7.054e-265,800,P53_HUMAN_Giacomelli_2018_Null_Etoposide,P53_HUMAN,a5cec053cd1989b7676255fc9467b6ffbc3e531b62f1e40558510b55e0ef27d6,393,P53_HUMAN_Giacomelli_2018_Null_Etoposide,P53_HUMAN,a5cec053cd1989b7676255fc9467b6ffbc3e531b62f1e40558510b55e0ef27d6,393,True,sf_a3526b63cbae,sf_a3526b63cbae
assay100,assay101,1.0,393,1.0,1.0,7.054e-265,800,P53_HUMAN_Giacomelli_2018_Null_Etoposide,P53_HUMAN,a5cec053cd1989b7676255fc9467b6ffbc3e531b62f1e40558510b55e0ef27d6,393,P53_HUMAN_Giacomelli_2018_Null_Nutlin,P53_HUMAN,a5cec053cd1989b7676255fc9467b6ffbc3e531b62f1e40558510b55e0ef27d6,393,True,sf_a3526b63cbae,sf_a3526b63cbae
assay100,assay102,1.0,393,1.0,1.0,7.054e-265,800,P53_HUMAN_Giacomelli_2018_Null_Etoposide,P53_HUMAN,a5cec053cd1989b7676255fc9467b6ffbc3e531b62f1e40558510b55e0ef27d6,393,P53_HUMAN_Giacomelli_2018_WT_Nutlin,P53_HUMAN,a5cec053cd1989b7676255fc9467b6ffbc3e531b62f1e40558510b55e0ef27d6,393,True,sf_a3526b63cbae,sf_a3526b63cbae
assay100,assay103,0.997,393,1.0,1.0,1.718e-263,796,P53_HUMAN_Giacomelli_2018_Null_Etoposide,P53_HUMAN,a5cec053cd1989b7676255fc9467b6ffbc3e531b62f1e40558510b55e0ef27d6,393,P53_HUMAN_Kotler_2018,P53_HUMAN,e3ca60f18e3b6e98986ad6749215ee3b7a3abc09c191675213d1f243c035c9a3,393,True,sf_a3526b63cbae,sf_a3526b63cbae
assay132,assay132,1.0,54,1.0,1.0,1.893e-34,116,RAD_ANTMA_Tsuboyama_2023_2CJJ,RAD_ANTMA,c9918fe88f285d300c5af6f2501cac3dbedf8d4571194ea8827674b1a852f5f9,54,RAD_ANTMA_Tsuboyama_2023_2CJJ,RAD_ANTMA,c9918fe88f285d300c5af6f2501cac3dbedf8d4571194ea8827674b1a852f5f9,54,True,sf_0eef6f01f081,sf_0eef6f01f081
assay164,assay163,1.0,1273,1.0,1.0,0.0,2620,SPIKE_SARS2_Starr_2020_expression,SPIKE_SARS2,794d56c4e53ad15197d12fcee6c8231e888d2fc60728f4ef875561b80af2639d,1273,SPIKE_SARS2_Starr_2020_binding,SPIKE_SARS2,794d56c4e53ad15197d12fcee6c8231e888d2fc60728f4ef875561b80af2639d,1273,True,sf_761ae81d509c,sf_761ae81d509c
assay164,assay164,1.0,1273,1.0,1.0,0.0,2620,SPIKE_SARS2_Starr_2020_expression,SPIKE_SARS2,794d56c4e53ad15197d12fcee6c8231e888d2fc60728f4ef875561b80af2639d,1273,SPIKE_SARS2_Starr_2020_expression,SPIKE_SARS2,794d56c4e53ad15197d12fcee6c8231e888d2fc60728f4ef875561b80af2639d,1273,True,sf_761ae81d509c,sf_761ae81d509c
assay005,assay004,1.0,565,1.0,1.0,0.0,1177,A0A2Z5U3Z0_9INFA_Wu_2014,A0A2Z5U3Z0_9INFA,dd59e044f454224e885ae3cc5402958f0aa4956a721eb7cbf25a916b83bf2c7e,565,A0A2Z5U3Z0_9INFA_Doud_2016,A0A2Z5U3Z0_9INFA,dd59e044f454224e885ae3cc5402958f0aa4956a721eb7cbf25a916b83bf2c7e,565,True,sf_97ae43962602,sf_97ae43962602
assay005,assay005,1.0,565,1.0,1.0,0.0,1177,A0A2Z5U3Z0_9INFA_Wu_2014,A0A2Z5U3Z0_9INFA,dd59e044f454224e885ae3cc5402958f0aa4956a721eb7cbf25a916b83bf2c7e,565,A0A2Z5U3Z0_9INFA_Wu_2014,A0A2Z5U3Z0_9INFA,dd59e044f454224e885ae3cc5402958f0aa4956a721eb7cbf25a916b83bf2c7e,565,True,sf_97ae43962602,sf_97ae43962602
assay005,assay023,0.424,547,0.968,0.952,3.87e-145,463,A0A2Z5U3Z0_9INFA_Wu_2014,A0A2Z5U3Z0_9INFA,dd59e044f454224e885ae3cc5402958f0aa4956a721eb7cbf25a916b83bf2c7e,565,C6KNH7_9INFA_Lee_2018,C6KNH7_9INFA,3b98d980444bef3941477dad6f361a3b513d7ba1f3e882d09ed58ae03e1a7289,566,True,sf_97ae43962602,sf_97ae43962602
assay037,assay037,1.0,556,1.0,1.0,0.0,1155,CD19_HUMAN_Klesmith_2019_FMC_singles,CD19_HUMAN,955c8406920379b400b21284c1ef1af93f34653cb8cc11fdf61e3aa84ef2b15e,556,CD19_HUMAN_Klesmith_2019_FMC_singles,CD19_HUMAN,955c8406920379b400b21284c1ef1af93f34653cb8cc11fdf61e3aa84ef2b15e,556,True,sf_1ca77773c7d8,sf_1ca77773c7d8
assay069,assay069,1.0,498,1.0,1.0,0.0,1004,I6TAH8_I68A0_Doud_2015,I6TAH8_I68A0,047e14194ab8a5f678415efb1c98c92684e67e02626bf959de09f569c022f335,498,I6TAH8_I68A0_Doud_2015,I6TAH8_I68A0,047e14194ab8a5f678415efb1c98c92684e67e02626bf959de09f569c022f335,498,True,sf_ac5654d2afd9,sf_ac5654d2afd9
assay069,assay088,0.939,498,1.0,1.0,8.682e-316,953,I6TAH8_I68A0_Doud_2015,I6TAH8_I68A0,047e14194ab8a5f678415efb1c98c92684e67e02626bf959de09f569c022f335,498,NCAP_I34A1_Doud_2015,NCAP_I34A1,603391c59133e6e1484cd91f89d665933abd7ededbf3bc77bbd4bc6aa10094c9,498,True,sf_ac5654d2afd9,sf_ac5654d2afd9
assay101,assay100,1.0,393,1.0,1.0,7.054e-265,800,P53_HUMAN_Giacomelli_2018_Null_Nutlin,P53_HUMAN,a5cec053cd1989b7676255fc9467b6ffbc3e531b62f1e40558510b55e0ef27d6,393,P53_HUMAN_Giacomelli_2018_Null_Etoposide,P53_HUMAN,a5cec053cd1989b7676255fc9467b6ffbc3e531b62f1e40558510b55e0ef27d6,393,True,sf_a3526b63cbae,sf_a3526b63cbae
assay101,assay101,1.0,393,1.0,1.0,7.054e-265,800,P53_HUMAN_Giacomelli_2018_Null_Nutlin,P53_HUMAN,a5cec053cd1989b7676255fc9467b6ffbc3e531b62f1e40558510b55e0ef27d6,393,P53_HUMAN_Giacomelli_2018_Null_Nutlin,P53_HUMAN,a5cec053cd1989b7676255fc9467b6ffbc3e531b62f1e40558510b55e0ef27d6,393,True,sf_a3526b63cbae,sf_a3526b63cbae
assay101,assay102,1.0,393,1.0,1.0,7.054e-265,800,P53_HUMAN_Giacomelli_2018_Null_Nutlin,P53_HUMAN,a5cec053cd1989b7676255fc9467b6ffbc3e531b62f1e40558510b55e0ef27d6,393,P53_HUMAN_Giacomelli_2018_WT_Nutlin,P53_HUMAN,a5cec053cd1989b7676255fc9467b6ffbc3e531b62f1e40558510b55e0ef27d6,393,True,sf_a3526b63cbae,sf_a3526b63cbae
assay101,assay103,0.997,393,1.0,1.0,1.718e-263,796,P53_HUMAN_Giacomelli_2018_Null_Nutlin,P53_HUMAN,a5cec053cd1989b7676255fc9467b6ffbc3e531b62f1e40558510b55e0ef27d6,393,P53_HUMAN_Kotler_2018,P53_HUMAN,e3ca60f18e3b6e98986ad6749215ee3b7a3abc09c191675213d1f243c035c9a3,393,True,sf_a3526b63cbae,sf_a3526b63cbae
assay133,assay133,1.0,189,1.0,1.0,7.605999999999999e-127,390,RASH_HUMAN_Bandaru_2017,RASH_HUMAN,d9360238882c010c8474ef1eba1d2532cd96e706c7d7f689ea2014f37f8f886c,189,RASH_HUMAN_Bandaru_2017,RASH_HUMAN,d9360238882c010c8474ef1eba1d2532cd96e706c7d7f689ea2014f37f8f886c,189,True,sf_550503ae0437,sf_550503ae0437
assay133,assay134,0.94,167,0.884,0.888,2.77e-104,325,RASH_HUMAN_Bandaru_2017,RASH_HUMAN,d9360238882c010c8474ef1eba1d2532cd96e706c7d7f689ea2014f37f8f886c,189,RASK_HUMAN_Weng_2022_abundance,RASK_HUMAN,9a0ed04ef46e15865a90f9dd0808d7d12c94746c66b0f41228aa2e62516ccbca,188,True,sf_550503ae0437,sf_550503ae0437
assay133,assay135,0.94,167,0.884,0.888,2.77e-104,325,RASH_HUMAN_Bandaru_2017,RASH_HUMAN,d9360238882c010c8474ef1eba1d2532cd96e706c7d7f689ea2014f37f8f886c,189,RASK_HUMAN_Weng_2022_binding-DARPin_K55,RASK_HUMAN,9a0ed04ef46e15865a90f9dd0808d7d12c94746c66b0f41228aa2e62516ccbca,188,True,sf_550503ae0437,sf_550503ae0437
assay165,assay165,1.0,60,1.0,1.0,1.684e-38,128,SPTN1_CHICK_Tsuboyama_2023_1TUD,SPTN1_CHICK,5fe7d9ad6e17486d30f09a64b0e4317afde6f028bb243c91b9636b2becd865b2,60,SPTN1_CHICK_Tsuboyama_2023_1TUD,SPTN1_CHICK,5fe7d9ad6e17486d30f09a64b0e4317afde6f028bb243c91b9636b2becd865b2,60,True,sf_b0e1111705e5,sf_b0e1111705e5
assay006,assay006,1.0,759,1.0,1.0,0.0,1514,A4D664_9INFA_Soh_2019,A4D664_9INFA,40136fefba3e4d7f0518beb563d53d887d9d6f789a95f79b1aed68d23875b234,759,A4D664_9INFA_Soh_2019,A4D664_9INFA,40136fefba3e4d7f0518beb563d53d887d9d6f789a95f79b1aed68d23875b234,759,True,sf_c55b9af61b07,sf_c55b9af61b07
assay038,assay038,1.0,490,1.0,1.0,0.0,1010,CP2C9_HUMAN_Amorosi_2021_abundance,CP2C9_HUMAN,3f891626b6684fc43355f4146b0d0aad6273d9d39670b42340a49cff79fa8d24,490,CP2C9_HUMAN_Amorosi_2021_abundance,CP2C9_HUMAN,3f891626b6684fc43355f4146b0d0aad6273d9d39670b42340a49cff79fa8d24,490,True,sf_1d3a8e32222c,sf_1d3a8e32222c
assay038,assay039,1.0,490,1.0,1.0,0.0,1010,CP2C9_HUMAN_Amorosi_2021_abundance,CP2C9_HUMAN,3f891626b6684fc43355f4146b0d0aad6273d9d39670b42340a49cff79fa8d24,490,CP2C9_HUMAN_Amorosi_2021_activity,CP2C9_HUMAN,3f891626b6684fc43355f4146b0d0aad6273d9d39670b42340a49cff79fa8d24,490,True,sf_1d3a8e32222c,sf_1d3a8e32222c
assay070,assay070,1.0,72,1.0,1.0,3.318e-45,148,IF1_ECOLI_Kelsic_2016,IF1_ECOLI,7693d167bfae34fc5345154a75e21dc6db164f9d80a2c79eb79999814eb0b62f,72,IF1_ECOLI_Kelsic_2016,IF1_ECOLI,7693d167bfae34fc5345154a75e21dc6db164f9d80a2c79eb79999814eb0b62f,72,True,sf_ab9383c4e9ad,sf_ab9383c4e9ad
assay102,assay100,1.0,393,1.0,1.0,7.054e-265,800,P53_HUMAN_Giacomelli_2018_WT_Nutlin,P53_HUMAN,a5cec053cd1989b7676255fc9467b6ffbc3e531b62f1e40558510b55e0ef27d6,393,P53_HUMAN_Giacomelli_2018_Null_Etoposide,P53_HUMAN,a5cec053cd1989b7676255fc9467b6ffbc3e531b62f1e40558510b55e0ef27d6,393,True,sf_a3526b63cbae,sf_a3526b63cbae
assay102,assay101,1.0,393,1.0,1.0,7.054e-265,800,P53_HUMAN_Giacomelli_2018_WT_Nutlin,P53_HUMAN,a5cec053cd1989b7676255fc9467b6ffbc3e531b62f1e40558510b55e0ef27d6,393,P53_HUMAN_Giacomelli_2018_Null_Nutlin,P53_HUMAN,a5cec053cd1989b7676255fc9467b6ffbc3e531b62f1e40558510b55e0ef27d6,393,True,sf_a3526b63cbae,sf_a3526b63cbae
assay102,assay102,1.0,393,1.0,1.0,7.054e-265,800,P53_HUMAN_Giacomelli_2018_WT_Nutlin,P53_HUMAN,a5cec053cd1989b7676255fc9467b6ffbc3e531b62f1e40558510b55e0ef27d6,393,P53_HUMAN_Giacomelli_2018_WT_Nutlin,P53_HUMAN,a5cec053cd1989b7676255fc9467b6ffbc3e531b62f1e40558510b55e0ef27d6,393,True,sf_a3526b63cbae,sf_a3526b63cbae
assay102,assay103,0.997,393,1.0,1.0,1.718e-263,796,P53_HUMAN_Giacomelli_2018_WT_Nutlin,P53_HUMAN,a5cec053cd1989b7676255fc9467b6ffbc3e531b62f1e40558510b55e0ef27d6,393,P53_HUMAN_Kotler_2018,P53_HUMAN,e3ca60f18e3b6e98986ad6749215ee3b7a3abc09c191675213d1f243c035c9a3,393,True,sf_a3526b63cbae,sf_a3526b63cbae
assay134,assay134,1.0,188,1.0,1.0,2.3600000000000002e-122,377,RASK_HUMAN_Weng_2022_abundance,RASK_HUMAN,9a0ed04ef46e15865a90f9dd0808d7d12c94746c66b0f41228aa2e62516ccbca,188,RASK_HUMAN_Weng_2022_abundance,RASK_HUMAN,9a0ed04ef46e15865a90f9dd0808d7d12c94746c66b0f41228aa2e62516ccbca,188,True,sf_550503ae0437,sf_550503ae0437
assay134,assay135,1.0,188,1.0,1.0,2.3600000000000002e-122,377,RASK_HUMAN_Weng_2022_abundance,RASK_HUMAN,9a0ed04ef46e15865a90f9dd0808d7d12c94746c66b0f41228aa2e62516ccbca,188,RASK_HUMAN_Weng_2022_binding-DARPin_K55,RASK_HUMAN,9a0ed04ef46e15865a90f9dd0808d7d12c94746c66b0f41228aa2e62516ccbca,188,True,sf_550503ae0437,sf_550503ae0437
assay134,assay133,0.856,188,0.995,0.995,2.404e-105,328,RASK_HUMAN_Weng_2022_abundance,RASK_HUMAN,9a0ed04ef46e15865a90f9dd0808d7d12c94746c66b0f41228aa2e62516ccbca,188,RASH_HUMAN_Bandaru_2017,RASH_HUMAN,d9360238882c010c8474ef1eba1d2532cd96e706c7d7f689ea2014f37f8f886c,189,True,sf_550503ae0437,sf_550503ae0437
assay166,assay166,1.0,40,1.0,1.0,1.353e-23,84,SQSTM_MOUSE_Tsuboyama_2023_2RRU,SQSTM_MOUSE,3ebd72dcf86882d7f69f633cd9431f6c598826aedce6bdf8eee3a13d436a3165,40,SQSTM_MOUSE_Tsuboyama_2023_2RRU,SQSTM_MOUSE,3ebd72dcf86882d7f69f633cd9431f6c598826aedce6bdf8eee3a13d436a3165,40,True,sf_fd3d638b0af8,sf_fd3d638b0af8
assay007,assay007,1.0,266,1.0,1.0,1.294e-176,538,A4GRB6_PSEAI_Chen_2020,A4GRB6_PSEAI,0b0b51df4e62cf50009b178f94925d0a9b67a07a5aab4aab4b2858a07e9e4524,266,A4GRB6_PSEAI_Chen_2020,A4GRB6_PSEAI,0b0b51df4e62cf50009b178f94925d0a9b67a07a5aab4aab4b2858a07e9e4524,266,True,sf_579275b2407d,sf_579275b2407d
assay039,assay038,1.0,490,1.0,1.0,0.0,1010,CP2C9_HUMAN_Amorosi_2021_activity,CP2C9_HUMAN,3f891626b6684fc43355f4146b0d0aad6273d9d39670b42340a49cff79fa8d24,490,CP2C9_HUMAN_Amorosi_2021_abundance,CP2C9_HUMAN,3f891626b6684fc43355f4146b0d0aad6273d9d39670b42340a49cff79fa8d24,490,True,sf_1d3a8e32222c,sf_1d3a8e32222c
assay039,assay039,1.0,490,1.0,1.0,0.0,1010,CP2C9_HUMAN_Amorosi_2021_activity,CP2C9_HUMAN,3f891626b6684fc43355f4146b0d0aad6273d9d39670b42340a49cff79fa8d24,490,CP2C9_HUMAN_Amorosi_2021_activity,CP2C9_HUMAN,3f891626b6684fc43355f4146b0d0aad6273d9d39670b42340a49cff79fa8d24,490,True,sf_1d3a8e32222c,sf_1d3a8e32222c
assay071,assay071,1.0,71,1.0,1.0,8.666e-43,141,ILF3_HUMAN_Tsuboyama_2023_2L33,ILF3_HUMAN,3aa0de5eb3e584da4d5e8c760c2adcf342e07fdcf39a8735009630cb2c3a9c76,71,ILF3_HUMAN_Tsuboyama_2023_2L33,ILF3_HUMAN,3aa0de5eb3e584da4d5e8c760c2adcf342e07fdcf39a8735009630cb2c3a9c76,71,True,sf_8239bef973ac,sf_8239bef973ac
assay103,assay103,1.0,393,1.0,1.0,1.567e-264,799,P53_HUMAN_Kotler_2018,P53_HUMAN,e3ca60f18e3b6e98986ad6749215ee3b7a3abc09c191675213d1f243c035c9a3,393,P53_HUMAN_Kotler_2018,P53_HUMAN,e3ca60f18e3b6e98986ad6749215ee3b7a3abc09c191675213d1f243c035c9a3,393,True,sf_a3526b63cbae,sf_a3526b63cbae
assay103,assay100,0.997,393,1.0,1.0,7.735e-264,797,P53_HUMAN_Kotler_2018,P53_HUMAN,e3ca60f18e3b6e98986ad6749215ee3b7a3abc09c191675213d1f243c035c9a3,393,P53_HUMAN_Giacomelli_2018_Null_Etoposide,P53_HUMAN,a5cec053cd1989b7676255fc9467b6ffbc3e531b62f1e40558510b55e0ef27d6,393,True,sf_a3526b63cbae,sf_a3526b63cbae
assay103,assay101,0.997,393,1.0,1.0,7.735e-264,797,P53_HUMAN_Kotler_2018,P53_HUMAN,e3ca60f18e3b6e98986ad6749215ee3b7a3abc09c191675213d1f243c035c9a3,393,P53_HUMAN_Giacomelli_2018_Null_Nutlin,P53_HUMAN,a5cec053cd1989b7676255fc9467b6ffbc3e531b62f1e40558510b55e0ef27d6,393,True,sf_a3526b63cbae,sf_a3526b63cbae
assay103,assay102,0.997,393,1.0,1.0,7.735e-264,797,P53_HUMAN_Kotler_2018,P53_HUMAN,e3ca60f18e3b6e98986ad6749215ee3b7a3abc09c191675213d1f243c035c9a3,393,P53_HUMAN_Giacomelli_2018_WT_Nutlin,P53_HUMAN,a5cec053cd1989b7676255fc9467b6ffbc3e531b62f1e40558510b55e0ef27d6,393,True,sf_a3526b63cbae,sf_a3526b63cbae
assay135,assay134,1.0,188,1.0,1.0,2.3600000000000002e-122,377,RASK_HUMAN_Weng_2022_binding-DARPin_K55,RASK_HUMAN,9a0ed04ef46e15865a90f9dd0808d7d12c94746c66b0f41228aa2e62516ccbca,188,RASK_HUMAN_Weng_2022_abundance,RASK_HUMAN,9a0ed04ef46e15865a90f9dd0808d7d12c94746c66b0f41228aa2e62516ccbca,188,True,sf_550503ae0437,sf_550503ae0437
assay135,assay135,1.0,188,1.0,1.0,2.3600000000000002e-122,377,RASK_HUMAN_Weng_2022_binding-DARPin_K55,RASK_HUMAN,9a0ed04ef46e15865a90f9dd0808d7d12c94746c66b0f41228aa2e62516ccbca,188,RASK_HUMAN_Weng_2022_binding-DARPin_K55,RASK_HUMAN,9a0ed04ef46e15865a90f9dd0808d7d12c94746c66b0f41228aa2e62516ccbca,188,True,sf_550503ae0437,sf_550503ae0437
assay135,assay133,0.856,188,0.995,0.995,2.404e-105,328,RASK_HUMAN_Weng_2022_binding-DARPin_K55,RASK_HUMAN,9a0ed04ef46e15865a90f9dd0808d7d12c94746c66b0f41228aa2e62516ccbca,188,RASH_HUMAN_Bandaru_2017,RASH_HUMAN,d9360238882c010c8474ef1eba1d2532cd96e706c7d7f689ea2014f37f8f886c,189,True,sf_550503ae0437,sf_550503ae0437
assay043,assay043,1.0,724,1.0,1.0,0.0,1468,DLG4_HUMAN_Faure_2021,DLG4_HUMAN,eaa4e0dc7e76ccef71fba73be558dd7ae0cd85fd3912a261f0311d3d647b0d6e,724,DLG4_HUMAN_Faure_2021,DLG4_HUMAN,eaa4e0dc7e76ccef71fba73be558dd7ae0cd85fd3912a261f0311d3d647b0d6e,724,True,sf_d98da1f7d712,sf_d98da1f7d712
assay043,assay044,0.998,724,1.0,1.0,0.0,1467,DLG4_HUMAN_Faure_2021,DLG4_HUMAN,eaa4e0dc7e76ccef71fba73be558dd7ae0cd85fd3912a261f0311d3d647b0d6e,724,DLG4_RAT_McLaughlin_2012,DLG4_RAT,58cc4abb44f5cbd0c63d04bec2fcfe7e309f069828cdb26eef533a05fa4b09b8,724,True,sf_d98da1f7d712,sf_d98da1f7d712
assay075,assay075,1.0,428,1.0,1.0,4.359e-288,869,KCNJ2_MOUSE_Coyote-Maestas_2022_function,KCNJ2_MOUSE,88bfbcddd595e33da25f5ab224ce2b41cfaeacf488c7a7a51178d24d24e3b575,428,KCNJ2_MOUSE_Coyote-Maestas_2022_function,KCNJ2_MOUSE,88bfbcddd595e33da25f5ab224ce2b41cfaeacf488c7a7a51178d24d24e3b575,428,True,sf_f35e7c0d2382,sf_f35e7c0d2382
assay075,assay076,1.0,428,1.0,1.0,4.359e-288,869,KCNJ2_MOUSE_Coyote-Maestas_2022_function,KCNJ2_MOUSE,88bfbcddd595e33da25f5ab224ce2b41cfaeacf488c7a7a51178d24d24e3b575,428,KCNJ2_MOUSE_Coyote-Maestas_2022_surface,KCNJ2_MOUSE,88bfbcddd595e33da25f5ab224ce2b41cfaeacf488c7a7a51178d24d24e3b575,428,True,sf_f35e7c0d2382,sf_f35e7c0d2382
assay107,assay107,1.0,716,1.0,1.0,0.0,1473,PA_I34A1_Wu_2015,PA_I34A1,4b2e387fe633b9aca5c147f76b837250c8b357b23e2879ba51ab129f57dae8f9,716,PA_I34A1_Wu_2015,PA_I34A1,4b2e387fe633b9aca5c147f76b837250c8b357b23e2879ba51ab129f57dae8f9,716,True,sf_ec35c0fe8f0c,sf_ec35c0fe8f0c
assay139,assay139,1.0,44,1.0,1.0,2.6800000000000004e-26,92,RD23A_HUMAN_Tsuboyama_2023_1IFY,RD23A_HUMAN,563296d6558ac2ef2c01fa9956b485a1c16ed10d686668d95d556fe332243691,44,RD23A_HUMAN_Tsuboyama_2023_1IFY,RD23A_HUMAN,563296d6558ac2ef2c01fa9956b485a1c16ed10d686668d95d556fe332243691,44,True,sf_3998cbaed1a7,sf_3998cbaed1a7
assay171,assay169,1.0,536,1.0,1.0,0.0,1109,SRC_HUMAN_Nguyen_2022,SRC_HUMAN,bfb0c691493b552212f52a3e68ec9d6c2e67dc37339f19b6e71c22fd202292f8,536,SRC_HUMAN_Ahler_2019,SRC_HUMAN,bfb0c691493b552212f52a3e68ec9d6c2e67dc37339f19b6e71c22fd202292f8,536,True,sf_c38d9b4005f8,sf_c38d9b4005f8
assay171,assay170,1.0,536,1.0,1.0,0.0,1109,SRC_HUMAN_Nguyen_2022,SRC_HUMAN,bfb0c691493b552212f52a3e68ec9d6c2e67dc37339f19b6e71c22fd202292f8,536,SRC_HUMAN_Chakraborty_2023_binding-DAS_25uM,SRC_HUMAN,bfb0c691493b552212f52a3e68ec9d6c2e67dc37339f19b6e71c22fd202292f8,536,True,sf_c38d9b4005f8,sf_c38d9b4005f8
assay171,assay171,1.0,536,1.0,1.0,0.0,1109,SRC_HUMAN_Nguyen_2022,SRC_HUMAN,bfb0c691493b552212f52a3e68ec9d6c2e67dc37339f19b6e71c22fd202292f8,536,SRC_HUMAN_Nguyen_2022,SRC_HUMAN,bfb0c691493b552212f52a3e68ec9d6c2e67dc37339f19b6e71c22fd202292f8,536,True,sf_c38d9b4005f8,sf_c38d9b4005f8
assay171,assay014,0.31,460,0.696,0.734,4.778e-60,212,SRC_HUMAN_Nguyen_2022,SRC_HUMAN,bfb0c691493b552212f52a3e68ec9d6c2e67dc37339f19b6e71c22fd202292f8,536,ANCSZ_Hobbs_2022,ANCSZ,f5f3ced5cb23db1b5a2e54d7ee2bc87cb6e092f4df3472b987697b0c8fffdc3e,627,False,sf_c38d9b4005f8,sf_88339869d8cb
assay012,assay012,1.0,47,1.0,1.0,1.1270000000000001e-28,99,AMFR_HUMAN_Tsuboyama_2023_4G3O,AMFR_HUMAN,ba8bd075361c9c8ffd9036a5afc650f92bfe2bc4f373e67d6c3c0927e49159d6,47,AMFR_HUMAN_Tsuboyama_2023_4G3O,AMFR_HUMAN,ba8bd075361c9c8ffd9036a5afc650f92bfe2bc4f373e67d6c3c0927e49159d6,47,True,sf_cf49a18e12cd,sf_cf49a18e12cd
assay044,assay044,1.0,724,1.0,1.0,0.0,1469,DLG4_RAT_McLaughlin_2012,DLG4_RAT,58cc4abb44f5cbd0c63d04bec2fcfe7e309f069828cdb26eef533a05fa4b09b8,724,DLG4_RAT_McLaughlin_2012,DLG4_RAT,58cc4abb44f5cbd0c63d04bec2fcfe7e309f069828cdb26eef533a05fa4b09b8,724,True,sf_d98da1f7d712,sf_d98da1f7d712
assay044,assay043,0.998,724,1.0,1.0,0.0,1466,DLG4_RAT_McLaughlin_2012,DLG4_RAT,58cc4abb44f5cbd0c63d04bec2fcfe7e309f069828cdb26eef533a05fa4b09b8,724,DLG4_HUMAN_Faure_2021,DLG4_HUMAN,eaa4e0dc7e76ccef71fba73be558dd7ae0cd85fd3912a261f0311d3d647b0d6e,724,True,sf_d98da1f7d712,sf_d98da1f7d712
assay076,assay075,1.0,428,1.0,1.0,4.359e-288,869,KCNJ2_MOUSE_Coyote-Maestas_2022_surface,KCNJ2_MOUSE,88bfbcddd595e33da25f5ab224ce2b41cfaeacf488c7a7a51178d24d24e3b575,428,KCNJ2_MOUSE_Coyote-Maestas_2022_function,KCNJ2_MOUSE,88bfbcddd595e33da25f5ab224ce2b41cfaeacf488c7a7a51178d24d24e3b575,428,True,sf_f35e7c0d2382,sf_f35e7c0d2382
assay076,assay076,1.0,428,1.0,1.0,4.359e-288,869,KCNJ2_MOUSE_Coyote-Maestas_2022_surface,KCNJ2_MOUSE,88bfbcddd595e33da25f5ab224ce2b41cfaeacf488c7a7a51178d24d24e3b575,428,KCNJ2_MOUSE_Coyote-Maestas_2022_surface,KCNJ2_MOUSE,88bfbcddd595e33da25f5ab224ce2b41cfaeacf488c7a7a51178d24d24e3b575,428,True,sf_f35e7c0d2382,sf_f35e7c0d2382
assay108,assay108,1.0,118,1.0,1.0,1.051e-79,250,PHOT_CHLRE_Chen_2023,PHOT_CHLRE,f32baf609eab4f10975523f58475bcbaaee7ec4f879c86a855ca2f41e6f1b3e7,118,PHOT_CHLRE_Chen_2023,PHOT_CHLRE,f32baf609eab4f10975523f58475bcbaaee7ec4f879c86a855ca2f41e6f1b3e7,118,True,sf_3193156583c0,sf_3193156583c0
assay140,assay140,1.0,757,1.0,1.0,0.0,1531,RDRP_I33A0_Li_2023,RDRP_I33A0,2fe9f77e6349d3fe15e9e58baa3c45f3521f004eee905e1da1312eddf60aed81,757,RDRP_I33A0_Li_2023,RDRP_I33A0,2fe9f77e6349d3fe15e9e58baa3c45f3521f004eee905e1da1312eddf60aed81,757,True,sf_bcc2d8a187a4,sf_bcc2d8a187a4
assay105,assay105,1.0,577,1.0,1.0,0.0,1124,PABP_YEAST_Melamed_2013,PABP_YEAST,2a5b4c57f9bda382849bd13eb1b7bcd4431d5c6c112150ca982df5735975fbc6,577,PABP_YEAST_Melamed_2013,PABP_YEAST,2a5b4c57f9bda382849bd13eb1b7bcd4431d5c6c112150ca982df5735975fbc6,577,True,sf_a34f78cda012,sf_a34f78cda012
assay137,assay137,1.0,57,1.0,1.0,1.102e-33,114,RCD1_ARATH_Tsuboyama_2023_5OAO,RCD1_ARATH,1940ae5884d2fb3502042b31e05528006d3b0764f9b01b374902d6668e21bb41,57,RCD1_ARATH_Tsuboyama_2023_5OAO,RCD1_ARATH,1940ae5884d2fb3502042b31e05528006d3b0764f9b01b374902d6668e21bb41,57,True,sf_329d15de34fe,sf_329d15de34fe
assay169,assay169,1.0,536,1.0,1.0,0.0,1109,SRC_HUMAN_Ahler_2019,SRC_HUMAN,bfb0c691493b552212f52a3e68ec9d6c2e67dc37339f19b6e71c22fd202292f8,536,SRC_HUMAN_Ahler_2019,SRC_HUMAN,bfb0c691493b552212f52a3e68ec9d6c2e67dc37339f19b6e71c22fd202292f8,536,True,sf_c38d9b4005f8,sf_c38d9b4005f8
assay169,assay170,1.0,536,1.0,1.0,0.0,1109,SRC_HUMAN_Ahler_2019,SRC_HUMAN,bfb0c691493b552212f52a3e68ec9d6c2e67dc37339f19b6e71c22fd202292f8,536,SRC_HUMAN_Chakraborty_2023_binding-DAS_25uM,SRC_HUMAN,bfb0c691493b552212f52a3e68ec9d6c2e67dc37339f19b6e71c22fd202292f8,536,True,sf_c38d9b4005f8,sf_c38d9b4005f8
assay169,assay171,1.0,536,1.0,1.0,0.0,1109,SRC_HUMAN_Ahler_2019,SRC_HUMAN,bfb0c691493b552212f52a3e68ec9d6c2e67dc37339f19b6e71c22fd202292f8,536,SRC_HUMAN_Nguyen_2022,SRC_HUMAN,bfb0c691493b552212f52a3e68ec9d6c2e67dc37339f19b6e71c22fd202292f8,536,True,sf_c38d9b4005f8,sf_c38d9b4005f8
assay169,assay014,0.31,460,0.696,0.734,4.778e-60,212,SRC_HUMAN_Ahler_2019,SRC_HUMAN,bfb0c691493b552212f52a3e68ec9d6c2e67dc37339f19b6e71c22fd202292f8,536,ANCSZ_Hobbs_2022,ANCSZ,f5f3ced5cb23db1b5a2e54d7ee2bc87cb6e092f4df3472b987697b0c8fffdc3e,627,False,sf_c38d9b4005f8,sf_88339869d8cb
assay010,assay010,1.0,805,1.0,1.0,0.0,1673,ACE2_HUMAN_Chan_2020,ACE2_HUMAN,87630d0ccd9e8de7f77cb47c03fd56d745d66fbdceb8a2149b3518b04d71e1ea,805,ACE2_HUMAN_Chan_2020,ACE2_HUMAN,87630d0ccd9e8de7f77cb47c03fd56d745d66fbdceb8a2149b3518b04d71e1ea,805,True,sf_67d793b1df10,sf_67d793b1df10
assay042,assay042,1.0,235,1.0,1.0,4.548e-164,500,D7PM05_CLYGR_Somermeyer_2022,D7PM05_CLYGR,4d9e0f52986dfa520a66afcf32d1d335eaac5009dd8fe6bcf3d2579a218e47d9,235,D7PM05_CLYGR_Somermeyer_2022,D7PM05_CLYGR,4d9e0f52986dfa520a66afcf32d1d335eaac5009dd8fe6bcf3d2579a218e47d9,235,True,sf_d5ee7a876864,sf_d5ee7a876864
assay042,assay130,0.449,226,0.957,0.95,1.082e-67,222,D7PM05_CLYGR_Somermeyer_2022,D7PM05_CLYGR,4d9e0f52986dfa520a66afcf32d1d335eaac5009dd8fe6bcf3d2579a218e47d9,235,Q8WTC7_9CNID_Somermeyer_2022,Q8WTC7_9CNID,207f45450004d2fdfc4505ce92027881936b4019df85320b9816a3ba46cc49c8,238,True,sf_d5ee7a876864,sf_d5ee7a876864
assay042,assay058,0.43,229,0.97,0.962,1.403e-64,213,D7PM05_CLYGR_Somermeyer_2022,D7PM05_CLYGR,4d9e0f52986dfa520a66afcf32d1d335eaac5009dd8fe6bcf3d2579a218e47d9,235,GFP_AEQVI_Sarkisyan_2016,GFP_AEQVI,9be57dbaa8e6d8b324cd1a84684901808c38b3b84f940c08e00a0323f4215e9f,238,True,sf_d5ee7a876864,sf_d5ee7a876864
assay074,assay073,1.0,129,1.0,1.0,2.443e-84,264,KCNE1_HUMAN_Muhammad_2023_function,KCNE1_HUMAN,1f7b8c1a071fab39209fea0ac8ac89c9c520f149dd8f889f497fcf4f694fd479,129,KCNE1_HUMAN_Muhammad_2023_expression,KCNE1_HUMAN,1f7b8c1a071fab39209fea0ac8ac89c9c520f149dd8f889f497fcf4f694fd479,129,True,sf_8626537a0620,sf_8626537a0620
assay074,assay074,1.0,129,1.0,1.0,2.443e-84,264,KCNE1_HUMAN_Muhammad_2023_function,KCNE1_HUMAN,1f7b8c1a071fab39209fea0ac8ac89c9c520f149dd8f889f497fcf4f694fd479,129,KCNE1_HUMAN_Muhammad_2023_function,KCNE1_HUMAN,1f7b8c1a071fab39209fea0ac8ac89c9c520f149dd8f889f497fcf4f694fd479,129,True,sf_8626537a0620,sf_8626537a0620
assay106,assay106,1.0,402,1.0,1.0,5.638e-272,821,PAI1_HUMAN_Huttinger_2021,PAI1_HUMAN,85dcfe09ecc84ccb794ab1798f9ec2cc76cf5baf8cd55ead4a44e26bb3cebc08,402,PAI1_HUMAN_Huttinger_2021,PAI1_HUMAN,85dcfe09ecc84ccb794ab1798f9ec2cc76cf5baf8cd55ead4a44e26bb3cebc08,402,True,sf_51cbf66f0934,sf_51cbf66f0934
assay138,assay138,1.0,63,1.0,1.0,1.766e-39,131,RCRO_LAMBD_Tsuboyama_2023_1ORC,RCRO_LAMBD,24b2e5875f4a52e610ee511050f4c345d6feceaeb3666c4199049d2ef846db62,63,RCRO_LAMBD_Tsuboyama_2023_1ORC,RCRO_LAMBD,24b2e5875f4a52e610ee511050f4c345d6feceaeb3666c4199049d2ef846db62,63,True,sf_c6c5a726cc75,sf_c6c5a726cc75
assay170,assay169,1.0,536,1.0,1.0,0.0,1109,SRC_HUMAN_Chakraborty_2023_binding-DAS_25uM,SRC_HUMAN,bfb0c691493b552212f52a3e68ec9d6c2e67dc37339f19b6e71c22fd202292f8,536,SRC_HUMAN_Ahler_2019,SRC_HUMAN,bfb0c691493b552212f52a3e68ec9d6c2e67dc37339f19b6e71c22fd202292f8,536,True,sf_c38d9b4005f8,sf_c38d9b4005f8
assay170,assay170,1.0,536,1.0,1.0,0.0,1109,SRC_HUMAN_Chakraborty_2023_binding-DAS_25uM,SRC_HUMAN,bfb0c691493b552212f52a3e68ec9d6c2e67dc37339f19b6e71c22fd202292f8,536,SRC_HUMAN_Chakraborty_2023_binding-DAS_25uM,SRC_HUMAN,bfb0c691493b552212f52a3e68ec9d6c2e67dc37339f19b6e71c22fd202292f8,536,True,sf_c38d9b4005f8,sf_c38d9b4005f8
assay170,assay171,1.0,536,1.0,1.0,0.0,1109,SRC_HUMAN_Chakraborty_2023_binding-DAS_25uM,SRC_HUMAN,bfb0c691493b552212f52a3e68ec9d6c2e67dc37339f19b6e71c22fd202292f8,536,SRC_HUMAN_Nguyen_2022,SRC_HUMAN,bfb0c691493b552212f52a3e68ec9d6c2e67dc37339f19b6e71c22fd202292f8,536,True,sf_c38d9b4005f8,sf_c38d9b4005f8
assay170,assay014,0.31,460,0.696,0.734,4.778e-60,212,SRC_HUMAN_Chakraborty_2023_binding-DAS_25uM,SRC_HUMAN,bfb0c691493b552212f52a3e68ec9d6c2e67dc37339f19b6e71c22fd202292f8,536,ANCSZ_Hobbs_2022,ANCSZ,f5f3ced5cb23db1b5a2e54d7ee2bc87cb6e092f4df3472b987697b0c8fffdc3e,627,False,sf_c38d9b4005f8,sf_88339869d8cb
assay011,assay011,1.0,413,1.0,1.0,4.514000000000001e-280,845,ADRB2_HUMAN_Jones_2020,ADRB2_HUMAN,9abd88979dbbdef02b63e021dea98ae14cb976caa27c39878da46f99f3182fe5,413,ADRB2_HUMAN_Jones_2020,ADRB2_HUMAN,9abd88979dbbdef02b63e021dea98ae14cb976caa27c39878da46f99f3182fe5,413,True,sf_e2a3e4f1f860,sf_e2a3e4f1f860
assay011,assay036,0.227,286,0.692,0.739,1.692e-09,53,ADRB2_HUMAN_Jones_2020,ADRB2_HUMAN,9abd88979dbbdef02b63e021dea98ae14cb976caa27c39878da46f99f3182fe5,413,CCR5_HUMAN_Gill_2023,CCR5_HUMAN,7474668859b42bd1928b660b8e0f3588621456c10ad704453a6877db09d44e85,352,False,sf_e2a3e4f1f860,sf_2fd7d813c6f4
assay110,assay110,1.0,52,1.0,1.0,9.472999999999999e-33,111,PITX2_HUMAN_Tsuboyama_2023_2L7M,PITX2_HUMAN,f33cf1a6bd36d6f6b6c6dcb7476a95f16918e17b3eaff633f4bd6c8a2d0e7ee6,52,PITX2_HUMAN_Tsuboyama_2023_2L7M,PITX2_HUMAN,f33cf1a6bd36d6f6b6c6dcb7476a95f16918e17b3eaff633f4bd6c8a2d0e7ee6,52,True,sf_3de478b56341,sf_3de478b56341
assay110,assay089,0.38,50,0.962,0.82,1.817e-06,36,PITX2_HUMAN_Tsuboyama_2023_2L7M,PITX2_HUMAN,f33cf1a6bd36d6f6b6c6dcb7476a95f16918e17b3eaff633f4bd6c8a2d0e7ee6,52,NKX31_HUMAN_Tsuboyama_2023_2L9R,NKX31_HUMAN,c9f6965638d2fd03c56238100627b8434704ee694d5fad714adb2ac8ca2d450a,61,True,sf_3de478b56341,sf_3de478b56341
assay142,assay142,1.0,55,1.0,1.0,4.4500000000000005e-34,115,RFAH_ECOLI_Tsuboyama_2023_2LCL,RFAH_ECOLI,74b06461a9d1b2d2026bcbc9f3d4238585f14ef6bd4cd9f4ffbd418363d7d5ff,55,RFAH_ECOLI_Tsuboyama_2023_2LCL,RFAH_ECOLI,74b06461a9d1b2d2026bcbc9f3d4238585f14ef6bd4cd9f4ffbd418363d7d5ff,55,True,sf_cc6a74504a45,sf_cc6a74504a45
assay174,assay174,1.0,414,1.0,1.0,1.3e-268,812,TADBP_HUMAN_Bolognesi_2019,TADBP_HUMAN,db904fb6bea3d836fa9c2d870a738e324e79a98b89b69b5f2492e9772b7efbb7,414,TADBP_HUMAN_Bolognesi_2019,TADBP_HUMAN,db904fb6bea3d836fa9c2d870a738e324e79a98b89b69b5f2492e9772b7efbb7,414,True,sf_b0af6d5185b3,sf_b0af6d5185b3
assay015,assay015,1.0,69,1.0,1.0,2.155e-40,134,ARGR_ECOLI_Tsuboyama_2023_1AOY,ARGR_ECOLI,66e4a5113d2b1fd7f4787a993a0d585f8168b60eb03b8cc6adfb96c3246268ef,69,ARGR_ECOLI_Tsuboyama_2023_1AOY,ARGR_ECOLI,66e4a5113d2b1fd7f4787a993a0d585f8168b60eb03b8cc6adfb96c3246268ef,69,True,sf_8af86fe1b209,sf_8af86fe1b209
assay047,assay047,1.0,66,1.0,1.0,1.098e-45,149,DOCK1_MOUSE_Tsuboyama_2023_2M0Y,DOCK1_MOUSE,46962bab94c5ab950729fe64da9d7ad0d86cae4ee4ee4b45bd4fb86caa1433ce,66,DOCK1_MOUSE_Tsuboyama_2023_2M0Y,DOCK1_MOUSE,46962bab94c5ab950729fe64da9d7ad0d86cae4ee4ee4b45bd4fb86caa1433ce,66,True,sf_b63fd9507fc4,sf_b63fd9507fc4
assay047,assay168,0.307,51,0.773,0.761,3.512e-06,36,DOCK1_MOUSE_Tsuboyama_2023_2M0Y,DOCK1_MOUSE,46962bab94c5ab950729fe64da9d7ad0d86cae4ee4ee4b45bd4fb86caa1433ce,66,SRBS1_HUMAN_Tsuboyama_2023_2O2W,SRBS1_HUMAN,9a91e2de3c9815ba9e48ff0866794adaea4df6e49cfc3e43ec262cb2f2aaa74a,67,False,sf_b63fd9507fc4,sf_fd69b9c71495
assay079,assay079,1.0,41,1.0,1.0,8.004e-22,79,MAFG_MOUSE_Tsuboyama_2023_1K1V,MAFG_MOUSE,da41ceaba9f1c4fd6d9da3e8e6f439c9c2eabbd1b6a5fd2d6e847863419cc28c,41,MAFG_MOUSE_Tsuboyama_2023_1K1V,MAFG_MOUSE,da41ceaba9f1c4fd6d9da3e8e6f439c9c2eabbd1b6a5fd2d6e847863419cc28c,41,True,sf_a1eda43852c5,sf_a1eda43852c5
assay111,assay111,1.0,71,1.0,1.0,5.316e-40,133,PKN1_HUMAN_Tsuboyama_2023_1URF,PKN1_HUMAN,eacd7c467afd89358065c703999ebbab7b199fb8563b438bc1b3b39e6ec315c1,71,PKN1_HUMAN_Tsuboyama_2023_1URF,PKN1_HUMAN,eacd7c467afd89358065c703999ebbab7b199fb8563b438bc1b3b39e6ec315c1,71,True,sf_32b373a919b9,sf_32b373a919b9
assay143,assay143,1.0,59,1.0,1.0,9.856000000000001e-36,120,RL20_AQUAE_Tsuboyama_2023_1GYZ,RL20_AQUAE,d99d3bf28cca30b8ca67b8688484028256d8811c51988482526eff8c5f09d0ab,59,RL20_AQUAE_Tsuboyama_2023_1GYZ,RL20_AQUAE,d99d3bf28cca30b8ca67b8688484028256d8811c51988482526eff8c5f09d0ab,59,True,sf_310c599ef29a,sf_310c599ef29a
assay175,assay175,1.0,86,1.0,1.0,1.954e-57,184,TAT_HV1BR_Fernandes_2016,TAT_HV1BR,ca28e9ad15eb17c0ba23b08a2ced50e2a8d5226ea97dae1b510352e319627873,86,TAT_HV1BR_Fernandes_2016,TAT_HV1BR,ca28e9ad15eb17c0ba23b08a2ced50e2a8d5226ea97dae1b510352e319627873,86,True,sf_0d06a357cd85,sf_0d06a357cd85
assay016,assay016,1.0,64,1.0,1.0,1.506e-41,137,BBC1_YEAST_Tsuboyama_2023_1TG0,BBC1_YEAST,2525c4c880a947f46b4d75c90e17d85e653fcf632fc7dc9d0c64a75625d36e61,64,BBC1_YEAST_Tsuboyama_2023_1TG0,BBC1_YEAST,2525c4c880a947f46b4d75c90e17d85e653fcf632fc7dc9d0c64a75625d36e61,64,True,sf_c5f7073ffbdb,sf_c5f7073ffbdb
assay115,assay115,1.0,53,1.0,1.0,8.96e-34,114,POLG_PESV_Tsuboyama_2023_2MXD,POLG_PESV,08130dfce6b16caeb85ec346bf9065574fd416c0080bb6a8e9e82d915f601545,53,POLG_PESV_Tsuboyama_2023_2MXD,POLG_PESV,08130dfce6b16caeb85ec346bf9065574fd416c0080bb6a8e9e82d915f601545,53,True,sf_dc63c2b3ba7c,sf_dc63c2b3ba7c
assay147,assay147,1.0,226,1.0,1.0,1.473e-146,449,RNC_ECOLI_Weeks_2023,RNC_ECOLI,55249da877dc897d5de314c2b4a023ec52b5a5d892054bb094a2fc13aeede3a5,226,RNC_ECOLI_Weeks_2023,RNC_ECOLI,55249da877dc897d5de314c2b4a023ec52b5a5d892054bb094a2fc13aeede3a5,226,True,sf_692c79c706c4,sf_692c79c706c4
assay179,assay179,1.0,243,1.0,1.0,4.563e-168,512,TPK1_HUMAN_Weile_2017,TPK1_HUMAN,f0559a57916fe3476edde5fcf068226659ef805c10686332ab7582655fa2ffc7,243,TPK1_HUMAN_Weile_2017,TPK1_HUMAN,f0559a57916fe3476edde5fcf068226659ef805c10686332ab7582655fa2ffc7,243,True,sf_3c2e5ceba3be,sf_3c2e5ceba3be
assay020,assay018,1.0,286,1.0,1.0,4.4329999999999995e-190,578,BLAT_ECOLX_Jacquier_2013,BLAT_ECOLX,c9c4ef97b0e66cb20b51ba90e5889a0467f8155ef356c7a5a74914f06b91d468,286,BLAT_ECOLX_Deng_2012,BLAT_ECOLX,c9c4ef97b0e66cb20b51ba90e5889a0467f8155ef356c7a5a74914f06b91d468,286,True,sf_1ca89f8f1279,sf_1ca89f8f1279
assay020,assay019,1.0,286,1.0,1.0,4.4329999999999995e-190,578,BLAT_ECOLX_Jacquier_2013,BLAT_ECOLX,c9c4ef97b0e66cb20b51ba90e5889a0467f8155ef356c7a5a74914f06b91d468,286,BLAT_ECOLX_Firnberg_2014,BLAT_ECOLX,c9c4ef97b0e66cb20b51ba90e5889a0467f8155ef356c7a5a74914f06b91d468,286,True,sf_1ca89f8f1279,sf_1ca89f8f1279
assay020,assay020,1.0,286,1.0,1.0,4.4329999999999995e-190,578,BLAT_ECOLX_Jacquier_2013,BLAT_ECOLX,c9c4ef97b0e66cb20b51ba90e5889a0467f8155ef356c7a5a74914f06b91d468,286,BLAT_ECOLX_Jacquier_2013,BLAT_ECOLX,c9c4ef97b0e66cb20b51ba90e5889a0467f8155ef356c7a5a74914f06b91d468,286,True,sf_1ca89f8f1279,sf_1ca89f8f1279
assay020,assay021,1.0,286,1.0,1.0,4.4329999999999995e-190,578,BLAT_ECOLX_Jacquier_2013,BLAT_ECOLX,c9c4ef97b0e66cb20b51ba90e5889a0467f8155ef356c7a5a74914f06b91d468,286,BLAT_ECOLX_Stiffler_2015,BLAT_ECOLX,c9c4ef97b0e66cb20b51ba90e5889a0467f8155ef356c7a5a74914f06b91d468,286,True,sf_1ca89f8f1279,sf_1ca89f8f1279
assay052,assay052,1.0,66,1.0,1.0,3.72e-41,136,EPHB2_HUMAN_Tsuboyama_2023_1F0M,EPHB2_HUMAN,27e98b8983705757c0c60405efdb8f475cdf4c799d33c4f7345c6e64118e3318,66,EPHB2_HUMAN_Tsuboyama_2023_1F0M,EPHB2_HUMAN,27e98b8983705757c0c60405efdb8f475cdf4c799d33c4f7345c6e64118e3318,66,True,sf_77c475a042b9,sf_77c475a042b9
assay084,assay084,1.0,934,1.0,1.0,0.0,1837,MSH2_HUMAN_Jia_2020,MSH2_HUMAN,e27b898beec9c370e421fdcb5b7e37dd8801c81224cd397a021ec76dbe4096ea,934,MSH2_HUMAN_Jia_2020,MSH2_HUMAN,e27b898beec9c370e421fdcb5b7e37dd8801c81224cd397a021ec76dbe4096ea,934,True,sf_48cbc265b524,sf_48cbc265b524
assay116,assay116,1.0,505,1.0,1.0,0.0,1022,PPARG_HUMAN_Majithia_2016,PPARG_HUMAN,1a9d5667abcfbe96d50f29121e815eef32ae5fbfb3de52728d9a2de30d764b20,505,PPARG_HUMAN_Majithia_2016,PPARG_HUMAN,1a9d5667abcfbe96d50f29121e815eef32ae5fbfb3de52728d9a2de30d764b20,505,True,sf_6d98a5313455,sf_6d98a5313455
assay148,assay148,1.0,61,1.0,1.0,5.441e-35,118,RPC1_BP434_Tsuboyama_2023_1R69,RPC1_BP434,e5ac12deb24d9b937b86b44db8d6c64a47c5107772b1762d648501d25147ce06,61,RPC1_BP434_Tsuboyama_2023_1R69,RPC1_BP434,e5ac12deb24d9b937b86b44db8d6c64a47c5107772b1762d648501d25147ce06,61,True,sf_ffbe89385f32,sf_ffbe89385f32
assay180,assay180,1.0,245,1.0,1.0,3.4450000000000003e-172,524,TPMT_HUMAN_Matreyek_2018,TPMT_HUMAN,059d7c2c8feb87a96ccef6fc7f4866895687212f5bb9393c910970133e134081,245,TPMT_HUMAN_Matreyek_2018,TPMT_HUMAN,059d7c2c8feb87a96ccef6fc7f4866895687212f5bb9393c910970133e134081,245,True,sf_b5a772423035,sf_b5a772423035
assay021,assay018,1.0,286,1.0,1.0,4.4329999999999995e-190,578,BLAT_ECOLX_Stiffler_2015,BLAT_ECOLX,c9c4ef97b0e66cb20b51ba90e5889a0467f8155ef356c7a5a74914f06b91d468,286,BLAT_ECOLX_Deng_2012,BLAT_ECOLX,c9c4ef97b0e66cb20b51ba90e5889a0467f8155ef356c7a5a74914f06b91d468,286,True,sf_1ca89f8f1279,sf_1ca89f8f1279
assay021,assay019,1.0,286,1.0,1.0,4.4329999999999995e-190,578,BLAT_ECOLX_Stiffler_2015,BLAT_ECOLX,c9c4ef97b0e66cb20b51ba90e5889a0467f8155ef356c7a5a74914f06b91d468,286,BLAT_ECOLX_Firnberg_2014,BLAT_ECOLX,c9c4ef97b0e66cb20b51ba90e5889a0467f8155ef356c7a5a74914f06b91d468,286,True,sf_1ca89f8f1279,sf_1ca89f8f1279
assay021,assay020,1.0,286,1.0,1.0,4.4329999999999995e-190,578,BLAT_ECOLX_Stiffler_2015,BLAT_ECOLX,c9c4ef97b0e66cb20b51ba90e5889a0467f8155ef356c7a5a74914f06b91d468,286,BLAT_ECOLX_Jacquier_2013,BLAT_ECOLX,c9c4ef97b0e66cb20b51ba90e5889a0467f8155ef356c7a5a74914f06b91d468,286,True,sf_1ca89f8f1279,sf_1ca89f8f1279
assay021,assay021,1.0,286,1.0,1.0,4.4329999999999995e-190,578,BLAT_ECOLX_Stiffler_2015,BLAT_ECOLX,c9c4ef97b0e66cb20b51ba90e5889a0467f8155ef356c7a5a74914f06b91d468,286,BLAT_ECOLX_Stiffler_2015,BLAT_ECOLX,c9c4ef97b0e66cb20b51ba90e5889a0467f8155ef356c7a5a74914f06b91d468,286,True,sf_1ca89f8f1279,sf_1ca89f8f1279
assay182,assay182,1.0,248,1.0,1.0,6.645e-158,483,TRPC_SACS2_Chan_2017,TRPC_SACS2,a5678301cecc2d1e42270d7e64a76f678362100308cd5657af6effe43adc8e9c,248,TRPC_SACS2_Chan_2017,TRPC_SACS2,a5678301cecc2d1e42270d7e64a76f678362100308cd5657af6effe43adc8e9c,248,True,sf_415fc4c4433b,sf_415fc4c4433b
assay182,assay183,0.38,217,0.855,0.861,3.518e-38,137,TRPC_SACS2_Chan_2017,TRPC_SACS2,a5678301cecc2d1e42270d7e64a76f678362100308cd5657af6effe43adc8e9c,248,TRPC_THEMA_Chan_2017,TRPC_THEMA,6ca2a19c3bc5eeef7bceee36098d50d20b49a9f2ae57b320afc2b026b593b08e,252,True,sf_415fc4c4433b,sf_415fc4c4433b
assay182,assay104,0.4,222,0.895,0.827,8.755000000000001e-36,130,TRPC_SACS2_Chan_2017,TRPC_SACS2,a5678301cecc2d1e42270d7e64a76f678362100308cd5657af6effe43adc8e9c,248,P84126_THETH_Chan_2017,P84126_THETH,b7cf0832061e7437b4309c358ae2b5cca04d45e932da7e44257d640095432d81,254,True,sf_415fc4c4433b,sf_415fc4c4433b
assay023,assay023,1.0,566,1.0,1.0,0.0,1181,C6KNH7_9INFA_Lee_2018,C6KNH7_9INFA,3b98d980444bef3941477dad6f361a3b513d7ba1f3e882d09ed58ae03e1a7289,566,C6KNH7_9INFA_Lee_2018,C6KNH7_9INFA,3b98d980444bef3941477dad6f361a3b513d7ba1f3e882d09ed58ae03e1a7289,566,True,sf_97ae43962602,sf_97ae43962602
assay023,assay004,0.424,547,0.952,0.968,1.959e-144,461,C6KNH7_9INFA_Lee_2018,C6KNH7_9INFA,3b98d980444bef3941477dad6f361a3b513d7ba1f3e882d09ed58ae03e1a7289,566,A0A2Z5U3Z0_9INFA_Doud_2016,A0A2Z5U3Z0_9INFA,dd59e044f454224e885ae3cc5402958f0aa4956a721eb7cbf25a916b83bf2c7e,565,True,sf_97ae43962602,sf_97ae43962602
assay023,assay005,0.424,547,0.952,0.968,1.959e-144,461,C6KNH7_9INFA_Lee_2018,C6KNH7_9INFA,3b98d980444bef3941477dad6f361a3b513d7ba1f3e882d09ed58ae03e1a7289,566,A0A2Z5U3Z0_9INFA_Wu_2014,A0A2Z5U3Z0_9INFA,dd59e044f454224e885ae3cc5402958f0aa4956a721eb7cbf25a916b83bf2c7e,565,True,sf_97ae43962602,sf_97ae43962602
assay055,assay055,1.0,69,1.0,1.0,1.575e-43,143,FKBP3_HUMAN_Tsuboyama_2023_2KFV,FKBP3_HUMAN,22de585899af7e94250a30dd5566bc1d6e23307ea5a4131ea4d3746b07510a5f,69,FKBP3_HUMAN_Tsuboyama_2023_2KFV,FKBP3_HUMAN,22de585899af7e94250a30dd5566bc1d6e23307ea5a4131ea4d3746b07510a5f,69,True,sf_178ecc1910b6,sf_178ecc1910b6
assay087,assay087,1.0,61,1.0,1.0,2.8829999999999996e-41,136,MYO3_YEAST_Tsuboyama_2023_2BTT,MYO3_YEAST,e4a68c4b8acb4d369e571d9d37d3e3f2c5675c6881b011349ca8110b10daf0cc,61,MYO3_YEAST_Tsuboyama_2023_2BTT,MYO3_YEAST,e4a68c4b8acb4d369e571d9d37d3e3f2c5675c6881b011349ca8110b10daf0cc,61,True,sf_ce83c8e2ec6e,sf_ce83c8e2ec6e
assay119,assay119,1.0,465,1.0,1.0,0.0,1014,PRKN_HUMAN_Clausen_2023,PRKN_HUMAN,f1c95f90cb66ef3fe563de977581980576e42b59b10fe827126dfc9ead1003d3,465,PRKN_HUMAN_Clausen_2023,PRKN_HUMAN,f1c95f90cb66ef3fe563de977581980576e42b59b10fe827126dfc9ead1003d3,465,True,sf_044a6e3db01c,sf_044a6e3db01c
assay151,assay150,1.0,553,1.0,1.0,0.0,1129,S22A1_HUMAN_Yee_2023_activity,S22A1_HUMAN,d601ee0a15fee3f217a4d46ed3a7c1e668acc1c1ca7fadb13b341fbc2ea6e4a4,553,S22A1_HUMAN_Yee_2023_abundance,S22A1_HUMAN,d601ee0a15fee3f217a4d46ed3a7c1e668acc1c1ca7fadb13b341fbc2ea6e4a4,553,True,sf_dedbcf3c34ac,sf_dedbcf3c34ac
assay151,assay151,1.0,553,1.0,1.0,0.0,1129,S22A1_HUMAN_Yee_2023_activity,S22A1_HUMAN,d601ee0a15fee3f217a4d46ed3a7c1e668acc1c1ca7fadb13b341fbc2ea6e4a4,553,S22A1_HUMAN_Yee_2023_activity,S22A1_HUMAN,d601ee0a15fee3f217a4d46ed3a7c1e668acc1c1ca7fadb13b341fbc2ea6e4a4,553,True,sf_dedbcf3c34ac,sf_dedbcf3c34ac
assay183,assay183,1.0,252,1.0,1.0,2.9910000000000005e-160,490,TRPC_THEMA_Chan_2017,TRPC_THEMA,6ca2a19c3bc5eeef7bceee36098d50d20b49a9f2ae57b320afc2b026b593b08e,252,TRPC_THEMA_Chan_2017,TRPC_THEMA,6ca2a19c3bc5eeef7bceee36098d50d20b49a9f2ae57b320afc2b026b593b08e,252,True,sf_415fc4c4433b,sf_415fc4c4433b
assay183,assay182,0.38,217,0.861,0.855,7.794e-40,142,TRPC_THEMA_Chan_2017,TRPC_THEMA,6ca2a19c3bc5eeef7bceee36098d50d20b49a9f2ae57b320afc2b026b593b08e,252,TRPC_SACS2_Chan_2017,TRPC_SACS2,a5678301cecc2d1e42270d7e64a76f678362100308cd5657af6effe43adc8e9c,248,True,sf_415fc4c4433b,sf_415fc4c4433b
assay183,assay104,0.363,207,0.817,0.815,6.759e-28,107,TRPC_THEMA_Chan_2017,TRPC_THEMA,6ca2a19c3bc5eeef7bceee36098d50d20b49a9f2ae57b320afc2b026b593b08e,252,P84126_THETH_Chan_2017,P84126_THETH,b7cf0832061e7437b4309c358ae2b5cca04d45e932da7e44257d640095432d81,254,True,sf_415fc4c4433b,sf_415fc4c4433b
assay024,assay024,1.0,149,1.0,1.0,5.384999999999999e-94,293,CALM1_HUMAN_Weile_2017,CALM1_HUMAN,4a9f2f38a0afe61f9cd35d05788764536c1b394551a521687d0e537ad2760ff5,149,CALM1_HUMAN_Weile_2017,CALM1_HUMAN,4a9f2f38a0afe61f9cd35d05788764536c1b394551a521687d0e537ad2760ff5,149,True,sf_90261541b92a,sf_90261541b92a
assay056,assay056,1.0,881,1.0,1.0,0.0,1759,GAL4_YEAST_Kitzman_2015,GAL4_YEAST,67adc73e545d5fa5e29591ac740f6f2748ed3cf5ea7e2b62a8c617285e893dba,881,GAL4_YEAST_Kitzman_2015,GAL4_YEAST,67adc73e545d5fa5e29591ac740f6f2748ed3cf5ea7e2b62a8c617285e893dba,881,True,sf_2be67f569203,sf_2be67f569203
assay088,assay088,1.0,498,1.0,1.0,0.0,1003,NCAP_I34A1_Doud_2015,NCAP_I34A1,603391c59133e6e1484cd91f89d665933abd7ededbf3bc77bbd4bc6aa10094c9,498,NCAP_I34A1_Doud_2015,NCAP_I34A1,603391c59133e6e1484cd91f89d665933abd7ededbf3bc77bbd4bc6aa10094c9,498,True,sf_ac5654d2afd9,sf_ac5654d2afd9
assay088,assay069,0.939,498,1.0,1.0,1.76e-316,955,NCAP_I34A1_Doud_2015,NCAP_I34A1,603391c59133e6e1484cd91f89d665933abd7ededbf3bc77bbd4bc6aa10094c9,498,I6TAH8_I68A0_Doud_2015,I6TAH8_I68A0,047e14194ab8a5f678415efb1c98c92684e67e02626bf959de09f569c022f335,498,True,sf_ac5654d2afd9,sf_ac5654d2afd9
assay120,assay120,1.0,68,1.0,1.0,1.497e-43,143,PSAE_PICP2_Tsuboyama_2023_1PSE,PSAE_PICP2,ef44bfd420d2ad7747bc06b4a9b645ddd7e53e3a9c2fbccc85fe47606c0f057c,68,PSAE_PICP2_Tsuboyama_2023_1PSE,PSAE_PICP2,ef44bfd420d2ad7747bc06b4a9b645ddd7e53e3a9c2fbccc85fe47606c0f057c,68,True,sf_b20798b8020c,sf_b20798b8020c
assay152,assay152,1.0,43,1.0,1.0,3.282e-31,106,SAV1_MOUSE_Tsuboyama_2023_2YSB,SAV1_MOUSE,a33e27b03fd4cd2408b350a29777dd57e8caeb94c9ff4259ca7e29d67e1af0b5,43,SAV1_MOUSE_Tsuboyama_2023_2YSB,SAV1_MOUSE,a33e27b03fd4cd2408b350a29777dd57e8caeb94c9ff4259ca7e29d67e1af0b5,43,True,sf_0d40c1bb820d,sf_0d40c1bb820d
assay184,assay184,1.0,159,1.0,1.0,1.689e-111,344,UBC9_HUMAN_Weile_2017,UBC9_HUMAN,3210d6959f171a29a0e8449c6288087f0aa00967347e5e487e9f02738add9e8c,159,UBC9_HUMAN_Weile_2017,UBC9_HUMAN,3210d6959f171a29a0e8449c6288087f0aa00967347e5e487e9f02738add9e8c,159,True,sf_ab8b39992872,sf_ab8b39992872
assay025,assay025,1.0,735,1.0,1.0,0.0,1541,CAPSD_AAV2S_Sinai_2021,CAPSD_AAV2S,3544f4fb2e91766d29fe30811a367b3c8c62676eda35e8e111c3f586d75fa82d,735,CAPSD_AAV2S_Sinai_2021,CAPSD_AAV2S,3544f4fb2e91766d29fe30811a367b3c8c62676eda35e8e111c3f586d75fa82d,735,True,sf_c257cf3223e7,sf_c257cf3223e7
assay057,assay057,1.0,447,1.0,1.0,4.5e-306,922,GDIA_HUMAN_Silverstein_2021,GDIA_HUMAN,151cd778d4fb53f442fb1fcee3b51f9aea5a707a54a4ea4f4fafb2353492727f,447,GDIA_HUMAN_Silverstein_2021,GDIA_HUMAN,151cd778d4fb53f442fb1fcee3b51f9aea5a707a54a4ea4f4fafb2353492727f,447,True,sf_8931019bd293,sf_8931019bd293
assay089,assay089,1.0,61,1.0,1.0,2.191e-36,122,NKX31_HUMAN_Tsuboyama_2023_2L9R,NKX31_HUMAN,c9f6965638d2fd03c56238100627b8434704ee694d5fad714adb2ac8ca2d450a,61,NKX31_HUMAN_Tsuboyama_2023_2L9R,NKX31_HUMAN,c9f6965638d2fd03c56238100627b8434704ee694d5fad714adb2ac8ca2d450a,61,True,sf_3de478b56341,sf_3de478b56341
assay089,assay110,0.38,50,0.82,0.962,1.242e-06,37,NKX31_HUMAN_Tsuboyama_2023_2L9R,NKX31_HUMAN,c9f6965638d2fd03c56238100627b8434704ee694d5fad714adb2ac8ca2d450a,61,PITX2_HUMAN_Tsuboyama_2023_2L7M,PITX2_HUMAN,f33cf1a6bd36d6f6b6c6dcb7476a95f16918e17b3eaff633f4bd6c8a2d0e7ee6,52,True,sf_3de478b56341,sf_3de478b56341
assay121,assay121,1.0,403,1.0,1.0,1.1599999999999998e-281,849,PTEN_HUMAN_Matreyek_2021,PTEN_HUMAN,2675a6cc946076d70342977845afe793269c5987a998382100bede64d1e61b42,403,PTEN_HUMAN_Matreyek_2021,PTEN_HUMAN,2675a6cc946076d70342977845afe793269c5987a998382100bede64d1e61b42,403,True,sf_a81536eee23e,sf_a81536eee23e
assay121,assay122,1.0,403,1.0,1.0,1.1599999999999998e-281,849,PTEN_HUMAN_Matreyek_2021,PTEN_HUMAN,2675a6cc946076d70342977845afe793269c5987a998382100bede64d1e61b42,403,PTEN_HUMAN_Mighell_2018,PTEN_HUMAN,2675a6cc946076d70342977845afe793269c5987a998382100bede64d1e61b42,403,True,sf_a81536eee23e,sf_a81536eee23e
assay153,assay153,1.0,56,1.0,1.0,1.447e-30,105,SBI_STAAM_Tsuboyama_2023_2JVG,SBI_STAAM,071c87e2610af6a89e89c6a0499a9fb71b0506d220c123c4589e0956152a3686,56,SBI_STAAM_Tsuboyama_2023_2JVG,SBI_STAAM,071c87e2610af6a89e89c6a0499a9fb71b0506d220c123c4589e0956152a3686,56,True,sf_60dadcbd5371,sf_60dadcbd5371
assay185,assay185,1.0,69,1.0,1.0,1.575e-43,143,UBE4B_HUMAN_Tsuboyama_2023_3L1X,UBE4B_HUMAN,538bf66468f70ae9a6eb3207c783edfc131745450d0b5c16ef0056ee2b952706,69,UBE4B_HUMAN_Tsuboyama_2023_3L1X,UBE4B_HUMAN,538bf66468f70ae9a6eb3207c783edfc131745450d0b5c16ef0056ee2b952706,69,True,sf_a47101dcf200,sf_a47101dcf200
assay026,assay026,1.0,1154,1.0,1.0,0.0,2273,CAR11_HUMAN_Meitlis_2020_gof,CAR11_HUMAN,23f728c9d0c885671d837a1b3d5cbe24609c3cf38f54a65dc6eccf6291f5964f,1154,CAR11_HUMAN_Meitlis_2020_gof,CAR11_HUMAN,23f728c9d0c885671d837a1b3d5cbe24609c3cf38f54a65dc6eccf6291f5964f,1154,True,sf_0fc8efec29c6,sf_0fc8efec29c6
assay026,assay027,1.0,1154,1.0,1.0,0.0,2273,CAR11_HUMAN_Meitlis_2020_gof,CAR11_HUMAN,23f728c9d0c885671d837a1b3d5cbe24609c3cf38f54a65dc6eccf6291f5964f,1154,CAR11_HUMAN_Meitlis_2020_lof,CAR11_HUMAN,23f728c9d0c885671d837a1b3d5cbe24609c3cf38f54a65dc6eccf6291f5964f,1154,True,sf_0fc8efec29c6,sf_0fc8efec29c6
assay172,assay172,1.0,101,1.0,1.0,4.512e-64,204,SUMO1_HUMAN_Weile_2017,SUMO1_HUMAN,2f67b0398c769dc5deb575f46362e1cad7c5a647adac36d48ce8538043ff075d,101,SUMO1_HUMAN_Weile_2017,SUMO1_HUMAN,2f67b0398c769dc5deb575f46362e1cad7c5a647adac36d48ce8538043ff075d,101,True,sf_19622d9f3f73,sf_19622d9f3f73
assay013,assay013,1.0,346,1.0,1.0,5.4150000000000006e-244,737,AMIE_PSEAE_Wrenbeck_2017,AMIE_PSEAE,a1d4b2277cb8338e73199e8cca2c82adcde44390a20f687d63ac9b83535d9a10,346,AMIE_PSEAE_Wrenbeck_2017,AMIE_PSEAE,a1d4b2277cb8338e73199e8cca2c82adcde44390a20f687d63ac9b83535d9a10,346,True,sf_0406336ba271,sf_0406336ba271
assay045,assay045,1.0,55,1.0,1.0,2.219e-33,113,DN7A_SACS2_Tsuboyama_2023_1JIC,DN7A_SACS2,8edf0f5b4fd2e640716fcb35278a6a90f8b8cd4c910fd251223ad29c63ebc544,55,DN7A_SACS2_Tsuboyama_2023_1JIC,DN7A_SACS2,8edf0f5b4fd2e640716fcb35278a6a90f8b8cd4c910fd251223ad29c63ebc544,55,True,sf_0500559dbf7c,sf_0500559dbf7c
assay077,assay077,1.0,264,1.0,1.0,4e-180,548,KKA2_KLEPN_Melnikov_2014,KKA2_KLEPN,acbf1fe51a97a2e90c2bcd13adabec985a63c501fae0f2a2cfcb46258abda56e,264,KKA2_KLEPN_Melnikov_2014,KKA2_KLEPN,acbf1fe51a97a2e90c2bcd13adabec985a63c501fae0f2a2cfcb46258abda56e,264,True,sf_72f0344ad526,sf_72f0344ad526
assay109,assay109,1.0,39,1.0,1.0,1.146e-24,87,PIN1_HUMAN_Tsuboyama_2023_1I6C,PIN1_HUMAN,32f6115513f39a2d0d751aff5d991c95f598beb690622721a13d943300a60ea4,39,PIN1_HUMAN_Tsuboyama_2023_1I6C,PIN1_HUMAN,32f6115513f39a2d0d751aff5d991c95f598beb690622721a13d943300a60ea4,39,True,sf_27b2fd965bcd,sf_27b2fd965bcd
assay141,assay141,1.0,116,1.0,1.0,3.147e-75,237,REV_HV1H2_Fernandes_2016,REV_HV1H2,19dc6b99f4ee9fdb7b2b0ce2b74acad96ed300e4e6aad826ced3ce4f9cb6baad,116,REV_HV1H2_Fernandes_2016,REV_HV1H2,19dc6b99f4ee9fdb7b2b0ce2b74acad96ed300e4e6aad826ced3ce4f9cb6baad,116,True,sf_4ddd0adc0328,sf_4ddd0adc0328
assay173,assay173,1.0,140,1.0,1.0,2.265e-82,259,SYUA_HUMAN_Newberry_2020,SYUA_HUMAN,a421d4b21d1150fb3bf2a8bf74b34b76d01ae9f6574d84066be505ca5e049533,140,SYUA_HUMAN_Newberry_2020,SYUA_HUMAN,a421d4b21d1150fb3bf2a8bf74b34b76d01ae9f6574d84066be505ca5e049533,140,True,sf_87dffde05f09,sf_87dffde05f09
assay014,assay014,1.0,627,1.0,1.0,0.0,1313,ANCSZ_Hobbs_2022,ANCSZ,f5f3ced5cb23db1b5a2e54d7ee2bc87cb6e092f4df3472b987697b0c8fffdc3e,627,ANCSZ_Hobbs_2022,ANCSZ,f5f3ced5cb23db1b5a2e54d7ee2bc87cb6e092f4df3472b987697b0c8fffdc3e,627,True,sf_88339869d8cb,sf_88339869d8cb
assay014,assay169,0.31,460,0.734,0.696,3.4159999999999996e-61,218,ANCSZ_Hobbs_2022,ANCSZ,f5f3ced5cb23db1b5a2e54d7ee2bc87cb6e092f4df3472b987697b0c8fffdc3e,627,SRC_HUMAN_Ahler_2019,SRC_HUMAN,bfb0c691493b552212f52a3e68ec9d6c2e67dc37339f19b6e71c22fd202292f8,536,False,sf_88339869d8cb,sf_c38d9b4005f8
assay014,assay170,0.31,460,0.734,0.696,3.4159999999999996e-61,218,ANCSZ_Hobbs_2022,ANCSZ,f5f3ced5cb23db1b5a2e54d7ee2bc87cb6e092f4df3472b987697b0c8fffdc3e,627,SRC_HUMAN_Chakraborty_2023_binding-DAS_25uM,SRC_HUMAN,bfb0c691493b552212f52a3e68ec9d6c2e67dc37339f19b6e71c22fd202292f8,536,False,sf_88339869d8cb,sf_c38d9b4005f8
assay014,assay171,0.31,460,0.734,0.696,3.4159999999999996e-61,218,ANCSZ_Hobbs_2022,ANCSZ,f5f3ced5cb23db1b5a2e54d7ee2bc87cb6e092f4df3472b987697b0c8fffdc3e,627,SRC_HUMAN_Nguyen_2022,SRC_HUMAN,bfb0c691493b552212f52a3e68ec9d6c2e67dc37339f19b6e71c22fd202292f8,536,False,sf_88339869d8cb,sf_c38d9b4005f8
assay046,assay046,1.0,65,1.0,1.0,7.887999999999999e-41,135,DNJA1_HUMAN_Tsuboyama_2023_2LO1,DNJA1_HUMAN,0d16c663f2eff74cc073caf31e803e63ea2ba35ca5b94b9a809434a252995a64,65,DNJA1_HUMAN_Tsuboyama_2023_2LO1,DNJA1_HUMAN,0d16c663f2eff74cc073caf31e803e63ea2ba35ca5b94b9a809434a252995a64,65,True,sf_3bc8071abc2c,sf_3bc8071abc2c
assay078,assay078,1.0,439,1.0,1.0,2.206e-301,908,LGK_LIPST_Klesmith_2015,LGK_LIPST,58192f44a046f4d4aebdc02932369fe98654f17cf5656e564d553efda08ff5e4,439,LGK_LIPST_Klesmith_2015,LGK_LIPST,58192f44a046f4d4aebdc02932369fe98654f17cf5656e564d553efda08ff5e4,439,True,sf_bba3db8a5a23,sf_bba3db8a5a23
assay053,assay053,1.0,212,1.0,1.0,1.776e-137,422,ESTA_BACSU_Nutschel_2020,ESTA_BACSU,8a9ea05c5d2953b5b143b591bea6014aec631be96a4842b274fb3e91ee4907d7,212,ESTA_BACSU_Nutschel_2020,ESTA_BACSU,8a9ea05c5d2953b5b143b591bea6014aec631be96a4842b274fb3e91ee4907d7,212,True,sf_eb7894768bb9,sf_eb7894768bb9
assay085,assay085,1.0,330,1.0,1.0,4.205e-230,696,MTH3_HAEAE_RockahShmuel_2015,MTH3_HAEAE,d78bb1f564dcca3a1c20ef3c0d620ebaf981a39fc27ccc3e5237aca93afb7eb3,330,MTH3_HAEAE_RockahShmuel_2015,MTH3_HAEAE,d78bb1f564dcca3a1c20ef3c0d620ebaf981a39fc27ccc3e5237aca93afb7eb3,330,True,sf_9a90786f7320,sf_9a90786f7320
assay117,assay117,1.0,605,1.0,1.0,0.0,1223,PPM1D_HUMAN_Miller_2022,PPM1D_HUMAN,eb3fd6e991149629c673cea22531ccc0b99d845872752b1d2dd72e6ee36abe10,605,PPM1D_HUMAN_Miller_2022,PPM1D_HUMAN,eb3fd6e991149629c673cea22531ccc0b99d845872752b1d2dd72e6ee36abe10,605,True,sf_c26e504ac4d4,sf_c26e504ac4d4
assay149,assay149,1.0,63,1.0,1.0,1.0870000000000001e-36,123,RS15_GEOSE_Tsuboyama_2023_1A32,RS15_GEOSE,23260d892b2f1c7be955c13686082906af03865240d0a6da8e5a7bea65e592ce,63,RS15_GEOSE_Tsuboyama_2023_1A32,RS15_GEOSE,23260d892b2f1c7be955c13686082906af03865240d0a6da8e5a7bea65e592ce,63,True,sf_bcab9ac142f5,sf_bcab9ac142f5
assay181,assay181,1.0,635,1.0,1.0,0.0,1354,TPOR_HUMAN_Bridgford_2020,TPOR_HUMAN,a74ceb2bf389952cef98a99c475bb870eb0ecf75c88e1802fee05bb8ddba44ca,635,TPOR_HUMAN_Bridgford_2020,TPOR_HUMAN,a74ceb2bf389952cef98a99c475bb870eb0ecf75c88e1802fee05bb8ddba44ca,635,True,sf_540579521118,sf_540579521118
assay022,assay022,1.0,1863,1.0,1.0,0.0,3646,BRCA1_HUMAN_Findlay_2018,BRCA1_HUMAN,80d7199c8d1550a5ba8387043481c1acf0f070df410b47c2bc1375584b59bdf1,1863,BRCA1_HUMAN_Findlay_2018,BRCA1_HUMAN,80d7199c8d1550a5ba8387043481c1acf0f070df410b47c2bc1375584b59bdf1,1863,True,sf_234425dd63e3,sf_234425dd63e3
assay054,assay054,1.0,72,1.0,1.0,1.342e-46,152,FECA_ECOLI_Tsuboyama_2023_2D1U,FECA_ECOLI,9db12e3352b4369f97639f6efdec429bb874a2c3c8e98454ee3413c7b2b41d19,72,FECA_ECOLI_Tsuboyama_2023_2D1U,FECA_ECOLI,9db12e3352b4369f97639f6efdec429bb874a2c3c8e98454ee3413c7b2b41d19,72,True,sf_9a3ea6c0c19c,sf_9a3ea6c0c19c
assay086,assay086,1.0,656,1.0,1.0,0.0,1373,MTHR_HUMAN_Weile_2021,MTHR_HUMAN,afd5e62b903eb642953b991f683bae2f9fc5b6220f2ea855627910d55974d7b4,656,MTHR_HUMAN_Weile_2021,MTHR_HUMAN,afd5e62b903eb642953b991f683bae2f9fc5b6220f2ea855627910d55974d7b4,656,True,sf_095a60e097b5,sf_095a60e097b5
assay118,assay118,1.0,63,1.0,1.0,2.182e-37,125,PR40A_HUMAN_Tsuboyama_2023_1UZC,PR40A_HUMAN,4c0794fea10947b44cecc21465d457e781a47c6aaf37929a73a4ea141095a8a3,63,PR40A_HUMAN_Tsuboyama_2023_1UZC,PR40A_HUMAN,4c0794fea10947b44cecc21465d457e781a47c6aaf37929a73a4ea141095a8a3,63,True,sf_f662b12b6174,sf_f662b12b6174
assay150,assay150,1.0,553,1.0,1.0,0.0,1129,S22A1_HUMAN_Yee_2023_abundance,S22A1_HUMAN,d601ee0a15fee3f217a4d46ed3a7c1e668acc1c1ca7fadb13b341fbc2ea6e4a4,553,S22A1_HUMAN_Yee_2023_abundance,S22A1_HUMAN,d601ee0a15fee3f217a4d46ed3a7c1e668acc1c1ca7fadb13b341fbc2ea6e4a4,553,True,sf_dedbcf3c34ac,sf_dedbcf3c34ac
assay150,assay151,1.0,553,1.0,1.0,0.0,1129,S22A1_HUMAN_Yee_2023_abundance,S22A1_HUMAN,d601ee0a15fee3f217a4d46ed3a7c1e668acc1c1ca7fadb13b341fbc2ea6e4a4,553,S22A1_HUMAN_Yee_2023_activity,S22A1_HUMAN,d601ee0a15fee3f217a4d46ed3a7c1e668acc1c1ca7fadb13b341fbc2ea6e4a4,553,True,sf_dedbcf3c34ac,sf_dedbcf3c34ac
assay058,assay058,1.0,238,1.0,1.0,2.147e-165,504,GFP_AEQVI_Sarkisyan_2016,GFP_AEQVI,9be57dbaa8e6d8b324cd1a84684901808c38b3b84f940c08e00a0323f4215e9f,238,GFP_AEQVI_Sarkisyan_2016,GFP_AEQVI,9be57dbaa8e6d8b324cd1a84684901808c38b3b84f940c08e00a0323f4215e9f,238,True,sf_d5ee7a876864,sf_d5ee7a876864
assay058,assay130,0.827,238,1.0,1.0,9.197e-141,433,GFP_AEQVI_Sarkisyan_2016,GFP_AEQVI,9be57dbaa8e6d8b324cd1a84684901808c38b3b84f940c08e00a0323f4215e9f,238,Q8WTC7_9CNID_Somermeyer_2022,Q8WTC7_9CNID,207f45450004d2fdfc4505ce92027881936b4019df85320b9816a3ba46cc49c8,238,True,sf_d5ee7a876864,sf_d5ee7a876864
assay058,assay042,0.43,229,0.962,0.97,7.791e-64,211,GFP_AEQVI_Sarkisyan_2016,GFP_AEQVI,9be57dbaa8e6d8b324cd1a84684901808c38b3b84f940c08e00a0323f4215e9f,238,D7PM05_CLYGR_Somermeyer_2022,D7PM05_CLYGR,4d9e0f52986dfa520a66afcf32d1d335eaac5009dd8fe6bcf3d2579a218e47d9,235,True,sf_d5ee7a876864,sf_d5ee7a876864
assay090,assay090,1.0,1278,1.0,1.0,0.0,2614,NPC1_HUMAN_Erwood_2022_HEK293T,NPC1_HUMAN,4e24d009a2ddd244a0a0eb2cdff86a7c7afe8006103d97c723616088876f494e,1278,NPC1_HUMAN_Erwood_2022_HEK293T,NPC1_HUMAN,4e24d009a2ddd244a0a0eb2cdff86a7c7afe8006103d97c723616088876f494e,1278,True,sf_9d5fffe3ecc6,sf_9d5fffe3ecc6
assay122,assay121,1.0,403,1.0,1.0,1.1599999999999998e-281,849,PTEN_HUMAN_Mighell_2018,PTEN_HUMAN,2675a6cc946076d70342977845afe793269c5987a998382100bede64d1e61b42,403,PTEN_HUMAN_Matreyek_2021,PTEN_HUMAN,2675a6cc946076d70342977845afe793269c5987a998382100bede64d1e61b42,403,True,sf_a81536eee23e,sf_a81536eee23e
assay122,assay122,1.0,403,1.0,1.0,1.1599999999999998e-281,849,PTEN_HUMAN_Mighell_2018,PTEN_HUMAN,2675a6cc946076d70342977845afe793269c5987a998382100bede64d1e61b42,403,PTEN_HUMAN_Mighell_2018,PTEN_HUMAN,2675a6cc946076d70342977845afe793269c5987a998382100bede64d1e61b42,403,True,sf_a81536eee23e,sf_a81536eee23e
assay154,assay154,1.0,630,1.0,1.0,0.0,1309,SC6A4_HUMAN_Young_2021,SC6A4_HUMAN,08ab69187b319cff68eba5e95e6d06f77a7a8e75e4b1a83c000f7ed2c160d37f,630,SC6A4_HUMAN_Young_2021,SC6A4_HUMAN,08ab69187b319cff68eba5e95e6d06f77a7a8e75e4b1a83c000f7ed2c160d37f,630,True,sf_5602ca7080fe,sf_5602ca7080fe
assay186,assay186,1.0,1173,1.0,1.0,0.0,2310,UBE4B_MOUSE_Starita_2013,UBE4B_MOUSE,e41f60f5bb7eefdd457c22b691222a67cc22093ad2cac6ab76d6943375d37c53,1173,UBE4B_MOUSE_Starita_2013,UBE4B_MOUSE,e41f60f5bb7eefdd457c22b691222a67cc22093ad2cac6ab76d6943375d37c53,1173,True,sf_2d1d2debf9a5,sf_2d1d2debf9a5
assay027,assay026,1.0,1154,1.0,1.0,0.0,2273,CAR11_HUMAN_Meitlis_2020_lof,CAR11_HUMAN,23f728c9d0c885671d837a1b3d5cbe24609c3cf38f54a65dc6eccf6291f5964f,1154,CAR11_HUMAN_Meitlis_2020_gof,CAR11_HUMAN,23f728c9d0c885671d837a1b3d5cbe24609c3cf38f54a65dc6eccf6291f5964f,1154,True,sf_0fc8efec29c6,sf_0fc8efec29c6
assay027,assay027,1.0,1154,1.0,1.0,0.0,2273,CAR11_HUMAN_Meitlis_2020_lof,CAR11_HUMAN,23f728c9d0c885671d837a1b3d5cbe24609c3cf38f54a65dc6eccf6291f5964f,1154,CAR11_HUMAN_Meitlis_2020_lof,CAR11_HUMAN,23f728c9d0c885671d837a1b3d5cbe24609c3cf38f54a65dc6eccf6291f5964f,1154,True,sf_0fc8efec29c6,sf_0fc8efec29c6
assay059,assay059,1.0,217,1.0,1.0,1.003e-154,472,GRB2_HUMAN_Faure_2021,GRB2_HUMAN,da732b5e8d2d70df356a38fcb7dcb1f2c8c200f00268f7978afe49f9a7b1783d,217,GRB2_HUMAN_Faure_2021,GRB2_HUMAN,da732b5e8d2d70df356a38fcb7dcb1f2c8c200f00268f7978afe49f9a7b1783d,217,True,sf_a2995dce9367,sf_a2995dce9367
assay091,assay091,1.0,164,1.0,1.0,1.328e-116,359,NUD15_HUMAN_Suiter_2020,NUD15_HUMAN,14995400edc57f8b57e4c51846467559530c436ed34a22c00d6085db53c79549,164,NUD15_HUMAN_Suiter_2020,NUD15_HUMAN,14995400edc57f8b57e4c51846467559530c436ed34a22c00d6085db53c79549,164,True,sf_7dd15a2e7599,sf_7dd15a2e7599
assay123,assay123,1.0,860,1.0,1.0,0.0,1769,Q2N0S5_9HIV1_Haddox_2018,Q2N0S5_9HIV1,37e665d9f4d8b4c8f3454d90b01f8ec02b5cbf8d6e21fe24bd11ac381f59c098,860,Q2N0S5_9HIV1_Haddox_2018,Q2N0S5_9HIV1,37e665d9f4d8b4c8f3454d90b01f8ec02b5cbf8d6e21fe24bd11ac381f59c098,860,True,sf_1bf288bd319a,sf_1bf288bd319a
assay123,assay001,0.854,860,1.0,1.0,0.0,1499,Q2N0S5_9HIV1_Haddox_2018,Q2N0S5_9HIV1,37e665d9f4d8b4c8f3454d90b01f8ec02b5cbf8d6e21fe24bd11ac381f59c098,860,A0A192B1T2_9HIV1_Haddox_2018,A0A192B1T2_9HIV1,589a3d75f09a5e1beeec23d1ed9eb52c3071477a0bb2299faba979098821ec0f,852,True,sf_1bf288bd319a,sf_1bf288bd319a
assay123,assay051,0.736,861,0.997,1.0,0.0,1315,Q2N0S5_9HIV1_Haddox_2018,Q2N0S5_9HIV1,37e665d9f4d8b4c8f3454d90b01f8ec02b5cbf8d6e21fe24bd11ac381f59c098,860,ENV_HV1BR_Haddox_2016,ENV_HV1BR,be4105b663987f7c9629afca0ffd4078ab641940c8bfc4c05ba3253077ef892d,861,True,sf_1bf288bd319a,sf_1bf288bd319a
assay155,assay155,1.0,70,1.0,1.0,2.266e-40,134,SCIN_STAAR_Tsuboyama_2023_2QFF,SCIN_STAAR,b3484249ba19f9455763ce7c70b60e32175da414446350e1dc457356fdfa05a5,70,SCIN_STAAR_Tsuboyama_2023_2QFF,SCIN_STAAR,b3484249ba19f9455763ce7c70b60e32175da414446350e1dc457356fdfa05a5,70,True,sf_cf940c8da196,sf_cf940c8da196
assay187,assay187,1.0,58,1.0,1.0,1.439e-31,108,UBR5_HUMAN_Tsuboyama_2023_1I2T,UBR5_HUMAN,864587b8306f76b5780c58ceaa873f4b72be8e7b10cfba989dbabf2a58d5242b,58,UBR5_HUMAN_Tsuboyama_2023_1I2T,UBR5_HUMAN,864587b8306f76b5780c58ceaa873f4b72be8e7b10cfba989dbabf2a58d5242b,58,True,sf_059a8d032aa4,sf_059a8d032aa4
assay028,assay028,1.0,1368,1.0,1.0,0.0,2705,CAS9_STRP1_Spencer_2017_positive,CAS9_STRP1,0b7df5a184af9a6086e68775743c9f88f90fc81cf58931719cfa4b8e48d3f6ef,1368,CAS9_STRP1_Spencer_2017_positive,CAS9_STRP1,0b7df5a184af9a6086e68775743c9f88f90fc81cf58931719cfa4b8e48d3f6ef,1368,True,sf_2fb7a12de8e4,sf_2fb7a12de8e4
assay060,assay060,1.0,55,1.0,1.0,6.1510000000000005e-31,106,HCP_LAMBD_Tsuboyama_2023_2L6Q,HCP_LAMBD,7e7e14808e7fb18df489c477979e76cf55eb47147a8b96e908a0079a514fb626,55,HCP_LAMBD_Tsuboyama_2023_2L6Q,HCP_LAMBD,7e7e14808e7fb18df489c477979e76cf55eb47147a8b96e908a0079a514fb626,55,True,sf_f4afbafe8fe3,sf_f4afbafe8fe3
assay092,assay092,1.0,69,1.0,1.0,2.155e-40,134,NUSA_ECOLI_Tsuboyama_2023_1WCL,NUSA_ECOLI,7d61e64ba38de72f22d854c934eeacefabdf6b69da6e65de3a4d4762719699f3,69,NUSA_ECOLI_Tsuboyama_2023_1WCL,NUSA_ECOLI,7d61e64ba38de72f22d854c934eeacefabdf6b69da6e65de3a4d4762719699f3,69,True,sf_a92a5d40f0e3,sf_a92a5d40f0e3
assay124,assay124,1.0,365,1.0,1.0,3.416e-250,756,Q53Z42_HUMAN_McShan_2019_binding-TAPBPR,Q53Z42_HUMAN,a77c8fd26c1e0b5d0034384309cd3600fb1e3f8775e1979363d5db3a185be675,365,Q53Z42_HUMAN_McShan_2019_binding-TAPBPR,Q53Z42_HUMAN,a77c8fd26c1e0b5d0034384309cd3600fb1e3f8775e1979363d5db3a185be675,365,True,sf_77b576379330,sf_77b576379330
assay124,assay125,1.0,365,1.0,1.0,3.416e-250,756,Q53Z42_HUMAN_McShan_2019_binding-TAPBPR,Q53Z42_HUMAN,a77c8fd26c1e0b5d0034384309cd3600fb1e3f8775e1979363d5db3a185be675,365,Q53Z42_HUMAN_McShan_2019_expression,Q53Z42_HUMAN,a77c8fd26c1e0b5d0034384309cd3600fb1e3f8775e1979363d5db3a185be675,365,True,sf_77b576379330,sf_77b576379330
assay156,assay156,1.0,44,1.0,1.0,1.34e-25,90,SDA_BACSU_Tsuboyama_2023_1PV0,SDA_BACSU,9b8a19a58ca0ba318b0c339a4c794cb3a19356dbf1bca9d8f81b3a1df7cadbef,44,SDA_BACSU_Tsuboyama_2023_1PV0,SDA_BACSU,9b8a19a58ca0ba318b0c339a4c794cb3a19356dbf1bca9d8f81b3a1df7cadbef,44,True,sf_3a5047c87583,sf_3a5047c87583
assay188,assay188,1.0,40,1.0,1.0,3.799e-21,77,VG08_BPP22_Tsuboyama_2023_2GP8,VG08_BPP22,b6f87533a8ff1ef31f51b628bd0fb5b33c8c62010febbcbf125b6dff215ac47e,40,VG08_BPP22_Tsuboyama_2023_2GP8,VG08_BPP22,b6f87533a8ff1ef31f51b628bd0fb5b33c8c62010febbcbf125b6dff215ac47e,40,True,sf_ffaeeb6011e9,sf_ffaeeb6011e9
assay029,assay029,1.0,258,1.0,1.0,9.739e-176,535,CASP3_HUMAN_Roychowdhury_2020,CASP3_HUMAN,db97616a542053832f57e3a6f83b89c1b80a10c679889c6e23b20550d1cd50a1,258,CASP3_HUMAN_Roychowdhury_2020,CASP3_HUMAN,db97616a542053832f57e3a6f83b89c1b80a10c679889c6e23b20550d1cd50a1,258,True,sf_99e3b36fb3c0,sf_99e3b36fb3c0
assay029,assay030,0.57,242,0.926,0.861,2.033e-89,286,CASP3_HUMAN_Roychowdhury_2020,CASP3_HUMAN,db97616a542053832f57e3a6f83b89c1b80a10c679889c6e23b20550d1cd50a1,258,CASP7_HUMAN_Roychowdhury_2020,CASP7_HUMAN,213d8a15168ffdd0daf05c2809f9abb65a26baf3ef866577883b57e4897baad0,281,True,sf_99e3b36fb3c0,sf_99e3b36fb3c0
assay061,assay061,1.0,72,1.0,1.0,8.879999999999999e-51,164,HECD1_HUMAN_Tsuboyama_2023_3DKM,HECD1_HUMAN,d11d776b9031b71dc023044e5b734a7407ac498d7147976c36ab7b627cae7e75,72,HECD1_HUMAN_Tsuboyama_2023_3DKM,HECD1_HUMAN,d11d776b9031b71dc023044e5b734a7407ac498d7147976c36ab7b627cae7e75,72,True,sf_45f2530c8897,sf_45f2530c8897
assay093,assay093,1.0,55,1.0,1.0,4.955e-33,112,NUSG_MYCTU_Tsuboyama_2023_2MI6,NUSG_MYCTU,cfc7222703b572e6e9a896ad622aa1baa5aac0ba55a7423c4d3a158fa8fac4aa,55,NUSG_MYCTU_Tsuboyama_2023_2MI6,NUSG_MYCTU,cfc7222703b572e6e9a896ad622aa1baa5aac0ba55a7423c4d3a158fa8fac4aa,55,True,sf_8972dd1535ff,sf_8972dd1535ff
assay063,assay063,1.0,888,1.0,1.0,0.0,1762,HMDH_HUMAN_Jiang_2019,HMDH_HUMAN,53ca26e9a4eeb6dc55931307bed794b7dde0c3f5bdbdfb91ea34506062a3e318,888,HMDH_HUMAN_Jiang_2019,HMDH_HUMAN,53ca26e9a4eeb6dc55931307bed794b7dde0c3f5bdbdfb91ea34506062a3e318,888,True,sf_a470df240675,sf_a470df240675
assay095,assay095,1.0,44,1.0,1.0,5.991000000000001e-26,91,ODP2_GEOSE_Tsuboyama_2023_1W4G,ODP2_GEOSE,186bf44bc89c64ff3960721d388a880973acbfe51ac75f71be7a057682185b09,44,ODP2_GEOSE_Tsuboyama_2023_1W4G,ODP2_GEOSE,186bf44bc89c64ff3960721d388a880973acbfe51ac75f71be7a057682185b09,44,True,sf_a7d25cc6753c,sf_a7d25cc6753c
assay127,assay127,1.0,222,1.0,1.0,6.918e-153,467,Q6WV12_9MAXI_Somermeyer_2022,Q6WV12_9MAXI,b27043fc9c0d03dc8b6cc4ad68dcaf03d8a5bf3ddd073ac364dbe74b90995c09,222,Q6WV12_9MAXI_Somermeyer_2022,Q6WV12_9MAXI,b27043fc9c0d03dc8b6cc4ad68dcaf03d8a5bf3ddd073ac364dbe74b90995c09,222,True,sf_e786ad53cfe1,sf_e786ad53cfe1
assay159,assay159,1.0,57,1.0,1.0,3.984e-36,121,SOX30_HUMAN_Tsuboyama_2023_7JJK,SOX30_HUMAN,1e7d90f7e45b1d812faaf128eb396b0904fa71ff19238f2308996b3df224f942,57,SOX30_HUMAN_Tsuboyama_2023_7JJK,SOX30_HUMAN,1e7d90f7e45b1d812faaf128eb396b0904fa71ff19238f2308996b3df224f942,57,True,sf_6cc095ce3976,sf_6cc095ce3976
assay191,assay190,1.0,163,1.0,1.0,3.007e-107,332,VKOR1_HUMAN_Chiasson_2020_activity,VKOR1_HUMAN,f8e6c25683dd1eb29c9ddee6be595cb5ac278018a028b0d07316b906a864763d,163,VKOR1_HUMAN_Chiasson_2020_abundance,VKOR1_HUMAN,f8e6c25683dd1eb29c9ddee6be595cb5ac278018a028b0d07316b906a864763d,163,True,sf_893ea5ec829f,sf_893ea5ec829f
assay191,assay191,1.0,163,1.0,1.0,3.007e-107,332,VKOR1_HUMAN_Chiasson_2020_activity,VKOR1_HUMAN,f8e6c25683dd1eb29c9ddee6be595cb5ac278018a028b0d07316b906a864763d,163,VKOR1_HUMAN_Chiasson_2020_activity,VKOR1_HUMAN,f8e6c25683dd1eb29c9ddee6be595cb5ac278018a028b0d07316b906a864763d,163,True,sf_893ea5ec829f,sf_893ea5ec829f
assay167,assay167,1.0,48,1.0,1.0,1.0639999999999999e-29,102,SR43C_ARATH_Tsuboyama_2023_2N88,SR43C_ARATH,81346251006cd7699ec780db8c419274f1044e32371600068db7abd2a89b0e53,48,SR43C_ARATH_Tsuboyama_2023_2N88,SR43C_ARATH,81346251006cd7699ec780db8c419274f1044e32371600068db7abd2a89b0e53,48,True,sf_3b0bdc6eb756,sf_3b0bdc6eb756
assay008,assay008,1.0,770,1.0,1.0,0.0,1519,A4_HUMAN_Seuma_2022,A4_HUMAN,0f79dd8c1ea278edbe797ca3ccb235de12e8d482492499a37a977a0692d3e49b,770,A4_HUMAN_Seuma_2022,A4_HUMAN,0f79dd8c1ea278edbe797ca3ccb235de12e8d482492499a37a977a0692d3e49b,770,True,sf_6a1f189f4e62,sf_6a1f189f4e62
assay040,assay040,1.0,72,1.0,1.0,1.832e-43,143,CSN4_MOUSE_Tsuboyama_2023_1UFM,CSN4_MOUSE,a69eaa08212aac44b625129ba0a4c61c8ea2124d3b990c750e31f75b68ee2495,72,CSN4_MOUSE_Tsuboyama_2023_1UFM,CSN4_MOUSE,a69eaa08212aac44b625129ba0a4c61c8ea2124d3b990c750e31f75b68ee2495,72,True,sf_322a3fa1e236,sf_322a3fa1e236
assay072,assay072,1.0,55,1.0,1.0,1.374e-30,105,ISDH_STAAW_Tsuboyama_2023_2LHR,ISDH_STAAW,334df5d4e103746412eb4fe15c67c4d050bf175c603ce0498d913e0d2858cbaf,55,ISDH_STAAW_Tsuboyama_2023_2LHR,ISDH_STAAW,334df5d4e103746412eb4fe15c67c4d050bf175c603ce0498d913e0d2858cbaf,55,True,sf_952abe758b6a,sf_952abe758b6a
assay104,assay104,1.0,254,1.0,1.0,1.7819999999999999e-158,485,P84126_THETH_Chan_2017,P84126_THETH,b7cf0832061e7437b4309c358ae2b5cca04d45e932da7e44257d640095432d81,254,P84126_THETH_Chan_2017,P84126_THETH,b7cf0832061e7437b4309c358ae2b5cca04d45e932da7e44257d640095432d81,254,True,sf_415fc4c4433b,sf_415fc4c4433b
assay104,assay182,0.425,198,0.78,0.786,4.564e-37,134,P84126_THETH_Chan_2017,P84126_THETH,b7cf0832061e7437b4309c358ae2b5cca04d45e932da7e44257d640095432d81,254,TRPC_SACS2_Chan_2017,TRPC_SACS2,a5678301cecc2d1e42270d7e64a76f678362100308cd5657af6effe43adc8e9c,248,False,sf_415fc4c4433b,sf_415fc4c4433b
assay104,assay183,0.363,207,0.815,0.817,1.56e-27,106,P84126_THETH_Chan_2017,P84126_THETH,b7cf0832061e7437b4309c358ae2b5cca04d45e932da7e44257d640095432d81,254,TRPC_THEMA_Chan_2017,TRPC_THEMA,6ca2a19c3bc5eeef7bceee36098d50d20b49a9f2ae57b320afc2b026b593b08e,252,True,sf_415fc4c4433b,sf_415fc4c4433b
assay136,assay136,1.0,52,1.0,1.0,1.312e-29,102,RBP1_HUMAN_Tsuboyama_2023_2KWH,RBP1_HUMAN,bed87fed8b26fe918f582c046a7c399f2e83624845a5ae1476758b73d98ee77f,52,RBP1_HUMAN_Tsuboyama_2023_2KWH,RBP1_HUMAN,bed87fed8b26fe918f582c046a7c399f2e83624845a5ae1476758b73d98ee77f,52,True,sf_bc19e1d23319,sf_bc19e1d23319
assay168,assay168,1.0,67,1.0,1.0,1.282e-44,146,SRBS1_HUMAN_Tsuboyama_2023_2O2W,SRBS1_HUMAN,9a91e2de3c9815ba9e48ff0866794adaea4df6e49cfc3e43ec262cb2f2aaa74a,67,SRBS1_HUMAN_Tsuboyama_2023_2O2W,SRBS1_HUMAN,9a91e2de3c9815ba9e48ff0866794adaea4df6e49cfc3e43ec262cb2f2aaa74a,67,True,sf_fd69b9c71495,sf_fd69b9c71495
assay168,assay047,0.307,51,0.761,0.773,1.631e-06,37,SRBS1_HUMAN_Tsuboyama_2023_2O2W,SRBS1_HUMAN,9a91e2de3c9815ba9e48ff0866794adaea4df6e49cfc3e43ec262cb2f2aaa74a,67,DOCK1_MOUSE_Tsuboyama_2023_2M0Y,DOCK1_MOUSE,46962bab94c5ab950729fe64da9d7ad0d86cae4ee4ee4b45bd4fb86caa1433ce,66,False,sf_fd69b9c71495,sf_b63fd9507fc4
assay009,assay009,1.0,177,1.0,1.0,2.4780000000000002e-116,359,AACC1_PSEAI_Dandage_2018,AACC1_PSEAI,ef675d9e8b4dd73f98b0e909e98d30847c9180371e1a038a0ec3ab16c3a26200,177,AACC1_PSEAI_Dandage_2018,AACC1_PSEAI,ef675d9e8b4dd73f98b0e909e98d30847c9180371e1a038a0ec3ab16c3a26200,177,True,sf_c8ac09285ada,sf_c8ac09285ada
assay041,assay041,1.0,52,1.0,1.0,4.242e-33,112,CUE1_YEAST_Tsuboyama_2023_2MYX,CUE1_YEAST,b2392b0d2a495db39e70d8421336138428327b7cd074191fa13eaac4e4209ce9,52,CUE1_YEAST_Tsuboyama_2023_2MYX,CUE1_YEAST,b2392b0d2a495db39e70d8421336138428327b7cd074191fa13eaac4e4209ce9,52,True,sf_7dd9b66382a6,sf_7dd9b66382a6
assay073,assay073,1.0,129,1.0,1.0,2.443e-84,264,KCNE1_HUMAN_Muhammad_2023_expression,KCNE1_HUMAN,1f7b8c1a071fab39209fea0ac8ac89c9c520f149dd8f889f497fcf4f694fd479,129,KCNE1_HUMAN_Muhammad_2023_expression,KCNE1_HUMAN,1f7b8c1a071fab39209fea0ac8ac89c9c520f149dd8f889f497fcf4f694fd479,129,True,sf_8626537a0620,sf_8626537a0620
assay073,assay074,1.0,129,1.0,1.0,2.443e-84,264,KCNE1_HUMAN_Muhammad_2023_expression,KCNE1_HUMAN,1f7b8c1a071fab39209fea0ac8ac89c9c520f149dd8f889f497fcf4f694fd479,129,KCNE1_HUMAN_Muhammad_2023_function,KCNE1_HUMAN,1f7b8c1a071fab39209fea0ac8ac89c9c520f149dd8f889f497fcf4f694fd479,129,True,sf_8626537a0620,sf_8626537a0620
assay048,assay048,1.0,159,1.0,1.0,4.1359999999999996e-110,340,DYR_ECOLI_Nguyen_2023,DYR_ECOLI,e193a4b689d70ba3b38c9f812a9b212e4ec24cec07f6c90f0600341c8b0c77f5,159,DYR_ECOLI_Nguyen_2023,DYR_ECOLI,e193a4b689d70ba3b38c9f812a9b212e4ec24cec07f6c90f0600341c8b0c77f5,159,True,sf_0932cd92de6e,sf_0932cd92de6e
assay048,assay049,1.0,159,1.0,1.0,4.1359999999999996e-110,340,DYR_ECOLI_Nguyen_2023,DYR_ECOLI,e193a4b689d70ba3b38c9f812a9b212e4ec24cec07f6c90f0600341c8b0c77f5,159,DYR_ECOLI_Thompson_2019,DYR_ECOLI,e193a4b689d70ba3b38c9f812a9b212e4ec24cec07f6c90f0600341c8b0c77f5,159,True,sf_0932cd92de6e,sf_0932cd92de6e
assay080,assay080,1.0,66,1.0,1.0,6.731e-43,141,MBD11_ARATH_Tsuboyama_2023_6ACV,MBD11_ARATH,e6d25f46034518bd87fba45a1b2a5b07fd5ed9d8c731cc42ca22457cccf5ac58,66,MBD11_ARATH_Tsuboyama_2023_6ACV,MBD11_ARATH,e6d25f46034518bd87fba45a1b2a5b07fd5ed9d8c731cc42ca22457cccf5ac58,66,True,sf_029b997580c1,sf_029b997580c1
assay112,assay112,1.0,861,1.0,1.0,0.0,1801,POLG_CXB3N_Mattenberger_2021,POLG_CXB3N,b2f79870c095142e55cf322ceb531db97d547051c529d3bd95bfbb71a984bb0f,861,POLG_CXB3N_Mattenberger_2021,POLG_CXB3N,b2f79870c095142e55cf322ceb531db97d547051c529d3bd95bfbb71a984bb0f,861,True,sf_6872ef7481de,sf_6872ef7481de
assay144,assay144,1.0,128,1.0,1.0,2.831e-82,258,RL40A_YEAST_Mavor_2016,RL40A_YEAST,e0994d34ed825eedcb77af161b75cacde1582939e7dd37d285a401fb9871cfa9,128,RL40A_YEAST_Mavor_2016,RL40A_YEAST,e0994d34ed825eedcb77af161b75cacde1582939e7dd37d285a401fb9871cfa9,128,True,sf_09950e3c22ee,sf_09950e3c22ee
assay144,assay145,1.0,128,1.0,1.0,2.831e-82,258,RL40A_YEAST_Mavor_2016,RL40A_YEAST,e0994d34ed825eedcb77af161b75cacde1582939e7dd37d285a401fb9871cfa9,128,RL40A_YEAST_Roscoe_2013,RL40A_YEAST,e0994d34ed825eedcb77af161b75cacde1582939e7dd37d285a401fb9871cfa9,128,True,sf_09950e3c22ee,sf_09950e3c22ee
assay144,assay146,1.0,128,1.0,1.0,2.831e-82,258,RL40A_YEAST_Mavor_2016,RL40A_YEAST,e0994d34ed825eedcb77af161b75cacde1582939e7dd37d285a401fb9871cfa9,128,RL40A_YEAST_Roscoe_2014,RL40A_YEAST,e0994d34ed825eedcb77af161b75cacde1582939e7dd37d285a401fb9871cfa9,128,True,sf_09950e3c22ee,sf_09950e3c22ee
assay176,assay176,1.0,37,1.0,1.0,2.574e-23,83,TCRG1_MOUSE_Tsuboyama_2023_1E0L,TCRG1_MOUSE,e3ec13d0d7ff066ef89bd037ff6ad5e5b5afb226d4a954d78710461bc66d822d,37,TCRG1_MOUSE_Tsuboyama_2023_1E0L,TCRG1_MOUSE,e3ec13d0d7ff066ef89bd037ff6ad5e5b5afb226d4a954d78710461bc66d822d,37,True,sf_a21d29addbd9,sf_a21d29addbd9
assay017,assay017,1.0,52,1.0,1.0,2.1160000000000002e-32,110,BCHB_CHLTE_Tsuboyama_2023_2KRU,BCHB_CHLTE,52217b8f546a530e571458023a304c953759d573a4fd0d88ea5fa2c5d02f2ef6,52,BCHB_CHLTE_Tsuboyama_2023_2KRU,BCHB_CHLTE,52217b8f546a530e571458023a304c953759d573a4fd0d88ea5fa2c5d02f2ef6,52,True,sf_39e5faa59a41,sf_39e5faa59a41
assay049,assay048,1.0,159,1.0,1.0,4.1359999999999996e-110,340,DYR_ECOLI_Thompson_2019,DYR_ECOLI,e193a4b689d70ba3b38c9f812a9b212e4ec24cec07f6c90f0600341c8b0c77f5,159,DYR_ECOLI_Nguyen_2023,DYR_ECOLI,e193a4b689d70ba3b38c9f812a9b212e4ec24cec07f6c90f0600341c8b0c77f5,159,True,sf_0932cd92de6e,sf_0932cd92de6e
assay049,assay049,1.0,159,1.0,1.0,4.1359999999999996e-110,340,DYR_ECOLI_Thompson_2019,DYR_ECOLI,e193a4b689d70ba3b38c9f812a9b212e4ec24cec07f6c90f0600341c8b0c77f5,159,DYR_ECOLI_Thompson_2019,DYR_ECOLI,e193a4b689d70ba3b38c9f812a9b212e4ec24cec07f6c90f0600341c8b0c77f5,159,True,sf_0932cd92de6e,sf_0932cd92de6e
assay081,assay081,1.0,287,1.0,1.0,1.8280000000000001e-200,608,MET_HUMAN_Estevam_2023,MET_HUMAN,81df7bdf1ca228f0a9664346b33823ab74dd126175c1825f28d1ed936fa77f69,287,MET_HUMAN_Estevam_2023,MET_HUMAN,81df7bdf1ca228f0a9664346b33823ab74dd126175c1825f28d1ed936fa77f69,287,True,sf_9e206bd97a80,sf_9e206bd97a80
assay081,assay082,0.268,238,0.829,0.642,2.691e-14,67,MET_HUMAN_Estevam_2023,MET_HUMAN,81df7bdf1ca228f0a9664346b33823ab74dd126175c1825f28d1ed936fa77f69,287,MK01_HUMAN_Brenan_2016,MK01_HUMAN,1670aefbe2d9baf3412d23252180a37554c5647a0ad5cb1fbd06bb18417aee49,360,False,sf_9e206bd97a80,sf_29a8f9564eb0
assay113,assay113,1.0,900,1.0,1.0,0.0,1890,POLG_DEN26_Suphatrakul_2023,POLG_DEN26,bc166171f8e4a4ec090ba0bc0db5353a12a176ccbcbbb6e7da504372cfe6b5d1,900,POLG_DEN26_Suphatrakul_2023,POLG_DEN26,bc166171f8e4a4ec090ba0bc0db5353a12a176ccbcbbb6e7da504372cfe6b5d1,900,True,sf_1d81bb997017,sf_1d81bb997017
assay145,assay144,1.0,128,1.0,1.0,2.831e-82,258,RL40A_YEAST_Roscoe_2013,RL40A_YEAST,e0994d34ed825eedcb77af161b75cacde1582939e7dd37d285a401fb9871cfa9,128,RL40A_YEAST_Mavor_2016,RL40A_YEAST,e0994d34ed825eedcb77af161b75cacde1582939e7dd37d285a401fb9871cfa9,128,True,sf_09950e3c22ee,sf_09950e3c22ee
assay145,assay145,1.0,128,1.0,1.0,2.831e-82,258,RL40A_YEAST_Roscoe_2013,RL40A_YEAST,e0994d34ed825eedcb77af161b75cacde1582939e7dd37d285a401fb9871cfa9,128,RL40A_YEAST_Roscoe_2013,RL40A_YEAST,e0994d34ed825eedcb77af161b75cacde1582939e7dd37d285a401fb9871cfa9,128,True,sf_09950e3c22ee,sf_09950e3c22ee
assay145,assay146,1.0,128,1.0,1.0,2.831e-82,258,RL40A_YEAST_Roscoe_2013,RL40A_YEAST,e0994d34ed825eedcb77af161b75cacde1582939e7dd37d285a401fb9871cfa9,128,RL40A_YEAST_Roscoe_2014,RL40A_YEAST,e0994d34ed825eedcb77af161b75cacde1582939e7dd37d285a401fb9871cfa9,128,True,sf_09950e3c22ee,sf_09950e3c22ee
assay125,assay124,1.0,365,1.0,1.0,3.416e-250,756,Q53Z42_HUMAN_McShan_2019_expression,Q53Z42_HUMAN,a77c8fd26c1e0b5d0034384309cd3600fb1e3f8775e1979363d5db3a185be675,365,Q53Z42_HUMAN_McShan_2019_binding-TAPBPR,Q53Z42_HUMAN,a77c8fd26c1e0b5d0034384309cd3600fb1e3f8775e1979363d5db3a185be675,365,True,sf_77b576379330,sf_77b576379330
assay125,assay125,1.0,365,1.0,1.0,3.416e-250,756,Q53Z42_HUMAN_McShan_2019_expression,Q53Z42_HUMAN,a77c8fd26c1e0b5d0034384309cd3600fb1e3f8775e1979363d5db3a185be675,365,Q53Z42_HUMAN_McShan_2019_expression,Q53Z42_HUMAN,a77c8fd26c1e0b5d0034384309cd3600fb1e3f8775e1979363d5db3a185be675,365,True,sf_77b576379330,sf_77b576379330
assay157,assay157,1.0,370,1.0,1.0,8.747e-251,758,SERC_HUMAN_Xie_2023,SERC_HUMAN,47ac6e9f63a78f48d4b7c4695d9271ae3d7b713159ee6909746fca1f43d8778f,370,SERC_HUMAN_Xie_2023,SERC_HUMAN,47ac6e9f63a78f48d4b7c4695d9271ae3d7b713159ee6909746fca1f43d8778f,370,True,sf_f2035d659d6a,sf_f2035d659d6a
assay189,assay189,1.0,65,1.0,1.0,1.5849999999999998e-41,137,VILI_CHICK_Tsuboyama_2023_1YU5,VILI_CHICK,dd13a6b338efcb4369528c7aaa0f5d44b20ba9b04606ec23a3cfbcb375a3bee0,65,VILI_CHICK_Tsuboyama_2023_1YU5,VILI_CHICK,dd13a6b338efcb4369528c7aaa0f5d44b20ba9b04606ec23a3cfbcb375a3bee0,65,True,sf_0815efaffc38,sf_0815efaffc38
assay030,assay030,1.0,281,1.0,1.0,5.36e-194,589,CASP7_HUMAN_Roychowdhury_2020,CASP7_HUMAN,213d8a15168ffdd0daf05c2809f9abb65a26baf3ef866577883b57e4897baad0,281,CASP7_HUMAN_Roychowdhury_2020,CASP7_HUMAN,213d8a15168ffdd0daf05c2809f9abb65a26baf3ef866577883b57e4897baad0,281,True,sf_99e3b36fb3c0,sf_99e3b36fb3c0
assay030,assay029,0.57,242,0.861,0.926,6.392e-87,280,CASP7_HUMAN_Roychowdhury_2020,CASP7_HUMAN,213d8a15168ffdd0daf05c2809f9abb65a26baf3ef866577883b57e4897baad0,281,CASP3_HUMAN_Roychowdhury_2020,CASP3_HUMAN,db97616a542053832f57e3a6f83b89c1b80a10c679889c6e23b20550d1cd50a1,258,True,sf_99e3b36fb3c0,sf_99e3b36fb3c0
assay062,assay062,1.0,361,1.0,1.0,3.522e-239,724,HEM3_HUMAN_Loggerenberg_2023,HEM3_HUMAN,0357a836b3f2fc54e934b9cab6530110c24fa0bccf95d2ad315b1f3c477685a3,361,HEM3_HUMAN_Loggerenberg_2023,HEM3_HUMAN,0357a836b3f2fc54e934b9cab6530110c24fa0bccf95d2ad315b1f3c477685a3,361,True,sf_afe0fb52df15,sf_afe0fb52df15
assay094,assay094,1.0,65,1.0,1.0,1.4270000000000001e-42,140,OBSCN_HUMAN_Tsuboyama_2023_1V1C,OBSCN_HUMAN,9548d3ecc642b7ffaef7e386181a77157bab14756d5babcaf64647cc1db955f1,65,OBSCN_HUMAN_Tsuboyama_2023_1V1C,OBSCN_HUMAN,9548d3ecc642b7ffaef7e386181a77157bab14756d5babcaf64647cc1db955f1,65,True,sf_1512f7c11353,sf_1512f7c11353
assay126,assay126,1.0,501,1.0,1.0,0.0,1059,Q59976_STRSQ_Romero_2015,Q59976_STRSQ,8367eca4f69ab5487788b08f0f496b51f5621c0d8c72e2ea17515de976be5445,501,Q59976_STRSQ_Romero_2015,Q59976_STRSQ,8367eca4f69ab5487788b08f0f496b51f5621c0d8c72e2ea17515de976be5445,501,True,sf_9ddcf4dec5c1,sf_9ddcf4dec5c1
assay158,assay158,1.0,582,1.0,1.0,0.0,1126,SHOC2_HUMAN_Kwon_2022,SHOC2_HUMAN,f7c01224ad8e3f540f7346297cba253f13fd910ff86409e25862e5f392e87e31,582,SHOC2_HUMAN_Kwon_2022,SHOC2_HUMAN,f7c01224ad8e3f540f7346297cba253f13fd910ff86409e25862e5f392e87e31,582,True,sf_6f5083a5504d,sf_6f5083a5504d
assay190,assay190,1.0,163,1.0,1.0,3.007e-107,332,VKOR1_HUMAN_Chiasson_2020_abundance,VKOR1_HUMAN,f8e6c25683dd1eb29c9ddee6be595cb5ac278018a028b0d07316b906a864763d,163,VKOR1_HUMAN_Chiasson_2020_abundance,VKOR1_HUMAN,f8e6c25683dd1eb29c9ddee6be595cb5ac278018a028b0d07316b906a864763d,163,True,sf_893ea5ec829f,sf_893ea5ec829f
assay190,assay191,1.0,163,1.0,1.0,3.007e-107,332,VKOR1_HUMAN_Chiasson_2020_abundance,VKOR1_HUMAN,f8e6c25683dd1eb29c9ddee6be595cb5ac278018a028b0d07316b906a864763d,163,VKOR1_HUMAN_Chiasson_2020_activity,VKOR1_HUMAN,f8e6c25683dd1eb29c9ddee6be595cb5ac278018a028b0d07316b906a864763d,163,True,sf_893ea5ec829f,sf_893ea5ec829f
assay031,assay031,1.0,72,1.0,1.0,4.085e-43,142,CATR_CHLRE_Tsuboyama_2023_2AMI,CATR_CHLRE,4a857f87c1521ea1e2f09320d79dce72b4b3e73b0074a1d690cefae199ecaf09,72,CATR_CHLRE_Tsuboyama_2023_2AMI,CATR_CHLRE,4a857f87c1521ea1e2f09320d79dce72b4b3e73b0074a1d690cefae199ecaf09,72,True,sf_61777c3573dc,sf_61777c3573dc
