panel_id,target_id,protein_id,pfam_accession,pfam_name,clan_accession,clan_name,pfam_clan_family_id,domain_start,domain_end,annotation_source
human-domainome-v1,A1X283_PF00018_155,A1X283,PF00018,,CL0010,SH3,clan:CL0010,,,panel
human-domainome-v1,A1X283_PF00018_222,A1X283,PF00018,,CL0010,SH3,clan:CL0010,,,panel
human-domainome-v1,O00308_PF00397_440,O00308,PF00397,,CL0680,WW,clan:CL0680,,,panel
human-domainome-v1,O00330_PF02817_181,O00330,PF02817,,,,pfam:PF02817,,,panel
human-domainome-v1,O14529_PF02376_1036,O14529,PF02376,,CL0123,HTH,clan:CL0123,,,panel
human-domainome-v1,O14529_PF02376_895,O14529,PF02376,,CL0123,HTH,clan:CL0123,,,panel
human-domainome-v1,O14640_PF00778_4,O14640,PF00778,,CL0072,Ubiquitin,clan:CL0072,,,panel
human-domainome-v1,O14776_PF01846_645,O14776,PF01846,,CL0584,FF,clan:CL0584,,,panel
human-domainome-v1,O14776_PF01846_727,O14776,PF01846,,CL0584,FF,clan:CL0584,,,panel
human-domainome-v1,O14776_PF01846_793,O14776,PF01846,,CL0584,FF,clan:CL0584,,,panel
human-domainome-v1,O14776_PF01846_897,O14776,PF01846,,CL0584,FF,clan:CL0584,,,panel
human-domainome-v1,O14776_PF01846_955,O14776,PF01846,,CL0584,FF,clan:CL0584,,,panel
human-domainome-v1,O14813_PF00046_92,O14813,PF00046,,CL0123,HTH,clan:CL0123,,,panel
human-domainome-v1,O14901_PF00096_395,O14901,PF00096,,CL0361,C2H2-zf,clan:CL0361,,,panel
human-domainome-v1,O14936_PF00595_488,O14936,PF00595,,CL0466,PDZ-like,clan:CL0466,,,panel
human-domainome-v1,O15151_PF00641_299,O15151,PF00641,,CL0167,Zn_Beta_Ribbon,clan:CL0167,,,panel
human-domainome-v1,O15265_PF08313_334,O15265,PF08313,,,,pfam:PF08313,,,panel
human-domainome-v1,O15266_PF00046_119,O15266,PF00046,,CL0123,HTH,clan:CL0123,,,panel
human-domainome-v1,O15405_PF00505_256,O15405,PF00505,,CL0114,HMG-box,clan:CL0114,,,panel
human-domainome-v1,O15541_PF00642_198,O15541,PF00642,,CL0537,CCCH_zf,clan:CL0537,,,panel
human-domainome-v1,O43167_PF00096_351,O43167,PF00096,,CL0361,C2H2-zf,clan:CL0361,,,panel
human-domainome-v1,O43167_PF00096_435,O43167,PF00096,,CL0361,C2H2-zf,clan:CL0361,,,panel
human-domainome-v1,O43186_PF00046_41,O43186,PF00046,,CL0123,HTH,clan:CL0123,,,panel
human-domainome-v1,O43295_PF00018_745,O43295,PF00018,,CL0010,SH3,clan:CL0010,,,panel
human-domainome-v1,O43353_PF00619_438,O43353,PF00619,,CL0041,Death,clan:CL0041,,,panel
human-domainome-v1,O43395_PF01480_10,O43395,PF01480,,CL0805,PWI-like,clan:CL0805,,,panel
human-domainome-v1,O43586_PF00018_361,O43586,PF00018,,CL0010,SH3,clan:CL0010,,,panel
human-domainome-v1,O60341_PF04433_186,O60341,PF04433,,CL0123,HTH,clan:CL0123,,,panel
human-domainome-v1,O60481_PF00096_389,O60481,PF00096,,CL0361,C2H2-zf,clan:CL0361,,,panel
human-domainome-v1,O60885_PF17035_607,O60885,PF17035,,CL0665,BET,clan:CL0665,,,panel
human-domainome-v1,O75112_PF00595_1,O75112,PF00595,,CL0466,PDZ-like,clan:CL0466,,,panel
human-domainome-v1,O75360_PF00046_71,O75360,PF00046,,CL0123,HTH,clan:CL0123,,,panel
human-domainome-v1,O75366_PF02209_785,O75366,PF02209,,,,pfam:PF02209,,,panel
human-domainome-v1,O75369_PF00630_1423,O75369,PF00630,,CL0159,E-set,clan:CL0159,,,panel
human-domainome-v1,O75369_PF00630_2109,O75369,PF00630,,CL0159,E-set,clan:CL0159,,,panel
human-domainome-v1,O75382_PF00643_111,O75382,PF00643,,CL0782,BBOX,clan:CL0782,,,panel
human-domainome-v1,O75400_PF00397_176,O75400,PF00397,,CL0680,WW,clan:CL0680,,,panel
human-domainome-v1,O75400_PF01846_395,O75400,PF01846,,CL0584,FF,clan:CL0584,,,panel
human-domainome-v1,O75400_PF01846_459,O75400,PF01846,,CL0584,FF,clan:CL0584,,,panel
human-domainome-v1,O75400_PF01846_670,O75400,PF01846,,CL0584,FF,clan:CL0584,,,panel
human-domainome-v1,O75400_PF01846_745,O75400,PF01846,,CL0584,FF,clan:CL0584,,,panel
human-domainome-v1,O75478_PF04433_375,O75478,PF04433,,CL0123,HTH,clan:CL0123,,,panel
human-domainome-v1,O75534_PF00313_184,O75534,PF00313,,CL0021,OB,clan:CL0021,,,panel
human-domainome-v1,O75534_PF00313_23,O75534,PF00313,,CL0021,OB,clan:CL0021,,,panel
human-domainome-v1,O75534_PF00313_347,O75534,PF00313,,CL0021,OB,clan:CL0021,,,panel
human-domainome-v1,O75554_PF06220_8,O75554,PF06220,,CL0361,C2H2-zf,clan:CL0361,,,panel
human-domainome-v1,O75970_PF00595_1003,O75970,PF00595,,CL0466,PDZ-like,clan:CL0466,,,panel
human-domainome-v1,O75970_PF00595_1860,O75970,PF00595,,CL0466,PDZ-like,clan:CL0466,,,panel
human-domainome-v1,O75970_PF00595_372,O75970,PF00595,,CL0466,PDZ-like,clan:CL0466,,,panel
human-domainome-v1,O75970_PF00595_693,O75970,PF00595,,CL0466,PDZ-like,clan:CL0466,,,panel
human-domainome-v1,O94830_PF00536_389,O94830,PF00536,,CL0003,SAM,clan:CL0003,,,panel
human-domainome-v1,O94885_PF00536_630,O94885,PF00536,,CL0003,SAM,clan:CL0003,,,panel
human-domainome-v1,O94929_PF00412_149,O94929,PF00412,,CL0839,Tbcl_zf,clan:CL0839,,,panel
human-domainome-v1,O94929_PF00412_210,O94929,PF00412,,CL0839,Tbcl_zf,clan:CL0839,,,panel
human-domainome-v1,O94993_PF00505_338,O94993,PF00505,,CL0114,HMG-box,clan:CL0114,,,panel
human-domainome-v1,O95076_PF00046_155,O95076,PF00046,,CL0123,HTH,clan:CL0123,,,panel
human-domainome-v1,O95155_PF04564_1229,O95155,PF04564,,CL0229,RING,clan:CL0229,,,panel
human-domainome-v1,O95218_PF00641_11,O95218,PF00641,,CL0167,Zn_Beta_Ribbon,clan:CL0167,,,panel
human-domainome-v1,O95218_PF00641_9,O95218,PF00641,,CL0167,Zn_Beta_Ribbon,clan:CL0167,,,panel
human-domainome-v1,O95267_PF00130_539,O95267,PF00130,,CL0229,RING,clan:CL0229,,,panel
human-domainome-v1,O95343_PF00046_212,O95343,PF00046,,CL0123,HTH,clan:CL0123,,,panel
human-domainome-v1,O95475_PF00046_134,O95475,PF00046,,CL0123,HTH,clan:CL0123,,,panel
human-domainome-v1,O95718_PF00105_100,O95718,PF00105,,CL0839,Tbcl_zf,clan:CL0839,,,panel
human-domainome-v1,O95789_PF06467_427,O95789,PF06467,,CL0175,TRASH,clan:CL0175,,,panel
human-domainome-v1,O95793_PF00035_183,O95793,PF00035,,CL0196,DSRM,clan:CL0196,,,panel
human-domainome-v1,O95817_PF00397_11,O95817,PF00397,,CL0680,WW,clan:CL0680,,,panel
human-domainome-v1,O95835_PF00627_98,O95835,PF00627,,CL0214,UBA,clan:CL0214,,,panel
human-domainome-v1,P00519_PF00018_64,P00519,PF00018,,CL0010,SH3,clan:CL0010,,,panel
human-domainome-v1,P02549_PF00018_979,P02549,PF00018,,CL0010,SH3,clan:CL0010,,,panel
human-domainome-v1,P02585_PF13499_1,P02585,PF13499,,CL0220,EF_hand,clan:CL0220,,,panel
human-domainome-v1,P04049_PF02196_58,P04049,PF02196,,CL0072,Ubiquitin,clan:CL0072,,,panel
human-domainome-v1,P04150_PF00105_419,P04150,PF00105,,CL0839,Tbcl_zf,clan:CL0839,,,panel
human-domainome-v1,P05813_PF00030_31,P05813,PF00030,,CL0333,gCrystallin,clan:CL0333,,,panel
human-domainome-v1,P06239_PF00018_63,P06239,PF00018,,CL0010,SH3,clan:CL0010,,,panel
human-domainome-v1,P06241_PF00018_83,P06241,PF00018,,CL0010,SH3,clan:CL0010,,,panel
human-domainome-v1,P07315_PF00030_4,P07315,PF00030,,CL0333,gCrystallin,clan:CL0333,,,panel
human-domainome-v1,P07315_PF00030_91,P07315,PF00030,,CL0333,gCrystallin,clan:CL0333,,,panel
human-domainome-v1,P07316_PF00030_1,P07316,PF00030,,CL0333,gCrystallin,clan:CL0333,,,panel
human-domainome-v1,P07814_PF00458_827,P07814,PF00458,,CL0600,S15_NS1,clan:CL0600,,,panel
human-domainome-v1,P08151_PF00096_363,P08151,PF00096,,CL0361,C2H2-zf,clan:CL0361,,,panel
human-domainome-v1,P08235_PF00105_600,P08235,PF00105,,CL0839,Tbcl_zf,clan:CL0839,,,panel
human-domainome-v1,P08631_PF00018_80,P08631,PF00018,,CL0010,SH3,clan:CL0010,,,panel
human-domainome-v1,P09086_PF00157_200,P09086,PF00157,,CL0123,HTH,clan:CL0123,,,panel
human-domainome-v1,P09327_PF02209_793,P09327,PF02209,,,,pfam:PF02209,,,panel
human-domainome-v1,P0CI26_PF00643_87,P0CI26,PF00643,,CL0782,BBOX,clan:CL0782,,,panel
human-domainome-v1,P10070_PF00096_565,P10070,PF00096,,CL0361,C2H2-zf,clan:CL0361,,,panel
human-domainome-v1,P10071_PF00096_608,P10071,PF00096,,CL0361,C2H2-zf,clan:CL0361,,,panel
human-domainome-v1,P10242_PF00249_143,P10242,PF00249,,CL0123,HTH,clan:CL0123,,,panel
human-domainome-v1,P10242_PF00249_40,P10242,PF00249,,CL0123,HTH,clan:CL0123,,,panel
human-domainome-v1,P10275_PF00105_557,P10275,PF00105,,CL0839,Tbcl_zf,clan:CL0839,,,panel
human-domainome-v1,P10398_PF02196_21,P10398,PF02196,,CL0072,Ubiquitin,clan:CL0072,,,panel
human-domainome-v1,P10589_PF00105_83,P10589,PF00105,,CL0839,Tbcl_zf,clan:CL0839,,,panel
human-domainome-v1,P10826_PF00105_85,P10826,PF00105,,CL0839,Tbcl_zf,clan:CL0839,,,panel
human-domainome-v1,P11182_PF02817_171,P11182,PF02817,,,,pfam:PF02817,,,panel
human-domainome-v1,P11308_PF02198_117,P11308,PF02198,,CL0003,SAM,clan:CL0003,,,panel
human-domainome-v1,P11844_PF00030_85,P11844,PF00030,,CL0333,gCrystallin,clan:CL0333,,,panel
human-domainome-v1,P12931_PF00018_87,P12931,PF00018,,CL0010,SH3,clan:CL0010,,,panel
human-domainome-v1,P12956_PF02037_558,P12956,PF02037,,CL0306,HeH,clan:CL0306,,,panel
human-domainome-v1,P13796_PF13499_13,P13796,PF13499,,CL0220,EF_hand,clan:CL0220,,,panel
human-domainome-v1,P13984_PF02270_177,P13984,PF02270,,CL0123,HTH,clan:CL0123,,,panel
human-domainome-v1,P14598_PF00018_157,P14598,PF00018,,CL0010,SH3,clan:CL0010,,,panel
human-domainome-v1,P14653_PF00046_208,P14653,PF00046,,CL0123,HTH,clan:CL0123,,,panel
human-domainome-v1,P14859_PF00157_285,P14859,PF00157,,CL0123,HTH,clan:CL0123,,,panel
human-domainome-v1,P14921_PF02198_55,P14921,PF02198,,CL0003,SAM,clan:CL0003,,,panel
human-domainome-v1,P15498_PF00018_592,P15498,PF00018,,CL0010,SH3,clan:CL0010,,,panel
human-domainome-v1,P15498_PF00018_782,P15498,PF00018,,CL0010,SH3,clan:CL0010,,,panel
human-domainome-v1,P16157_PF00531_1405,P16157,PF00531,,CL0041,Death,clan:CL0041,,,panel
human-domainome-v1,P16885_PF00018_772,P16885,PF00018,,CL0010,SH3,clan:CL0010,,,panel
human-domainome-v1,P16989_PF00313_84,P16989,PF00313,,CL0021,OB,clan:CL0021,,,panel
human-domainome-v1,P17480_PF00505_408,P17480,PF00505,,CL0114,HMG-box,clan:CL0114,,,panel
human-domainome-v1,P19793_PF00105_132,P19793,PF00105,,CL0839,Tbcl_zf,clan:CL0839,,,panel
human-domainome-v1,P19878_PF00018_241,P19878,PF00018,,CL0010,SH3,clan:CL0010,,,panel
human-domainome-v1,P19878_PF00018_456,P19878,PF00018,,CL0010,SH3,clan:CL0010,,,panel
human-domainome-v1,P19878_PF00564_353,P19878,PF00564,,CL0072,Ubiquitin,clan:CL0072,,,panel
human-domainome-v1,P20264_PF00046_408,P20264,PF00046,,CL0123,HTH,clan:CL0123,,,panel
human-domainome-v1,P20264_PF00157_320,P20264,PF00157,,CL0123,HTH,clan:CL0123,,,panel
human-domainome-v1,P20265_PF00046_356,P20265,PF00046,,CL0123,HTH,clan:CL0123,,,panel
human-domainome-v1,P20265_PF00157_262,P20265,PF00157,,CL0123,HTH,clan:CL0123,,,panel
human-domainome-v1,P20929_PF14604_6609,P20929,PF14604,,CL0010,SH3,clan:CL0010,,,panel
human-domainome-v1,P20936_PF00018_281,P20936,PF00018,,CL0010,SH3,clan:CL0010,,,panel
human-domainome-v1,P22492_PF00538_44,P22492,PF00538,,CL0123,HTH,clan:CL0123,,,panel
human-domainome-v1,P22681_PF00627_854,P22681,PF00627,,CL0214,UBA,clan:CL0214,,,panel
human-domainome-v1,P23759_PF00046_219,P23759,PF00046,,CL0123,HTH,clan:CL0123,,,panel
human-domainome-v1,P25490_PF00096_384,P25490,PF00096,,CL0361,C2H2-zf,clan:CL0361,,,panel
human-domainome-v1,P25685_PF00226_4,P25685,PF00226,,CL0392,Chaperone-J,clan:CL0392,,,panel
human-domainome-v1,P26367_PF00046_213,P26367,PF00046,,CL0123,HTH,clan:CL0123,,,panel
human-domainome-v1,P26651_PF00642_105,P26651,PF00642,,CL0537,CCCH_zf,clan:CL0537,,,panel
human-domainome-v1,P28069_PF00157_130,P28069,PF00157,,CL0123,HTH,clan:CL0123,,,panel
human-domainome-v1,P28360_PF00046_174,P28360,PF00046,,CL0123,HTH,clan:CL0123,,,panel
human-domainome-v1,P32243_PF00046_40,P32243,PF00046,,CL0123,HTH,clan:CL0123,,,panel
human-domainome-v1,P35251_PF00533_405,P35251,PF00533,,CL0459,BRCT-like,clan:CL0459,,,panel
human-domainome-v1,P35548_PF00046_144,P35548,PF00046,,CL0123,HTH,clan:CL0123,,,panel
human-domainome-v1,P35711_PF00505_557,P35711,PF00505,,CL0114,HMG-box,clan:CL0114,,,panel
human-domainome-v1,P35712_PF00505_622,P35712,PF00505,,CL0114,HMG-box,clan:CL0114,,,panel
human-domainome-v1,P35713_PF00505_87,P35713,PF00505,,CL0114,HMG-box,clan:CL0114,,,panel
human-domainome-v1,P35716_PF00505_50,P35716,PF00505,,CL0114,HMG-box,clan:CL0114,,,panel
human-domainome-v1,P37275_PF00096_933,P37275,PF00096,,CL0361,C2H2-zf,clan:CL0361,,,panel
human-domainome-v1,P39880_PF02376_548,P39880,PF02376,,CL0123,HTH,clan:CL0123,,,panel
human-domainome-v1,P39880_PF02376_941,P39880,PF02376,,CL0123,HTH,clan:CL0123,,,panel
human-domainome-v1,P41225_PF00505_140,P41225,PF00505,,CL0114,HMG-box,clan:CL0114,,,panel
human-domainome-v1,P41229_PF00628_319,P41229,PF00628,,CL0229,RING,clan:CL0229,,,panel
human-domainome-v1,P43320_PF00030_106,P43320,PF00030,,CL0333,gCrystallin,clan:CL0333,,,panel
human-domainome-v1,P43354_PF00105_260,P43354,PF00105,,CL0839,Tbcl_zf,clan:CL0839,,,panel
human-domainome-v1,P45973_PF00385_21,P45973,PF00385,,CL0010,SH3,clan:CL0010,,,panel
human-domainome-v1,P46934_PF00397_836,P46934,PF00397,,CL0680,WW,clan:CL0680,,,panel
human-domainome-v1,P46937_PF00397_162,P46937,PF00397,,CL0680,WW,clan:CL0680,,,panel
human-domainome-v1,P46937_PF00397_165,P46937,PF00397,,CL0680,WW,clan:CL0680,,,panel
human-domainome-v1,P46937_PF00397_226,P46937,PF00397,,CL0680,WW,clan:CL0680,,,panel
human-domainome-v1,P47974_PF00642_193,P47974,PF00642,,CL0537,CCCH_zf,clan:CL0537,,,panel
human-domainome-v1,P48431_PF00505_42,P48431,PF00505,,CL0114,HMG-box,clan:CL0114,,,panel
human-domainome-v1,P49335_PF00046_280,P49335,PF00046,,CL0123,HTH,clan:CL0123,,,panel
human-domainome-v1,P49792_PF00641_1414,P49792,PF00641,,CL0167,Zn_Beta_Ribbon,clan:CL0167,,,panel
human-domainome-v1,P49792_PF00641_1478,P49792,PF00641,,CL0167,Zn_Beta_Ribbon,clan:CL0167,,,panel
human-domainome-v1,P50539_PF00010_70,P50539,PF00010,,CL0827,bHLH,clan:CL0827,,,panel
human-domainome-v1,P51451_PF00018_59,P51451,PF00018,,CL0010,SH3,clan:CL0010,,,panel
human-domainome-v1,P51508_PF00096_331,P51508,PF00096,,CL0361,C2H2-zf,clan:CL0361,,,panel
human-domainome-v1,P51508_PF00096_555,P51508,PF00096,,CL0361,C2H2-zf,clan:CL0361,,,panel
human-domainome-v1,P51608_PF01429_91,P51608,PF01429,,CL0081,MBD-like,clan:CL0081,,,panel
human-domainome-v1,P51687_PF00173_87,P51687,PF00173,,,,pfam:PF00173,,,panel
human-domainome-v1,P53673_PF00030_14,P53673,PF00030,,CL0333,gCrystallin,clan:CL0333,,,panel
human-domainome-v1,P54277_PF00505_572,P54277,PF00505,,CL0114,HMG-box,clan:CL0114,,,panel
human-domainome-v1,P54727_PF00627_186,P54727,PF00627,,CL0214,UBA,clan:CL0214,,,panel
human-domainome-v1,P54727_PF00627_361,P54727,PF00627,,CL0214,UBA,clan:CL0214,,,panel
human-domainome-v1,P54821_PF00046_96,P54821,PF00046,,CL0123,HTH,clan:CL0123,,,panel
human-domainome-v1,P55072_PF02359_26,P55072,PF02359,,CL0199,DPBB,clan:CL0199,,,panel
human-domainome-v1,P55895_PF13341_415,P55895,PF13341,,CL0229,RING,clan:CL0229,,,panel
human-domainome-v1,P56915_PF00046_162,P56915,PF00046,,CL0123,HTH,clan:CL0123,,,panel
human-domainome-v1,P57071_PF00096_1085,P57071,PF00096,,CL0361,C2H2-zf,clan:CL0361,,,panel
human-domainome-v1,P60002_PF05129_3,P60002,PF05129,,CL0167,Zn_Beta_Ribbon,clan:CL0167,,,panel
human-domainome-v1,P60321_PF05741_63,P60321,PF05741,,,,pfam:PF05741,,,panel
human-domainome-v1,P61024_PF01111_1,P61024,PF01111,,,,pfam:PF01111,,,panel
human-domainome-v1,P61086_PF00627_158,P61086,PF00627,,CL0214,UBA,clan:CL0214,,,panel
human-domainome-v1,P61960_PF03671_4,P61960,PF03671,,CL0072,Ubiquitin,clan:CL0072,,,panel
human-domainome-v1,P62993_PF00018_159,P62993,PF00018,,CL0010,SH3,clan:CL0010,,,panel
human-domainome-v1,P67809_PF00313_52,P67809,PF00313,,CL0021,OB,clan:CL0021,,,panel
human-domainome-v1,P78352_PF00595_157,P78352,PF00595,,CL0466,PDZ-like,clan:CL0466,,,panel
human-domainome-v1,P78352_PF00595_309,P78352,PF00595,,CL0466,PDZ-like,clan:CL0466,,,panel
human-domainome-v1,P78352_PF00595_60,P78352,PF00595,,CL0466,PDZ-like,clan:CL0466,,,panel
human-domainome-v1,P78424_PF00046_609,P78424,PF00046,,CL0123,HTH,clan:CL0123,,,panel
human-domainome-v1,P78545_PF02198_50,P78545,PF02198,,CL0003,SAM,clan:CL0003,,,panel
human-domainome-v1,P78563_PF00035_80,P78563,PF00035,,CL0196,DSRM,clan:CL0196,,,panel
human-domainome-v1,P82979_PF02037_3,P82979,PF02037,,CL0306,HeH,clan:CL0306,,,panel
human-domainome-v1,P98175_PF00641_214,P98175,PF00641,,CL0167,Zn_Beta_Ribbon,clan:CL0167,,,panel
human-domainome-v1,Q00839_PF02037_6,Q00839,PF02037,,CL0306,HeH,clan:CL0306,,,panel
human-domainome-v1,Q00987_PF00641_299,Q00987,PF00641,,CL0167,Zn_Beta_Ribbon,clan:CL0167,,,panel
human-domainome-v1,Q01543_PF02198_116,Q01543,PF02198,,CL0003,SAM,clan:CL0003,,,panel
human-domainome-v1,Q01826_PF02376_371,Q01826,PF02376,,CL0123,HTH,clan:CL0123,,,panel
human-domainome-v1,Q01826_PF02376_494,Q01826,PF02376,,CL0123,HTH,clan:CL0123,,,panel
human-domainome-v1,Q01826_PF16557_178,Q01826,PF16557,,CL0123,HTH,clan:CL0123,,,panel
human-domainome-v1,Q01851_PF00157_266,Q01851,PF00157,,CL0123,HTH,clan:CL0123,,,panel
human-domainome-v1,Q01860_PF00157_134,Q01860,PF00157,,CL0123,HTH,clan:CL0123,,,panel
human-domainome-v1,Q03052_PF00157_247,Q03052,PF00157,,CL0123,HTH,clan:CL0123,,,panel
human-domainome-v1,Q03181_PF00105_71,Q03181,PF00105,,CL0839,Tbcl_zf,clan:CL0839,,,panel
human-domainome-v1,Q05066_PF00505_61,Q05066,PF00505,,CL0114,HMG-box,clan:CL0114,,,panel
human-domainome-v1,Q05195_PF00010_58,Q05195,PF00010,,CL0827,bHLH,clan:CL0827,,,panel
human-domainome-v1,Q05655_PF00130_228,Q05655,PF00130,,CL0229,RING,clan:CL0229,,,panel
human-domainome-v1,Q06187_PF00018_215,Q06187,PF00018,,CL0010,SH3,clan:CL0010,,,panel
human-domainome-v1,Q06546_PF02198_172,Q06546,PF02198,,CL0003,SAM,clan:CL0003,,,panel
human-domainome-v1,Q06787_PF00013_217,Q06787,PF00013,,CL0007,KH,clan:CL0007,,,panel
human-domainome-v1,Q06945_PF00505_60,Q06945,PF00505,,CL0114,HMG-box,clan:CL0114,,,panel
human-domainome-v1,Q08881_PF00018_172,Q08881,PF00018,,CL0010,SH3,clan:CL0010,,,panel
human-domainome-v1,Q12824_PF04855_181,Q12824,PF04855,,,,pfam:PF04855,,,panel
human-domainome-v1,Q12830_PF00628_2862,Q12830,PF00628,,CL0229,RING,clan:CL0229,,,panel
human-domainome-v1,Q12837_PF00157_256,Q12837,PF00157,,CL0123,HTH,clan:CL0123,,,panel
human-domainome-v1,Q12873_PF00628_374,Q12873,PF00628,,CL0229,RING,clan:CL0229,,,panel
human-domainome-v1,Q12899_PF00643_97,Q12899,PF00643,,CL0782,BBOX,clan:CL0782,,,panel
human-domainome-v1,Q12929_PF00018_533,Q12929,PF00018,,CL0010,SH3,clan:CL0010,,,panel
human-domainome-v1,Q12929_PF18016_720,Q12929,PF18016,,CL0003,SAM,clan:CL0003,,,panel
human-domainome-v1,Q12965_PF00018_1051,Q12965,PF00018,,CL0010,SH3,clan:CL0010,,,panel
human-domainome-v1,Q13009_PF00595_843,Q13009,PF00595,,CL0466,PDZ-like,clan:CL0466,,,panel
human-domainome-v1,Q13148_PF18694_5,Q13148,PF18694,,,,pfam:PF18694,,,panel
human-domainome-v1,Q13163_PF00564_15,Q13163,PF00564,,CL0072,Ubiquitin,clan:CL0072,,,panel
human-domainome-v1,Q13263_PF00628_620,Q13263,PF00628,,CL0229,RING,clan:CL0229,,,panel
human-domainome-v1,Q13368_PF00595_132,Q13368,PF00595,,CL0466,PDZ-like,clan:CL0466,,,panel
human-domainome-v1,Q13424_PF00595_79,Q13424,PF00595,,CL0466,PDZ-like,clan:CL0466,,,panel
human-domainome-v1,Q13472_PF06839_812,Q13472,PF06839,,CL0167,Zn_Beta_Ribbon,clan:CL0167,,,panel
human-domainome-v1,Q13472_PF06839_896,Q13472,PF06839,,CL0167,Zn_Beta_Ribbon,clan:CL0167,,,panel
human-domainome-v1,Q13501_PF00569_120,Q13501,PF00569,,CL0229,RING,clan:CL0229,,,panel
human-domainome-v1,Q13501_PF16577_389,Q13501,PF16577,,CL0214,UBA,clan:CL0214,,,panel
human-domainome-v1,Q13526_PF00397_1,Q13526,PF00397,,CL0680,WW,clan:CL0680,,,panel
human-domainome-v1,Q13642_PF00412_160,Q13642,PF00412,,CL0839,Tbcl_zf,clan:CL0839,,,panel
human-domainome-v1,Q13642_PF00412_99,Q13642,PF00412,,CL0839,Tbcl_zf,clan:CL0839,,,panel
human-domainome-v1,Q13813_PF13499_2327,Q13813,PF13499,,CL0220,EF_hand,clan:CL0220,,,panel
human-domainome-v1,Q14151_PF02037_27,Q14151,PF02037,,CL0306,HeH,clan:CL0306,,,panel
human-domainome-v1,Q14160_PF00595_857,Q14160,PF00595,,CL0466,PDZ-like,clan:CL0466,,,panel
human-domainome-v1,Q14192_PF00412_38,Q14192,PF00412,,CL0839,Tbcl_zf,clan:CL0839,,,panel
human-domainome-v1,Q14202_PF06467_350,Q14202,PF06467,,CL0175,TRASH,clan:CL0175,,,panel
human-domainome-v1,Q14202_PF06467_405,Q14202,PF06467,,CL0175,TRASH,clan:CL0175,,,panel
human-domainome-v1,Q14839_PF00385_623,Q14839,PF00385,,CL0010,SH3,clan:CL0010,,,panel
human-domainome-v1,Q14839_PF00628_365,Q14839,PF00628,,CL0229,RING,clan:CL0229,,,panel
human-domainome-v1,Q14839_PF00628_444,Q14839,PF00628,,CL0229,RING,clan:CL0229,,,panel
human-domainome-v1,Q14863_PF00157_139,Q14863,PF00157,,CL0123,HTH,clan:CL0123,,,panel
human-domainome-v1,Q14995_PF00105_103,Q14995,PF00105,,CL0839,Tbcl_zf,clan:CL0839,,,panel
human-domainome-v1,Q14CM0_PF00595_75,Q14CM0,PF00595,,CL0466,PDZ-like,clan:CL0466,,,panel
human-domainome-v1,Q14CS0_PF00789_256,Q14CS0,PF00789,,CL0072,Ubiquitin,clan:CL0072,,,panel
human-domainome-v1,Q15319_PF00157_185,Q15319,PF00157,,CL0123,HTH,clan:CL0123,,,panel
human-domainome-v1,Q15365_PF00013_278,Q15365,PF00013,,CL0007,KH,clan:CL0007,,,panel
human-domainome-v1,Q15424_PF02037_26,Q15424,PF02037,,CL0306,HeH,clan:CL0306,,,panel
human-domainome-v1,Q15475_PF00046_131,Q15475,PF00046,,CL0123,HTH,clan:CL0123,,,panel
human-domainome-v1,Q15554_PF00249_489,Q15554,PF00249,,CL0123,HTH,clan:CL0123,,,panel
human-domainome-v1,Q15699_PF00046_134,Q15699,PF00046,,CL0123,HTH,clan:CL0123,,,panel
human-domainome-v1,Q15811_PF00018_1003,Q15811,PF00018,,CL0010,SH3,clan:CL0010,,,panel
human-domainome-v1,Q15811_PF00018_1156,Q15811,PF00018,,CL0010,SH3,clan:CL0010,,,panel
human-domainome-v1,Q15811_PF00018_909,Q15811,PF00018,,CL0010,SH3,clan:CL0010,,,panel
human-domainome-v1,Q15811_PF07653_1003,Q15811,PF07653,,CL0010,SH3,clan:CL0010,,,panel
human-domainome-v1,Q15911_PF00046_2244,Q15911,PF00046,,CL0123,HTH,clan:CL0123,,,panel
human-domainome-v1,Q15911_PF00046_2643,Q15911,PF00046,,CL0123,HTH,clan:CL0123,,,panel
human-domainome-v1,Q15942_PF00412_504,Q15942,PF00412,,CL0839,Tbcl_zf,clan:CL0839,,,panel
human-domainome-v1,Q1KMD3_PF02037_1,Q1KMD3,PF02037,,CL0306,HeH,clan:CL0306,,,panel
human-domainome-v1,Q2Q1W2_PF00643_274,Q2Q1W2,PF00643,,CL0782,BBOX,clan:CL0782,,,panel
human-domainome-v1,Q5F1R6_PF12171_315,Q5F1R6,PF12171,,CL0361,C2H2-zf,clan:CL0361,,,panel
human-domainome-v1,Q5HYK7_PF00018_664,Q5HYK7,PF00018,,CL0010,SH3,clan:CL0010,,,panel
human-domainome-v1,Q5SQQ9_PF00046_102,Q5SQQ9,PF00046,,CL0123,HTH,clan:CL0123,,,panel
human-domainome-v1,Q5TCQ9_PF00397_287,Q5TCQ9,PF00397,,CL0680,WW,clan:CL0680,,,panel
human-domainome-v1,Q5U5Q3_PF00013_325,Q5U5Q3,PF00013,,CL0007,KH,clan:CL0007,,,panel
human-domainome-v1,Q5VTD9_PF00096_221,Q5VTD9,PF00096,,CL0361,C2H2-zf,clan:CL0361,,,panel
human-domainome-v1,Q5VVJ2_PF00249_120,Q5VVJ2,PF00249,,CL0123,HTH,clan:CL0123,,,panel
human-domainome-v1,Q5VWI1_PF01846_448,Q5VWI1,PF01846,,CL0584,FF,clan:CL0584,,,panel
human-domainome-v1,Q68DC2_PF00536_774,Q68DC2,PF00536,,CL0003,SAM,clan:CL0003,,,panel
human-domainome-v1,Q6NWY9_PF01846_274,Q6NWY9,PF01846,,CL0584,FF,clan:CL0584,,,panel
human-domainome-v1,Q6P0N0_PF00249_878,Q6P0N0,PF00249,,CL0123,HTH,clan:CL0123,,,panel
human-domainome-v1,Q6XZF7_PF00018_146,Q6XZF7,PF00018,,CL0010,SH3,clan:CL0010,,,panel
human-domainome-v1,Q6XZF7_PF00018_1516,Q6XZF7,PF00018,,CL0010,SH3,clan:CL0010,,,panel
human-domainome-v1,Q6XZF7_PF00018_242,Q6XZF7,PF00018,,CL0010,SH3,clan:CL0010,,,panel
human-domainome-v1,Q6XZF7_PF14604_147,Q6XZF7,PF14604,,CL0010,SH3,clan:CL0010,,,panel
human-domainome-v1,Q6ZN01_PF02037_170,Q6ZN01,PF02037,,CL0306,HeH,clan:CL0306,,,panel
human-domainome-v1,Q6ZSG1_PF13639_293,Q6ZSG1,PF13639,,CL0229,RING,clan:CL0229,,,panel
human-domainome-v1,Q6ZVD7_PF10264_112,Q6ZVD7,PF10264,,CL0123,HTH,clan:CL0123,,,panel
human-domainome-v1,Q6ZWJ1_PF00397_493,Q6ZWJ1,PF00397,,CL0680,WW,clan:CL0680,,,panel
human-domainome-v1,Q7L590_PF09329_383,Q7L590,PF09329,,,,pfam:PF09329,,,panel
human-domainome-v1,Q7Z4I7_PF00412_13,Q7Z4I7,PF00412,,CL0839,Tbcl_zf,clan:CL0839,,,panel
human-domainome-v1,Q7Z5Q1_PF16366_513,Q7Z5Q1,PF16366,,CL0782,BBOX,clan:CL0782,,,panel
human-domainome-v1,Q7Z6B7_PF00018_744,Q7Z6B7,PF00018,,CL0010,SH3,clan:CL0010,,,panel
human-domainome-v1,Q7Z6G8_PF00536_812,Q7Z6G8,PF00536,,CL0003,SAM,clan:CL0003,,,panel
human-domainome-v1,Q7Z6W7_PF00226_3,Q7Z6W7,PF00226,,CL0392,Chaperone-J,clan:CL0392,,,panel
human-domainome-v1,Q7Z6Z7_PF00627_1316,Q7Z6Z7,PF00627,,CL0214,UBA,clan:CL0214,,,panel
human-domainome-v1,Q86UL8_PF00397_296,Q86UL8,PF00397,,CL0680,WW,clan:CL0680,,,panel
human-domainome-v1,Q86UL8_PF00595_1144,Q86UL8,PF00595,,CL0466,PDZ-like,clan:CL0466,,,panel
human-domainome-v1,Q86UL8_PF00595_601,Q86UL8,PF00595,,CL0466,PDZ-like,clan:CL0466,,,panel
human-domainome-v1,Q86UL8_PF00595_774,Q86UL8,PF00595,,CL0466,PDZ-like,clan:CL0466,,,panel
human-domainome-v1,Q86UP3_PF00046_2183,Q86UP3,PF00046,,CL0123,HTH,clan:CL0123,,,panel
human-domainome-v1,Q86UP3_PF00046_2562,Q86UP3,PF00046,,CL0123,HTH,clan:CL0123,,,panel
human-domainome-v1,Q86VP1_PF18112_729,Q86VP1,PF18112,,CL0361,C2H2-zf,clan:CL0361,,,panel
human-domainome-v1,Q86WN1_PF14604_467,Q86WN1,PF14604,,CL0010,SH3,clan:CL0010,,,panel
human-domainome-v1,Q86XN8_PF00013_273,Q86XN8,PF00013,,CL0007,KH,clan:CL0007,,,panel
human-domainome-v1,Q86YT6_PF18346_247,Q86YT6,PF18346,,CL0010,SH3,clan:CL0010,,,panel
human-domainome-v1,Q8IV48_PF02037_65,Q8IV48,PF02037,,CL0306,HeH,clan:CL0306,,,panel
human-domainome-v1,Q8IWR0_PF00642_906,Q8IWR0,PF00642,,CL0537,CCCH_zf,clan:CL0537,,,panel
human-domainome-v1,Q8IWT3_PF01485_2234,Q8IWT3,PF01485,,CL0229,RING,clan:CL0229,,,panel
human-domainome-v1,Q8IX12_PF02037_625,Q8IX12,PF02037,,CL0306,HeH,clan:CL0306,,,panel
human-domainome-v1,Q8IYH5_PF00249_653,Q8IYH5,PF00249,,CL0123,HTH,clan:CL0123,,,panel
human-domainome-v1,Q8IZQ8_PF02037_363,Q8IZQ8,PF02037,,CL0306,HeH,clan:CL0306,,,panel
human-domainome-v1,Q8N157_PF00018_1053,Q8N157,PF00018,,CL0010,SH3,clan:CL0010,,,panel
human-domainome-v1,Q8N3X1_PF00397_200,Q8N3X1,PF00397,,CL0680,WW,clan:CL0680,,,panel
human-domainome-v1,Q8N3X1_PF00397_593,Q8N3X1,PF00397,,CL0680,WW,clan:CL0680,,,panel
human-domainome-v1,Q8N5C8_PF02845_12,Q8N5C8,PF02845,,CL0214,UBA,clan:CL0214,,,panel
human-domainome-v1,Q8N8B7_PF08711_30,Q8N8B7,PF08711,,,,pfam:PF08711,,,panel
human-domainome-v1,Q8NB78_PF07496_139,Q8NB78,PF07496,,CL0229,RING,clan:CL0229,,,panel
human-domainome-v1,Q8ND56_PF12701_7,Q8ND56,PF12701,,CL0986,Sm-like,clan:CL0986,,,panel
human-domainome-v1,Q8NEA6_PF00096_414,Q8NEA6,PF00096,,CL0361,C2H2-zf,clan:CL0361,,,panel
human-domainome-v1,Q8NEA6_PF00096_473,Q8NEA6,PF00096,,CL0361,C2H2-zf,clan:CL0361,,,panel
human-domainome-v1,Q8NFW5_PF00046_73,Q8NFW5,PF00046,,CL0123,HTH,clan:CL0123,,,panel
human-domainome-v1,Q8NHM5_PF16866_656,Q8NHM5,PF16866,,CL0229,RING,clan:CL0229,,,panel
human-domainome-v1,Q8TAT5_PF00641_316,Q8TAT5,PF00641,,CL0167,Zn_Beta_Ribbon,clan:CL0167,,,panel
human-domainome-v1,Q8TDD2_PF00096_325,Q8TDD2,PF00096,,CL0361,C2H2-zf,clan:CL0361,,,panel
human-domainome-v1,Q8TDI0_PF00628_411,Q8TDI0,PF00628,,CL0229,RING,clan:CL0229,,,panel
human-domainome-v1,Q8TEW0_PF00595_457,Q8TEW0,PF00595,,CL0466,PDZ-like,clan:CL0466,,,panel
human-domainome-v1,Q8WU90_PF18044_104,Q8WU90,PF18044,,CL0537,CCCH_zf,clan:CL0537,,,panel
human-domainome-v1,Q8WWH4_PF07647_273,Q8WWH4,PF07647,,CL0003,SAM,clan:CL0003,,,panel
human-domainome-v1,Q8WXI2_PF00536_9,Q8WXI2,PF00536,,CL0003,SAM,clan:CL0003,,,panel
human-domainome-v1,Q92734_PF00564_6,Q92734,PF00564,,CL0072,Ubiquitin,clan:CL0072,,,panel
human-domainome-v1,Q92796_PF00595_222,Q92796,PF00595,,CL0466,PDZ-like,clan:CL0466,,,panel
human-domainome-v1,Q92796_PF00595_383,Q92796,PF00595,,CL0466,PDZ-like,clan:CL0466,,,panel
human-domainome-v1,Q92945_PF00013_142,Q92945,PF00013,,CL0007,KH,clan:CL0007,,,panel
human-domainome-v1,Q92997_PF00778_2,Q92997,PF00778,,CL0072,Ubiquitin,clan:CL0072,,,panel
human-domainome-v1,Q969G3_PF00505_67,Q969G3,PF00505,,CL0114,HMG-box,clan:CL0114,,,panel
human-domainome-v1,Q96AE4_PF00013_184,Q96AE4,PF00013,,CL0007,KH,clan:CL0007,,,panel
human-domainome-v1,Q96AE4_PF00013_98,Q96AE4,PF00013,,CL0007,KH,clan:CL0007,,,panel
human-domainome-v1,Q96CB8_PF00628_155,Q96CB8,PF00628,,CL0229,RING,clan:CL0229,,,panel
human-domainome-v1,Q96DX7_PF00643_174,Q96DX7,PF00643,,CL0782,BBOX,clan:CL0782,,,panel
human-domainome-v1,Q96FX2_PF05207_6,Q96FX2,PF05207,,CL0167,Zn_Beta_Ribbon,clan:CL0167,,,panel
human-domainome-v1,Q96GE6_PF13499_123,Q96GE6,PF13499,,CL0220,EF_hand,clan:CL0220,,,panel
human-domainome-v1,Q96GE6_PF13499_48,Q96GE6,PF13499,,CL0220,EF_hand,clan:CL0220,,,panel
human-domainome-v1,Q96GM8_PF00642_298,Q96GM8,PF00642,,CL0537,CCCH_zf,clan:CL0537,,,panel
human-domainome-v1,Q96I24_PF00013_75,Q96I24,PF00013,,CL0007,KH,clan:CL0007,,,panel
human-domainome-v1,Q96J02_PF00397_428,Q96J02,PF00397,,CL0680,WW,clan:CL0680,,,panel
human-domainome-v1,Q96J02_PF00397_474,Q96J02,PF00397,,CL0680,WW,clan:CL0680,,,panel
human-domainome-v1,Q96JN0_PF05225_353,Q96JN0,PF05225,,CL0123,HTH,clan:CL0123,,,panel
human-domainome-v1,Q96JY6_PF00412_284,Q96JY6,PF00412,,CL0839,Tbcl_zf,clan:CL0839,,,panel
human-domainome-v1,Q96K80_PF00642_138,Q96K80,PF00642,,CL0537,CCCH_zf,clan:CL0537,,,panel
human-domainome-v1,Q96KC8_PF00249_494,Q96KC8,PF00249,,CL0123,HTH,clan:CL0123,,,panel
human-domainome-v1,Q96PU5_PF00397_184,Q96PU5,PF00397,,CL0680,WW,clan:CL0680,,,panel
human-domainome-v1,Q96PU5_PF00397_381,Q96PU5,PF00397,,CL0680,WW,clan:CL0680,,,panel
human-domainome-v1,Q96PU5_PF00397_539,Q96PU5,PF00397,,CL0680,WW,clan:CL0680,,,panel
human-domainome-v1,Q96QS3_PF00046_330,Q96QS3,PF00046,,CL0123,HTH,clan:CL0123,,,panel
human-domainome-v1,Q96QZ7_PF00397_294,Q96QZ7,PF00397,,CL0680,WW,clan:CL0680,,,panel
human-domainome-v1,Q96QZ7_PF00397_352,Q96QZ7,PF00397,,CL0680,WW,clan:CL0680,,,panel
human-domainome-v1,Q96RT1_PF00595_1321,Q96RT1,PF00595,,CL0466,PDZ-like,clan:CL0466,,,panel
human-domainome-v1,Q96T51_PF01363_639,Q96T51,PF01363,,CL0229,RING,clan:CL0229,,,panel
human-domainome-v1,Q99501_PF02187_209,Q99501,PF02187,,,,pfam:PF02187,,,panel
human-domainome-v1,Q99543_PF00249_451,Q99543,PF00249,,CL0123,HTH,clan:CL0123,,,panel
human-domainome-v1,Q99615_PF00226_382,Q99615,PF00226,,CL0392,Chaperone-J,clan:CL0392,,,panel
human-domainome-v1,Q99684_PF00096_256,Q99684,PF00096,,CL0361,C2H2-zf,clan:CL0361,,,panel
human-domainome-v1,Q99684_PF00096_313,Q99684,PF00096,,CL0361,C2H2-zf,clan:CL0361,,,panel
human-domainome-v1,Q9BRP0_PF00096_215,Q9BRP0,PF00096,,CL0361,C2H2-zf,clan:CL0361,,,panel
human-domainome-v1,Q9BTC8_PF00249_265,Q9BTC8,PF00249,,CL0123,HTH,clan:CL0123,,,panel
human-domainome-v1,Q9BUJ2_PF02037_1,Q9BUJ2,PF02037,,CL0306,HeH,clan:CL0306,,,panel
human-domainome-v1,Q9BV68_PF14369_11,Q9BV68,PF14369,,CL0167,Zn_Beta_Ribbon,clan:CL0167,,,panel
human-domainome-v1,Q9BY11_PF14604_387,Q9BY11,PF14604,,CL0010,SH3,clan:CL0010,,,panel
human-domainome-v1,Q9BYM8_PF01485_369,Q9BYM8,PF01485,,CL0229,RING,clan:CL0229,,,panel
human-domainome-v1,Q9BZM3_PF00046_204,Q9BZM3,PF00046,,CL0123,HTH,clan:CL0123,,,panel
human-domainome-v1,Q9C030_PF00643_93,Q9C030,PF00643,,CL0782,BBOX,clan:CL0782,,,panel
human-domainome-v1,Q9C0A1_PF00046_1859,Q9C0A1,PF00046,,CL0123,HTH,clan:CL0123,,,panel
human-domainome-v1,Q9GZV5_PF00397_116,Q9GZV5,PF00397,,CL0680,WW,clan:CL0680,,,panel
human-domainome-v1,Q9H000_PF00642_37,Q9H000,PF00642,,CL0537,CCCH_zf,clan:CL0537,,,panel
human-domainome-v1,Q9H0A6_PF00612_189,Q9H0A6,PF00612,,CL0220,EF_hand,clan:CL0220,,,panel
human-domainome-v1,Q9H0M0_PF00397_343,Q9H0M0,PF00397,,CL0680,WW,clan:CL0680,,,panel
human-domainome-v1,Q9H161_PF00046_216,Q9H161,PF00046,,CL0123,HTH,clan:CL0123,,,panel
human-domainome-v1,Q9H2P0_PF00046_770,Q9H2P0,PF00046,,CL0123,HTH,clan:CL0123,,,panel
human-domainome-v1,Q9H347_PF00627_613,Q9H347,PF00627,,CL0214,UBA,clan:CL0214,,,panel
human-domainome-v1,Q9H3D4_PF07647_545,Q9H3D4,PF07647,,CL0003,SAM,clan:CL0003,,,panel
human-domainome-v1,Q9H3Z4_PF00226_16,Q9H3Z4,PF00226,,CL0392,Chaperone-J,clan:CL0392,,,panel
human-domainome-v1,Q9H4A3_PF12202_481,Q9H4A3,PF12202,,CL0487,FKBP,clan:CL0487,,,panel
human-domainome-v1,Q9H6I2_PF00505_69,Q9H6I2,PF00505,,CL0114,HMG-box,clan:CL0114,,,panel
human-domainome-v1,Q9H7E2_PF00567_554,Q9H7E2,PF00567,,CL0010,SH3,clan:CL0010,,,panel
human-domainome-v1,Q9H9D4_PF00096_383,Q9H9D4,PF00096,,CL0361,C2H2-zf,clan:CL0361,,,panel
human-domainome-v1,Q9H9L4_PF13891_28,Q9H9L4,PF13891,,,,pfam:PF13891,,,panel
human-domainome-v1,Q9HA38_PF12171_246,Q9HA38,PF12171,,CL0361,C2H2-zf,clan:CL0361,,,panel
human-domainome-v1,Q9HAU4_PF00397_150,Q9HAU4,PF00397,,CL0680,WW,clan:CL0680,,,panel
human-domainome-v1,Q9HAZ2_PF00096_282,Q9HAZ2,PF00096,,CL0361,C2H2-zf,clan:CL0361,,,panel
human-domainome-v1,Q9HC78_PF00096_635,Q9HC78,PF00096,,CL0361,C2H2-zf,clan:CL0361,,,panel
human-domainome-v1,Q9HC78_PF00096_663,Q9HC78,PF00096,,CL0361,C2H2-zf,clan:CL0361,,,panel
human-domainome-v1,Q9HC78_PF00096_716,Q9HC78,PF00096,,CL0361,C2H2-zf,clan:CL0361,,,panel
human-domainome-v1,Q9NP66_PF00505_104,Q9NP66,PF00505,,CL0114,HMG-box,clan:CL0114,,,panel
human-domainome-v1,Q9NPB3_PF13499_155,Q9NPB3,PF13499,,CL0220,EF_hand,clan:CL0220,,,panel
human-domainome-v1,Q9NPC8_PF00046_131,Q9NPC8,PF00046,,CL0123,HTH,clan:CL0123,,,panel
human-domainome-v1,Q9NQ86_PF00643_208,Q9NQ86,PF00643,,CL0782,BBOX,clan:CL0782,,,panel
human-domainome-v1,Q9NQV8_PF00096_668,Q9NQV8,PF00096,,CL0361,C2H2-zf,clan:CL0361,,,panel
human-domainome-v1,Q9NQX1_PF00096_433,Q9NQX1,PF00096,,CL0361,C2H2-zf,clan:CL0361,,,panel
human-domainome-v1,Q9NSC2_PF00096_1030,Q9NSC2,PF00096,,CL0361,C2H2-zf,clan:CL0361,,,panel
human-domainome-v1,Q9NW38_PF11793_305,Q9NW38,PF11793,,CL0229,RING,clan:CL0229,,,panel
human-domainome-v1,Q9NWH9_PF02037_19,Q9NWH9,PF02037,,CL0306,HeH,clan:CL0306,,,panel
human-domainome-v1,Q9NYL2_PF00536_330,Q9NYL2,PF00536,,CL0003,SAM,clan:CL0003,,,panel
human-domainome-v1,Q9NZM3_PF14604_1129,Q9NZM3,PF14604,,CL0010,SH3,clan:CL0010,,,panel
human-domainome-v1,Q9P0J7_PF05605_76,Q9P0J7,PF05605,,CL0361,C2H2-zf,clan:CL0361,,,panel
human-domainome-v1,Q9P2F5_PF10264_64,Q9P2F5,PF10264,,CL0123,HTH,clan:CL0123,,,panel
human-domainome-v1,Q9P2K3_PF00249_87,Q9P2K3,PF00249,,CL0123,HTH,clan:CL0123,,,panel
human-domainome-v1,Q9P2P5_PF00397_800,Q9P2P5,PF00397,,CL0680,WW,clan:CL0680,,,panel
human-domainome-v1,Q9UBF6_PF12678_48,Q9UBF6,PF12678,,CL0229,RING,clan:CL0229,,,panel
human-domainome-v1,Q9UBS4_PF00226_25,Q9UBS4,PF00226,,CL0392,Chaperone-J,clan:CL0392,,,panel
human-domainome-v1,Q9UBX0_PF00046_110,Q9UBX0,PF00046,,CL0123,HTH,clan:CL0123,,,panel
human-domainome-v1,Q9UDY2_PF00595_26,Q9UDY2,PF00595,,CL0466,PDZ-like,clan:CL0466,,,panel
human-domainome-v1,Q9UDY2_PF00595_509,Q9UDY2,PF00595,,CL0466,PDZ-like,clan:CL0466,,,panel
human-domainome-v1,Q9UHC7_PF00642_89,Q9UHC7,PF00642,,CL0537,CCCH_zf,clan:CL0537,,,panel
human-domainome-v1,Q9UHD4_PF02017_36,Q9UHD4,PF02017,,CL0072,Ubiquitin,clan:CL0072,,,panel
human-domainome-v1,Q9UIF8_PF00628_1927,Q9UIF8,PF00628,,CL0229,RING,clan:CL0229,,,panel
human-domainome-v1,Q9UJ78_PF06467_334,Q9UJ78,PF06467,,CL0175,TRASH,clan:CL0175,,,panel
human-domainome-v1,Q9UJQ4_PF00096_383,Q9UJQ4,PF00096,,CL0361,C2H2-zf,clan:CL0361,,,panel
human-domainome-v1,Q9UJQ4_PF00096_899,Q9UJQ4,PF00096,,CL0361,C2H2-zf,clan:CL0361,,,panel
human-domainome-v1,Q9UJV3_PF00643_191,Q9UJV3,PF00643,,CL0782,BBOX,clan:CL0782,,,panel
human-domainome-v1,Q9UKI9_PF00157_186,Q9UKI9,PF00157,,CL0123,HTH,clan:CL0123,,,panel
human-domainome-v1,Q9UKL0_PF00249_383,Q9UKL0,PF00249,,CL0123,HTH,clan:CL0123,,,panel
human-domainome-v1,Q9UKS6_PF14604_365,Q9UKS6,PF14604,,CL0010,SH3,clan:CL0010,,,panel
human-domainome-v1,Q9UKW6_PF02198_47,Q9UKW6,PF02198,,CL0003,SAM,clan:CL0003,,,panel
human-domainome-v1,Q9UKY1_PF18387_100,Q9UKY1,PF18387,,CL0361,C2H2-zf,clan:CL0361,,,panel
human-domainome-v1,Q9ULJ8_PF07647_987,Q9ULJ8,PF07647,,CL0003,SAM,clan:CL0003,,,panel
human-domainome-v1,Q9ULL8_PF00595_7,Q9ULL8,PF00595,,CL0466,PDZ-like,clan:CL0466,,,panel
human-domainome-v1,Q9UNF0_PF00018_428,Q9UNF0,PF00018,,CL0010,SH3,clan:CL0010,,,panel
human-domainome-v1,Q9UPQ7_PF00595_244,Q9UPQ7,PF00595,,CL0466,PDZ-like,clan:CL0466,,,panel
human-domainome-v1,Q9UPQ7_PF00595_414,Q9UPQ7,PF00595,,CL0466,PDZ-like,clan:CL0466,,,panel
human-domainome-v1,Q9UPW6_PF02376_358,Q9UPW6,PF02376,,CL0123,HTH,clan:CL0123,,,panel
human-domainome-v1,Q9UPW6_PF02376_482,Q9UPW6,PF02376,,CL0123,HTH,clan:CL0123,,,panel
human-domainome-v1,Q9UQR1_PF00096_172,Q9UQR1,PF00096,,CL0361,C2H2-zf,clan:CL0361,,,panel
human-domainome-v1,Q9Y222_PF00249_226,Q9Y222,PF00249,,CL0123,HTH,clan:CL0123,,,panel
human-domainome-v1,Q9Y2G7_PF00096_411,Q9Y2G7,PF00096,,CL0361,C2H2-zf,clan:CL0361,,,panel
human-domainome-v1,Q9Y2T7_PF00313_86,Q9Y2T7,PF00313,,CL0021,OB,clan:CL0021,,,panel
human-domainome-v1,Q9Y3R0_PF00595_666,Q9Y3R0,PF00595,,CL0466,PDZ-like,clan:CL0466,,,panel
human-domainome-v1,Q9Y462_PF00096_506,Q9Y462,PF00096,,CL0361,C2H2-zf,clan:CL0361,,,panel
human-domainome-v1,Q9Y4I5_PF03638_368,Q9Y4I5,PF03638,,CL0809,CXC,clan:CL0809,,,panel
human-domainome-v1,Q9Y4J8_PF00569_235,Q9Y4J8,PF00569,,CL0229,RING,clan:CL0229,,,panel
human-domainome-v1,Q9Y5K6_PF00018_271,Q9Y5K6,PF00018,,CL0010,SH3,clan:CL0010,,,panel
human-domainome-v1,Q9Y5K6_PF14604_1,Q9Y5K6,PF14604,,CL0010,SH3,clan:CL0010,,,panel
human-domainome-v1,Q9Y5K6_PF14604_109,Q9Y5K6,PF14604,,CL0010,SH3,clan:CL0010,,,panel
human-domainome-v1,Q9Y618_PF00249_613,Q9Y618,PF00249,,CL0123,HTH,clan:CL0123,,,panel
human-domainome-v1,Q9Y6N9_PF00595_207,Q9Y6N9,PF00595,,CL0466,PDZ-like,clan:CL0466,,,panel
human-domainome-v1,Q9Y6V0_PF05715_1058,Q9Y6V0,PF05715,,CL0229,RING,clan:CL0229,,,panel
mavedb-complement-v1,mavedb-287332153da38b59,KCNH2 Wildtype Sequence (ENST00000262186.10),PF00027,Cyclic nucleotide-binding domain,CL0029,Cupin,clan:CL0029,762.0,843.0,InterPro/UniProt
mavedb-complement-v1,mavedb-287332153da38b59,KCNH2 Wildtype Sequence (ENST00000262186.10),PF00520,Ion transport protein,CL0030,Ion_channel,clan:CL0030,409.0,668.0,InterPro/UniProt
mavedb-complement-v1,mavedb-287332153da38b59,KCNH2 Wildtype Sequence (ENST00000262186.10),PF13426,PAS domain,CL0183,PAS_Fold,clan:CL0183,37.0,129.0,InterPro/UniProt
mavedb-complement-v1,mavedb-32f5d032de97ea22,F9,PF00008,EGF-like domain,CL0001,EGF,clan:CL0001,97.0,127.0,InterPro/UniProt
mavedb-complement-v1,mavedb-32f5d032de97ea22,F9,PF00089,Trypsin,CL0124,Peptidase_PA,clan:CL0124,227.0,454.0,InterPro/UniProt
mavedb-complement-v1,mavedb-32f5d032de97ea22,F9,PF00594,Vitamin K-dependent carboxylation/gamma-carboxyglutamic (GLA) domain,CL0001,EGF,clan:CL0001,52.0,92.0,InterPro/UniProt
mavedb-complement-v1,mavedb-32f5d032de97ea22,F9,PF14670,Coagulation Factor Xa inhibitory site,CL0001,EGF,clan:CL0001,134.0,170.0,InterPro/UniProt
mavedb-complement-v1,mavedb-93100c3b9be6e587,SGCB,PF04790,Sarcoglycan complex subunit protein,,,pfam:PF04790,54.0,302.0,InterPro/UniProt
mavedb-complement-v1,mavedb-aebeb991234cd8a3,PAX6,PF00046,Homeodomain,CL0123,HTH,clan:CL0123,212.0,267.0,InterPro/UniProt
mavedb-complement-v1,mavedb-aebeb991234cd8a3,PAX6,PF00292,'Paired box' domain,CL0123,HTH,clan:CL0123,4.0,128.0,InterPro/UniProt
mavedb-complement-v1,mavedb-c6dd0092b775896c,KCNQ4,PF00520,Ion transport protein,CL0030,Ion_channel,clan:CL0030,99.0,328.0,InterPro/UniProt
mavedb-complement-v1,mavedb-c6dd0092b775896c,KCNQ4,PF03520,KCNQ voltage-gated potassium channel,,,pfam:PF03520,464.0,646.0,InterPro/UniProt
mavedb-complement-v1,mavedb-e3ca60f18e3b6e98,TP53,PF00870,P53 DNA-binding domain,CL0073,P53-like,clan:CL0073,100.0,288.0,InterPro/UniProt
mavedb-complement-v1,mavedb-e3ca60f18e3b6e98,TP53,PF07710,P53 tetramerisation motif,,,pfam:PF07710,319.0,357.0,InterPro/UniProt
mavedb-complement-v1,mavedb-e3ca60f18e3b6e98,TP53,PF08563,P53 transactivation motif,,,pfam:PF08563,6.0,30.0,InterPro/UniProt
mavedb-complement-v1,mavedb-e3ca60f18e3b6e98,TP53,PF18521,Transactivation domain 2,,,pfam:PF18521,35.0,59.0,InterPro/UniProt
venusmuthub-v1,venus-00073064a60d4804,O52063,PF07969,Amidohydrolase family,CL0036,TIM_barrel,clan:CL0036,44.0,396.0,InterPro/UniProt
venusmuthub-v1,venus-06f736fe976e45ee,Q4KAC6,PF20628,"Dyp-type peroxidase, C-terminal",CL0032,Dim_A_B_barrel,clan:CL0032,127.0,281.0,InterPro/UniProt
venusmuthub-v1,venus-07739b7c44051d98,Q8KLM3,PF00685,Sulfotransferase domain,CL0023,P-loop_NTPase,clan:CL0023,6.0,208.0,InterPro/UniProt
venusmuthub-v1,venus-0ed16c1325aea2c9,Q65EX3,PF16715,Cyclodipeptide synthase,CL0039,HUP,clan:CL0039,13.0,233.0,InterPro/UniProt
venusmuthub-v1,venus-12c59fe9dab495ee,A0A0K8P6T7,PF12740,PET hydrolase-like,CL0028,AB_hydrolase,clan:CL0028,27.0,290.0,InterPro/UniProt
venusmuthub-v1,venus-1972eefa4a6ef629,A0A0I9QGZ2,PF00456,"Transketolase, thiamine diphosphate binding domain",CL0254,THDP-binding,clan:CL0254,6.0,339.0,InterPro/UniProt
venusmuthub-v1,venus-1972eefa4a6ef629,A0A0I9QGZ2,PF02779,"Transketolase, pyrimidine binding domain",CL0254,THDP-binding,clan:CL0254,354.0,525.0,InterPro/UniProt
venusmuthub-v1,venus-1972eefa4a6ef629,A0A0I9QGZ2,PF22613,Transketolase-like TK C-terminal domain,CL0591,TKC_like,clan:CL0591,541.0,654.0,InterPro/UniProt
venusmuthub-v1,venus-1a8ae9058bbabf14,P05150,PF00185,"Aspartate/ornithine carbamoyltransferase, Asp/Orn binding domain",CL0063,NADP_Rossmann,clan:CL0063,174.0,324.0,InterPro/UniProt
venusmuthub-v1,venus-1a8ae9058bbabf14,P05150,PF02729,"Aspartate/ornithine carbamoyltransferase, carbamoyl-P binding domain",,,pfam:PF02729,12.0,158.0,InterPro/UniProt
venusmuthub-v1,venus-1b3d6bf42e0e7f84,Q88LS1,PF10093,Elongation-Factor P (EF-P) rhamnosyltransferase EarP,CL0113,GT-B,clan:CL0113,5.0,373.0,InterPro/UniProt
venusmuthub-v1,venus-1e4cf4ecbd674386,Q6VAB4,PF00201,UDP-glucoronosyl and UDP-glucosyl transferase,CL0113,GT-B,clan:CL0113,274.0,418.0,InterPro/UniProt
venusmuthub-v1,venus-220a25f64746e26e,Q06135,PF03198,Glucanosyltransferase,CL0036,TIM_barrel,clan:CL0036,28.0,343.0,InterPro/UniProt
venusmuthub-v1,venus-220a25f64746e26e,Q06135,PF07983,X8 domain,,,pfam:PF07983,405.0,471.0,InterPro/UniProt
venusmuthub-v1,venus-221bc429762aec74,P29379,PF02211,"Nitrile hydratase beta subunit, C-terminal",CL0010,SH3,clan:CL0010,129.0,223.0,InterPro/UniProt
venusmuthub-v1,venus-221bc429762aec74,P29379,PF21006,"Nitrile hydratase beta subunit, N-terminal",,,pfam:PF21006,1.0,109.0,InterPro/UniProt
venusmuthub-v1,venus-23d9ea0d22f6126b,A0MGZ7,PF03567,Sulfotransferase family,CL0023,P-loop_NTPase,clan:CL0023,88.0,357.0,InterPro/UniProt
venusmuthub-v1,venus-24f4e5b8d325ad4b,A2QAN3,PF01301,Glycosyl hydrolases family 35,CL0036,TIM_barrel,clan:CL0036,52.0,386.0,InterPro/UniProt
venusmuthub-v1,venus-24f4e5b8d325ad4b,A2QAN3,PF10435,"Beta-galactosidase, domain 2",CL0369,GHD,clan:CL0369,398.0,573.0,InterPro/UniProt
venusmuthub-v1,venus-24f4e5b8d325ad4b,A2QAN3,PF13363,"Beta-galactosidase, domain 3",,,pfam:PF13363,574.0,657.0,InterPro/UniProt
venusmuthub-v1,venus-24f4e5b8d325ad4b,A2QAN3,PF13364,Beta-galactosidase second all-beta domain,CL0202,GBD,clan:CL0202,690.0,802.0,InterPro/UniProt
venusmuthub-v1,venus-24f4e5b8d325ad4b,A2QAN3,PF13364,Beta-galactosidase second all-beta domain,CL0202,GBD,clan:CL0202,859.0,969.0,InterPro/UniProt
venusmuthub-v1,venus-26da37179e20d7ed,Q02353,PF00685,Sulfotransferase domain,CL0023,P-loop_NTPase,clan:CL0023,605.0,858.0,InterPro/UniProt
venusmuthub-v1,venus-26da37179e20d7ed,Q02353,PF12062,"Heparan sulfate-N-deacetylase, deacetylase domain",CL0882,Agd3_CE_sf,clan:CL0882,311.0,515.0,InterPro/UniProt
venusmuthub-v1,venus-26da37179e20d7ed,Q02353,PF25119,"Heparan sulfate-N-deacetylase, N-terminal domain",CL0883,CBM87,clan:CL0883,81.0,301.0,InterPro/UniProt
venusmuthub-v1,venus-2b9577dc9c561b21,P0A2M9,PF03536,OspF/SpvC,CL0944,HopA1-like,clan:CL0944,2.0,241.0,InterPro/UniProt
venusmuthub-v1,venus-2ebb2bc9d643c1fb,P51697,PF13577,SnoaL-like domain,CL0051,NTF2,clan:CL0051,6.0,130.0,InterPro/UniProt
venusmuthub-v1,venus-320f26d1be8a0cb0,Q58431,PF03313,Serine dehydratase alpha chain,CL0722,SDH_alpha,clan:CL0722,135.0,381.0,InterPro/UniProt
venusmuthub-v1,venus-396cc9af2c1e8c61,A0A0P0ZBS7,PF02746,"Mandelate racemase / muconate lactonizing enzyme, N-terminal domain",CL0227,Enolase_N,clan:CL0227,9.0,127.0,InterPro/UniProt
venusmuthub-v1,venus-396cc9af2c1e8c61,A0A0P0ZBS7,PF13378,Enolase C-terminal domain-like,CL0036,TIM_barrel,clan:CL0036,151.0,356.0,InterPro/UniProt
venusmuthub-v1,venus-39a9db03eeb2ed00,A2RJT9,PF01180,Dihydroorotate dehydrogenase,CL0036,TIM_barrel,clan:CL0036,1.0,293.0,InterPro/UniProt
venusmuthub-v1,venus-409980eb48704393,A4QAA6,PF02548,Ketopantoate hydroxymethyltransferase,CL0036,TIM_barrel,clan:CL0036,10.0,266.0,InterPro/UniProt
venusmuthub-v1,venus-422f5a848c7a8657,Q16769,PF04389,Peptidase family M28,CL0865,ZnExoPePases,clan:CL0865,122.0,352.0,InterPro/UniProt
venusmuthub-v1,venus-454b0fb8de143bcd,P24058,PF00206,Lyase,,,pfam:PF00206,13.0,307.0,InterPro/UniProt
venusmuthub-v1,venus-454b0fb8de143bcd,P24058,PF14698,Argininosuccinate lyase C-terminal,,,pfam:PF14698,370.0,437.0,InterPro/UniProt
venusmuthub-v1,venus-4701fdeb4ac57086,Q887Q3,PF13229,Right handed beta helix region,CL0268,Pec_lyase-like,clan:CL0268,292.0,435.0,InterPro/UniProt
venusmuthub-v1,venus-4bcbc7d4640f3c6b,Q02890,PF01841,Transglutaminase-like superfamily,CL0125,Peptidase_CA,clan:CL0125,167.0,235.0,InterPro/UniProt
venusmuthub-v1,venus-4d282f160e018c4f,A0A059TC02,PF01370,NAD dependent epimerase/dehydratase family,CL0063,NADP_Rossmann,clan:CL0063,9.0,241.0,InterPro/UniProt
venusmuthub-v1,venus-50eca14579e1a453,P0ADG7,PF00478,IMP dehydrogenase / GMP reductase domain,CL0036,TIM_barrel,clan:CL0036,8.0,94.0,InterPro/UniProt
venusmuthub-v1,venus-50eca14579e1a453,P0ADG7,PF00478,IMP dehydrogenase / GMP reductase domain,CL0036,TIM_barrel,clan:CL0036,141.0,152.0,InterPro/UniProt
venusmuthub-v1,venus-50eca14579e1a453,P0ADG7,PF00478,IMP dehydrogenase / GMP reductase domain,CL0036,TIM_barrel,clan:CL0036,205.0,473.0,InterPro/UniProt
venusmuthub-v1,venus-50eca14579e1a453,P0ADG7,PF00571,CBS domain,,,pfam:PF00571,95.0,140.0,InterPro/UniProt
venusmuthub-v1,venus-50eca14579e1a453,P0ADG7,PF00571,CBS domain,,,pfam:PF00571,153.0,204.0,InterPro/UniProt
venusmuthub-v1,venus-581332e2a42b24c1,P58004,PF04636,PA26 p53-induced protein (sestrin),CL0423,AhpD-like,clan:CL0423,44.0,479.0,InterPro/UniProt
venusmuthub-v1,venus-63545238edf5954f,P0A873,PF01746,tRNA (Guanine-1)-methyltransferase TrmD,CL0098,SPOUT,clan:CL0098,1.0,225.0,InterPro/UniProt
venusmuthub-v1,venus-64be3ba2a292eb0f,C6DAH4,PF14489,QueF-like protein,CL0334,THBO-biosyn,clan:CL0334,196.0,270.0,InterPro/UniProt
venusmuthub-v1,venus-64be3ba2a292eb0f,C6DAH4,PF14819,"Nitrile reductase, 7-cyano-7-deazaguanine-reductase N-term",CL0334,THBO-biosyn,clan:CL0334,21.0,131.0,InterPro/UniProt
venusmuthub-v1,venus-69d5ae4457f6205e,P05030,PF00122,P-type ATPase actuator domain,,,pfam:PF00122,176.0,276.0,InterPro/UniProt
venusmuthub-v1,venus-69d5ae4457f6205e,P05030,PF00690,"Cation transporter/ATPase, N-terminus",,,pfam:PF00690,78.0,134.0,InterPro/UniProt
venusmuthub-v1,venus-69d5ae4457f6205e,P05030,PF00702,haloacid dehalogenase-like hydrolase,CL0137,HAD,clan:CL0137,375.0,646.0,InterPro/UniProt
venusmuthub-v1,venus-6df418116e5febc9,P78330,PF00702,haloacid dehalogenase-like hydrolase,CL0137,HAD,clan:CL0137,15.0,187.0,InterPro/UniProt
venusmuthub-v1,venus-71acb42055dde189,Q071N0,PF00106,short chain dehydrogenase,CL0063,NADP_Rossmann,clan:CL0063,14.0,106.0,InterPro/UniProt
venusmuthub-v1,venus-71acb42055dde189,Q071N0,PF13561,Enoyl-(Acyl carrier protein) reductase,CL0063,NADP_Rossmann,clan:CL0063,227.0,279.0,InterPro/UniProt
venusmuthub-v1,venus-71ec9b1cef7a8594,Q7SIG4,PF08450,SMP-30/Gluconolactonase/LRE-like region,CL0186,Beta_propeller,clan:CL0186,20.0,286.0,InterPro/UniProt
venusmuthub-v1,venus-751367a60fd75330,P49768,PF01080,Presenilin,CL0130,Peptidase_AD,clan:CL0130,76.0,457.0,InterPro/UniProt
venusmuthub-v1,venus-7bf6ce2de8172342,Q8GCH2,PF22059,"Glucuronosyltransferase GumK, N-terminal domain",CL0113,GT-B,clan:CL0113,19.0,185.0,InterPro/UniProt
venusmuthub-v1,venus-7f1786770ae32614,Q8JFY9,PF09412,Endoribonuclease XendoU,CL0695,EndoU,clan:CL0695,11.0,281.0,InterPro/UniProt
venusmuthub-v1,venus-8372a9e4bb1e26bb,A0A0H2V871,PF00756,Putative esterase,CL0028,AB_hydrolase,clan:CL0028,67.0,200.0,InterPro/UniProt
venusmuthub-v1,venus-85368d807d9e50cd,P73832,PF03575,Peptidase family S51,CL0014,Glutaminase_I,clan:CL0014,9.0,212.0,InterPro/UniProt
venusmuthub-v1,venus-8c837ded111ff685,Q14RS0,PF00457,Glycosyl hydrolases family 11,CL0004,Concanavalin,clan:CL0004,2.0,180.0,InterPro/UniProt
venusmuthub-v1,venus-9357562029b4557a,Q86GC8,PF00135,Carboxylesterase family,CL0028,AB_hydrolase,clan:CL0028,133.0,653.0,InterPro/UniProt
venusmuthub-v1,venus-a60540654b3cbbf9,Q8LPL7,PF00962,Adenosine deaminase,CL0036,TIM_barrel,clan:CL0036,8.0,344.0,InterPro/UniProt
venusmuthub-v1,venus-aae92adf06e389cd,P14779,PF00067,Cytochrome P450,,,pfam:PF00067,11.0,448.0,InterPro/UniProt
venusmuthub-v1,venus-aae92adf06e389cd,P14779,PF00175,Oxidoreductase NAD-binding domain,CL0091,NAD_Ferredoxin,clan:CL0091,901.0,1011.0,InterPro/UniProt
venusmuthub-v1,venus-aae92adf06e389cd,P14779,PF00258,Flavodoxin,CL0042,Flavoprotein,clan:CL0042,485.0,617.0,InterPro/UniProt
venusmuthub-v1,venus-aae92adf06e389cd,P14779,PF00667,FAD binding domain,CL0866,ALR_C-like,clan:CL0866,661.0,868.0,InterPro/UniProt
venusmuthub-v1,venus-ad4f94972c4850d0,Q16774,PF00625,Guanylate kinase,CL0023,P-loop_NTPase,clan:CL0023,5.0,187.0,InterPro/UniProt
venusmuthub-v1,venus-b09ae7265d5add56,O06543,PF02515,CoA-transferase family III,,,pfam:PF02515,5.0,343.0,InterPro/UniProt
venusmuthub-v1,venus-b14a3532d287755b,P52061,PF01725,Ham1 family,CL0269,Maf,clan:CL0269,4.0,192.0,InterPro/UniProt
venusmuthub-v1,venus-b1ee988208ad234a,O94220,PF00251,Glycosyl hydrolases family 32 N-terminal domain,CL0143,B_Fructosidase,clan:CL0143,33.0,356.0,InterPro/UniProt
venusmuthub-v1,venus-b1ee988208ad234a,O94220,PF08244,Glycosyl hydrolases family 32 C terminal,CL0004,Concanavalin,clan:CL0004,366.0,511.0,InterPro/UniProt
venusmuthub-v1,venus-b2c012e22fa464aa,P80036,PF00704,Glycosyl hydrolases family 18,CL0036,TIM_barrel,clan:CL0036,82.0,200.0,InterPro/UniProt
venusmuthub-v1,venus-b41bf48f310c59c1,O54728,PF00657,GDSL-like Lipase/Acylhydrolase,CL0264,SGNH_hydrolase,clan:CL0264,398.0,669.0,InterPro/UniProt
venusmuthub-v1,venus-b41bf48f310c59c1,O54728,PF00657,GDSL-like Lipase/Acylhydrolase,CL0264,SGNH_hydrolase,clan:CL0264,745.0,1019.0,InterPro/UniProt
venusmuthub-v1,venus-b41bf48f310c59c1,O54728,PF00657,GDSL-like Lipase/Acylhydrolase,CL0264,SGNH_hydrolase,clan:CL0264,1101.0,1366.0,InterPro/UniProt
venusmuthub-v1,venus-b967cccca11973b6,Q51559,PF00561,alpha/beta hydrolase fold,CL0028,AB_hydrolase,clan:CL0028,29.0,253.0,InterPro/UniProt
venusmuthub-v1,venus-ba70e13e9f086bea,Q57261,PF01142,tRNA pseudouridine synthase D (TruD),CL0649,PseudoU_synth,clan:CL0649,8.0,167.0,InterPro/UniProt
venusmuthub-v1,venus-ba70e13e9f086bea,Q57261,PF01142,tRNA pseudouridine synthase D (TruD),CL0649,PseudoU_synth,clan:CL0649,188.0,337.0,InterPro/UniProt
venusmuthub-v1,venus-ba768a97843a2ef2,E8RUP5,PF00326,Prolyl oligopeptidase family,CL0028,AB_hydrolase,clan:CL0028,507.0,661.0,InterPro/UniProt
venusmuthub-v1,venus-bce692cd15f4091a,O75355,PF01150,GDA1/CD39 (nucleoside phosphatase) family,CL0108,Actin_ATPase,clan:CL0108,56.0,477.0,InterPro/UniProt
venusmuthub-v1,venus-bff43a6e4a79b5f8,Q86XE5,PF00701,Dihydrodipicolinate synthetase family,CL0036,TIM_barrel,clan:CL0036,35.0,318.0,InterPro/UniProt
venusmuthub-v1,venus-c0ca168b53919943,Q8IYT2,PF01728,FtsJ-like methyltransferase,CL0063,NADP_Rossmann,clan:CL0063,112.0,319.0,InterPro/UniProt
venusmuthub-v1,venus-c3600923ab93ac4e,P46544,PF00561,alpha/beta hydrolase fold,CL0028,AB_hydrolase,clan:CL0028,29.0,278.0,InterPro/UniProt
venusmuthub-v1,venus-c71bd410457488cf,P46849,PF01137,RNA 3'-terminal phosphate cyclase,CL0290,EPT_RTPC,clan:CL0290,12.0,183.0,InterPro/UniProt
venusmuthub-v1,venus-c71bd410457488cf,P46849,PF01137,RNA 3'-terminal phosphate cyclase,CL0290,EPT_RTPC,clan:CL0290,275.0,325.0,InterPro/UniProt
venusmuthub-v1,venus-c71bd410457488cf,P46849,PF05189,"RNA 3'-terminal phosphate cyclase (RTC), insert domain",,,pfam:PF05189,184.0,274.0,InterPro/UniProt
venusmuthub-v1,venus-c7eb0ffd0c784af8,P9WHH9,PF02852,"Pyridine nucleotide-disulphide oxidoreductase, dimerisation domain",CL0608,Reductase_C,clan:CL0608,346.0,452.0,InterPro/UniProt
venusmuthub-v1,venus-c7eb0ffd0c784af8,P9WHH9,PF07992,Pyridine nucleotide-disulphide oxidoreductase,CL0063,NADP_Rossmann,clan:CL0063,4.0,324.0,InterPro/UniProt
venusmuthub-v1,venus-cbc03f40f9753339,P77555,PF02615,Malate/L-lactate dehydrogenase,,,pfam:PF02615,3.0,331.0,InterPro/UniProt
venusmuthub-v1,venus-cf2e570131b80556,Q03154,PF01546,Peptidase family M20/M25/M40,CL0865,ZnExoPePases,clan:CL0865,76.0,188.0,InterPro/UniProt
venusmuthub-v1,venus-cf2e570131b80556,Q03154,PF01546,Peptidase family M20/M25/M40,CL0865,ZnExoPePases,clan:CL0865,299.0,395.0,InterPro/UniProt
venusmuthub-v1,venus-cf2e570131b80556,Q03154,PF07687,Peptidase dimerisation domain,,,pfam:PF07687,189.0,298.0,InterPro/UniProt
venusmuthub-v1,venus-d0585182abfe2660,I6XD65,PF00857,Isochorismatase domain,,,pfam:PF00857,3.0,182.0,InterPro/UniProt
venusmuthub-v1,venus-d5b579600238875d,Q2FHP2,PF01252,Signal peptidase (SPase) II,,,pfam:PF01252,13.0,151.0,InterPro/UniProt
venusmuthub-v1,venus-d7597d795a65b040,Q2FV54,PF01757,Acyltransferase domain,CL0316,Acyl_transf_3,clan:CL0316,19.0,344.0,InterPro/UniProt
venusmuthub-v1,venus-d98b2269ed529294,P08684,PF00067,Cytochrome P450,,,pfam:PF00067,39.0,493.0,InterPro/UniProt
venusmuthub-v1,venus-db6f99c2f0c1c621,Q3YW59,PF00122,P-type ATPase actuator domain,,,pfam:PF00122,234.0,334.0,InterPro/UniProt
venusmuthub-v1,venus-db6f99c2f0c1c621,Q3YW59,PF00403,Heavy-metal-associated domain,CL0704,HMA,clan:CL0704,53.0,109.0,InterPro/UniProt
venusmuthub-v1,venus-db6f99c2f0c1c621,Q3YW59,PF00702,haloacid dehalogenase-like hydrolase,CL0137,HAD,clan:CL0137,433.0,639.0,InterPro/UniProt
venusmuthub-v1,venus-db874159a334ddcf,P06802,PF01033,Somatomedin B domain,,,pfam:PF01033,88.0,124.0,InterPro/UniProt
venusmuthub-v1,venus-db874159a334ddcf,P06802,PF01033,Somatomedin B domain,,,pfam:PF01033,129.0,168.0,InterPro/UniProt
venusmuthub-v1,venus-db874159a334ddcf,P06802,PF01223,DNA/RNA non-specific endonuclease,CL0263,His-Me_finger,clan:CL0263,656.0,843.0,InterPro/UniProt
venusmuthub-v1,venus-db874159a334ddcf,P06802,PF01663,Type I phosphodiesterase / nucleotide pyrophosphatase,CL0088,Alk_phosphatase,clan:CL0088,194.0,520.0,InterPro/UniProt
venusmuthub-v1,venus-de4763156d0659c0,A4XGA6,PF07221,N-acylglucosamine 2-epimerase (GlcNAc 2-epimerase),CL0059,6_Hairpin,clan:CL0059,32.0,370.0,InterPro/UniProt
venusmuthub-v1,venus-e106cf9431361c23,P0A8I5,PF02390,Putative methyltransferase,CL0063,NADP_Rossmann,clan:CL0063,64.0,233.0,InterPro/UniProt
venusmuthub-v1,venus-e2c390013035df74,Q70PR7,PF02458,Transferase family,CL0149,CoA-acyltrans,clan:CL0149,5.0,406.0,InterPro/UniProt
venusmuthub-v1,venus-e534b07a29d6ecf2,P73574,PF00106,short chain dehydrogenase,CL0063,NADP_Rossmann,clan:CL0063,7.0,200.0,InterPro/UniProt
venusmuthub-v1,venus-e67b2509cf424b88,D4Z2G1,PF00561,alpha/beta hydrolase fold,CL0028,AB_hydrolase,clan:CL0028,31.0,279.0,InterPro/UniProt
venusmuthub-v1,venus-e882ec45e80e2ece,P36136,PF00300,Histidine phosphatase superfamily (branch 1),CL0071,His_phosphatase,clan:CL0071,9.0,193.0,InterPro/UniProt
venusmuthub-v1,venus-ee4abb868ebd5357,P33018,PF00756,Putative esterase,CL0028,AB_hydrolase,clan:CL0028,21.0,271.0,InterPro/UniProt
venusmuthub-v1,venus-f215fc047b4ec592,A0A0K8P8E7,PF07519,Tannase and feruloyl esterase,CL0028,AB_hydrolase,clan:CL0028,105.0,600.0,InterPro/UniProt
venusmuthub-v1,venus-f2eeeee6f8bc57e6,P15042,PF00533,BRCA1 C Terminus (BRCT) domain,CL0459,BRCT-like,clan:CL0459,596.0,668.0,InterPro/UniProt
venusmuthub-v1,venus-f2eeeee6f8bc57e6,P15042,PF01653,NAD-dependent DNA ligase adenylation domain,CL0179,ATP-grasp,clan:CL0179,68.0,318.0,InterPro/UniProt
venusmuthub-v1,venus-f2eeeee6f8bc57e6,P15042,PF03119,NAD-dependent DNA ligase C4 zinc finger domain,,,pfam:PF03119,407.0,434.0,InterPro/UniProt
venusmuthub-v1,venus-f2eeeee6f8bc57e6,P15042,PF03120,NAD-dependent DNA ligase OB-fold domain,CL0021,OB,clan:CL0021,322.0,398.0,InterPro/UniProt
venusmuthub-v1,venus-f2eeeee6f8bc57e6,P15042,PF12826,Helix-hairpin-helix motif,CL0198,HHH,clan:CL0198,510.0,573.0,InterPro/UniProt
venusmuthub-v1,venus-f2eeeee6f8bc57e6,P15042,PF14520,SAM-like Helix-hairpin-helix tandem,CL0198,HHH,clan:CL0198,449.0,502.0,InterPro/UniProt
venusmuthub-v1,venus-f2eeeee6f8bc57e6,P15042,PF22745,"DNA ligase-like, N-terminal NAD+-binding domain",,,pfam:PF22745,1.0,63.0,InterPro/UniProt
venusmuthub-v1,venus-f4124bbcd051f818,P00813,PF00962,Adenosine deaminase,CL0036,TIM_barrel,clan:CL0036,10.0,349.0,InterPro/UniProt
venusmuthub-v1,venus-f68755df0ab4af4d,P25745,PF03054,tRNA methyl transferase HUP domain,CL0039,HUP,clan:CL0039,6.0,202.0,InterPro/UniProt
venusmuthub-v1,venus-f68755df0ab4af4d,P25745,PF20258,Aminomethyltransferase beta-barrel domain,CL0740,GCV_T_C,clan:CL0740,286.0,360.0,InterPro/UniProt
venusmuthub-v1,venus-f68755df0ab4af4d,P25745,PF20259,tRNA methyl transferase PRC-barrel domain,CL0350,PRC-barrel,clan:CL0350,208.0,275.0,InterPro/UniProt
venusmuthub-v1,venus-f6ad6a376a4ccae7,P95480,PF04820,Tryptophan halogenase,CL0063,NADP_Rossmann,clan:CL0063,7.0,482.0,InterPro/UniProt
venusmuthub-v1,venus-fb1d8ed35888b3e5,Q44244,PF02746,"Mandelate racemase / muconate lactonizing enzyme, N-terminal domain",CL0227,Enolase_N,clan:CL0227,8.0,122.0,InterPro/UniProt
venusmuthub-v1,venus-fb1d8ed35888b3e5,Q44244,PF13378,Enolase C-terminal domain-like,CL0036,TIM_barrel,clan:CL0036,152.0,351.0,InterPro/UniProt
venusmuthub-v1,venus-fb40294d4c662251,P27346,PF00208,Glutamate/Leucine/Phenylalanine/Valine dehydrogenase,CL0063,NADP_Rossmann,clan:CL0063,182.0,419.0,InterPro/UniProt
venusmuthub-v1,venus-fb40294d4c662251,P27346,PF02812,"Glu/Leu/Phe/Val dehydrogenase, dimerisation domain",CL0603,AA_dh_N,clan:CL0603,36.0,164.0,InterPro/UniProt
venusmuthub-v1,venus-fdef8e3435880467,P32738,PF00755,Choline/Carnitine o-acyltransferase,CL0149,CoA-acyltrans,clan:CL0149,26.0,603.0,InterPro/UniProt
