policy,coverage,retained_tasks,failure_rate,mean_selection_gain_sd,median_selection_gain_sd,mean_selection_regret_sd,median_selection_regret_sd,worst_quintile_mean_gain_sd,confidence_threshold
variantshift,0.1,20,0.0,0.6062640541283059,0.5939322894724208,0.08844826469553604,0.025124698280614366,0.38052656794378487,1.4808173150951667
variantshift,0.2,39,0.0,0.6531833203839843,0.6656482112106865,0.06433135051519476,0.004559681802905197,0.36154312519219056,0.9775088432078575
variantshift,0.30000000000000004,59,0.0,0.6403162335492851,0.6346781431518891,0.06110482297378233,0.01269362503598287,0.357072273773079,0.6312963727081025
variantshift,0.4,78,0.0,0.63015320151308,0.6213616470351011,0.05902622805651635,0.0038728210629844634,0.35520660698789364,0.30418308582322306
variantshift,0.5,98,0.0,0.6369337784350727,0.6213616470351011,0.05904362132883612,0.0038728210629844634,0.3525681717750966,0.0762310614120906
variantshift,0.6,117,0.0,0.6304012251077414,0.6198061469422603,0.05675818031851136,0.004559681802905197,0.35966421561806716,-0.13122252492403472
variantshift,0.7000000000000001,137,0.0,0.622012824766467,0.5973687934281768,0.05986213168753278,0.014679835307282008,0.35199107450570716,-0.45903409167648995
variantshift,0.8,156,0.0,0.6212735142385828,0.5981614705027819,0.062198586464474244,0.016910866092042037,0.34794878593755857,-0.8677484304826888
variantshift,0.9,176,0.0,0.6126642455266147,0.6035099326936525,0.06429953313473608,0.01820361982134444,0.3239624287619759,-1.5342359679216746
variantshift,1.0,195,0.0,0.6052748416931559,0.5946574085536022,0.06214751775200589,0.017969786096939222,0.32001427577023794,-3.7368976435179553
decision_only,0.1,20,0.0,0.6170334412170351,0.6328605855434921,0.10921878964985413,0.06511083066247492,0.46034840022319906,0.7600426002811632
decision_only,0.2,39,0.0,0.5942885047571468,0.6195518054156627,0.09024954266412084,0.037992179229206724,0.3573352634833203,0.7296624067883508
decision_only,0.30000000000000004,59,0.0,0.5984602806549654,0.6229171471279418,0.08068680072341435,0.02950841159633455,0.3469424898448786,0.6919279889048737
decision_only,0.4,78,0.0,0.6103593943164424,0.6287976451399154,0.07191221436963839,0.02114927166251826,0.3441536458739396,0.6624301683964865
decision_only,0.5,98,0.0,0.6058943537597572,0.6213616470351011,0.06814654593787219,0.02114927166251826,0.3408673836199353,0.6282437564066796
decision_only,0.6,117,0.0,0.6081779372248346,0.6198061469422603,0.06951673335199417,0.02328864080761417,0.34261142826739927,0.601118885277659
decision_only,0.7000000000000001,137,0.0,0.6186262246451967,0.6229171471279418,0.0694605395181101,0.02328864080761417,0.3530837662259411,0.5732801666246978
decision_only,0.8,156,0.0,0.6213833806876786,0.6149117617549471,0.06455235261669445,0.01756947862990707,0.36085347151129,0.5478138600271836
decision_only,0.9,176,0.0,0.6175371367714008,0.609769291385819,0.06370233934900618,0.01756947862990707,0.3381543992710534,0.49025657720851107
decision_only,1.0,195,0.0,0.6052748416931559,0.5946574085536022,0.06214751775200591,0.017969786096939222,0.32001427577023794,0.3563960084104713
uncalibrated,0.1,20,0.0,0.5900115951056369,0.5798735061124112,0.10167943695501673,0.05326584652401878,0.43007183312253977,0.7856918767736067
uncalibrated,0.2,39,0.0,0.6102062923500035,0.6461693656713214,0.08806947085274208,0.05545966737337382,0.3432005865011436,0.7414901860768973
uncalibrated,0.30000000000000004,59,0.0,0.6014787936475969,0.6198061469422603,0.08672861098986374,0.04806567751299706,0.34303602276032835,0.7076127261686924
uncalibrated,0.4,78,0.0,0.611122866094773,0.6213616470351011,0.07809891185479394,0.046714552088718775,0.3522673531407038,0.6711408909909395
uncalibrated,0.5,98,0.0,0.6079484989783049,0.6213616470351011,0.07600290827097063,0.03308988126265844,0.32049694108677496,0.6420353618093892
uncalibrated,0.6,117,0.0,0.602511881803911,0.6105478642156442,0.07588706008049424,0.02950841159633455,0.318935625704388,0.6134070002487931
uncalibrated,0.7000000000000001,137,0.0,0.6047508036972012,0.608990718555994,0.07031369025660154,0.02730760142472477,0.32114905619147927,0.5834669084920422
uncalibrated,0.8,156,0.0,0.6212390240098734,0.6185490449998967,0.06881641243505143,0.02437389511214888,0.32445418645571,0.5534314029572193
uncalibrated,0.9,176,0.0,0.6107195710131971,0.5968057780654945,0.07394450084110873,0.020555843620290698,0.315795322554431,0.5117777002791868
uncalibrated,1.0,195,0.0,0.5956375819846645,0.5780993209419584,0.07178477746049727,0.01900990251742235,0.2941505900409125,0.3671799496206655
elastic_net,0.1,20,0.0,0.6792680604245438,0.6842085935807363,0.05482615055735669,0.020781629376016963,0.3529441767994524,0.7740347798004976
elastic_net,0.2,39,0.0,0.6525045005174838,0.6989332849117392,0.06926772314575409,0.022092203920585307,0.35985035338288635,0.7031628517031618
elastic_net,0.30000000000000004,59,0.0,0.62096034837817,0.6374681305309337,0.07485169479191645,0.03277222214519526,0.3492166206154741,0.6584398491945782
elastic_net,0.4,78,0.0,0.6039902215630376,0.5953115062918826,0.07306919807799586,0.03824378429157113,0.3468633295574925,0.6173505458874611
elastic_net,0.5,98,0.0,0.6168201417978295,0.616696363907353,0.07788541389856422,0.04276810178142457,0.3296366658595113,0.5939067569526384
elastic_net,0.6,117,0.0,0.6125341510586039,0.6192756592942499,0.0849592116887758,0.04976713743386102,0.32419153509765175,0.5765864731655215
elastic_net,0.7000000000000001,137,0.0,0.61291643286565,0.6192756592942499,0.07971972913792023,0.04721050492590151,0.32462040351838245,0.5386295202794931
elastic_net,0.8,156,0.0,0.607097217348806,0.6136891458347558,0.08048684715740761,0.046747053447684095,0.3137682452869182,0.5047163558012638
elastic_net,0.9,176,0.0,0.6015728178637301,0.5966671987291698,0.07437484498209895,0.039735187235124925,0.3178899390780193,0.4377974359252727
elastic_net,1.0,195,0.02564102564102564,0.5759256226039177,0.5929562006692969,0.09149673684124418,0.03942653896871706,0.22126648677817584,0.18264469326046018
always_best,0.1,20,0.0,0.5776757409956105,0.5235688628203299,0.07428408092243391,0.0,0.21944199666991068,0.0
always_best,0.2,39,0.0,0.5734725251524476,0.5444273349218336,0.06827049677418276,0.016652561021209156,0.24850902407462983,0.0
always_best,0.30000000000000004,59,0.0,0.5912847828144336,0.5583762330427523,0.06037824770184075,0.01269362503598287,0.2747208693898152,0.0
always_best,0.4,78,0.0,0.5757716838975028,0.5413081466605216,0.059382540697788574,0.017969934556667566,0.2823549761754147,0.0
always_best,0.5,98,0.0,0.5927228463005577,0.5532276985223008,0.060842803763013625,0.01756947862990707,0.29207036959078264,0.0
always_best,0.6,117,0.0,0.6069888748818733,0.5739391667806554,0.0574288576171124,0.016652561021209156,0.3102047235991045,0.0
always_best,0.7000000000000001,137,0.0,0.5990413033485613,0.5648973194468099,0.06540330270099697,0.01716917116287492,0.31868249191368786,0.0
always_best,0.8,156,0.0,0.6051320301674469,0.593514217837408,0.06491234315394429,0.01566619816424558,0.3277782695627607,0.0
always_best,0.9,176,0.0,0.5944856396064574,0.5798699655396358,0.06461767597159108,0.016910866092042037,0.31334772104320036,0.0
always_best,1.0,195,0.0,0.6045666461323685,0.5944204498614022,0.0628557133127932,0.014504608524957718,0.31994486745358447,0.0
random,0.1,20,0.1,0.44611622539836493,0.4412297428278391,0.1253089555515574,0.0613455651435985,0.0446397904620394,0.895094626922562
random,0.2,39,0.1282051282051282,0.4815355009620392,0.550102574435789,0.17327381291693156,0.09192624034691388,-0.029322987041613024,0.7950108093782103
random,0.30000000000000004,59,0.11864406779661017,0.44328945991206203,0.4471952505323734,0.20751610407465518,0.10928120197021485,-0.026319165255963072,0.6911439463560849
random,0.4,78,0.1282051282051282,0.43225918269320074,0.44597223231584565,0.21826145621154247,0.11087994565454756,-0.03836861013008059,0.5738713051038913
random,0.5,98,0.12244897959183673,0.4253010163499247,0.44597223231584565,0.21789642424417865,0.11507860743081211,-0.035047827317254886,0.4642265014750706
random,0.6,117,0.1111111111111111,0.41852185466245373,0.4346908682541016,0.23286156514355866,0.15535577316857457,-0.0245147643469693,0.3625235508719056
random,0.7000000000000001,137,0.11678832116788321,0.40950061488933004,0.4309305102280851,0.2384927385998363,0.15535577316857457,-0.03504075703975924,0.2555258412471083
random,0.8,156,0.12179487179487179,0.4272186203198252,0.447481933966975,0.23704313784663883,0.1272920940058147,-0.043661424682308506,0.16565079180508768
random,0.9,176,0.11363636363636363,0.441575306038231,0.47456876981108054,0.2340133138112965,0.12105697733699813,-0.04182859274124148,0.08239334030798595
random,1.0,195,0.1076923076923077,0.4424476188633774,0.468913206850426,0.22497474058178443,0.11975151705917797,-0.03400646860181855,0.0022817170768523187
oracle,0.1,20,0.0,1.036967048212818,0.9964801389399416,0.0,0.0,0.9580648306002907,0.952068387929748
oracle,0.2,39,0.0,0.9685139830529393,0.952068387929748,0.0,0.0,0.8702560616228174,0.8606596616932808
oracle,0.30000000000000004,59,0.0,0.9245171581962631,0.8969411225015833,0.0,0.0,0.8279013031458704,0.8029776375885939
oracle,0.4,78,0.0,0.8835533193024856,0.8596505906584664,0.0,0.0,0.7492081175124097,0.7220302052401382
oracle,0.5,98,0.0,0.8444808843219757,0.8389370028708489,0.0,0.0,0.6920983878979882,0.6656482112106865
oracle,0.6,117,0.0,0.8100020886422189,0.8029776375885939,0.0,0.0,0.6400877069157298,0.6105478642156442
oracle,0.7000000000000001,137,0.0,0.7755403257087438,0.7520311885553355,0.0,0.0,0.5867227859732681,0.5423895932580579
oracle,0.8,156,0.0,0.742074964405444,0.7201975986468525,0.0,0.0,0.5252128729826241,0.4756629651330509
oracle,0.9,176,0.0,0.7085454406773855,0.6932850066110949,0.0,0.0,0.46820938847959553,0.3982244884098689
oracle,1.0,195,0.0,0.6674223594451618,0.6656482112106865,0.0,0.0,0.3688119396040329,0.0561814921920976
msa_depth,0.1,20,0.0,0.6292551827477771,0.5632173325226668,0.042915731611441445,0.008626653419444033,0.3485284197963125,50901.4
msa_depth,0.2,39,0.0,0.6242084985899926,0.5680584320025812,0.0891917207961287,0.01269362503598287,0.37180857719908733,34681.1
msa_depth,0.30000000000000004,59,0.0,0.6348369628137863,0.6346781431518891,0.0878522115046094,0.01900990251742235,0.37991284521723623,17050.6
msa_depth,0.4,78,0.0,0.638627422095527,0.6093801472598237,0.08600707692495337,0.018089536840148635,0.38521206750512643,10460.9
msa_depth,0.5,98,0.0,0.6464737881281319,0.6298889398323778,0.07626312641122532,0.004023648735522509,0.37256515250993366,6544.3
msa_depth,0.6,117,0.0,0.6437202665703479,0.6422743921328842,0.07056460932697423,0.012519670984430409,0.37784207571086387,3472.5
msa_depth,0.7000000000000001,137,0.0,0.6216263656678258,0.6192756592942499,0.07066153614978896,0.018437156626292972,0.34007874705514746,1584.2
msa_depth,0.8,156,0.0,0.6209135487920782,0.6035099326936525,0.06456384285727736,0.01566619816424558,0.34132419748622433,1017.9
msa_depth,0.9,176,0.0,0.6168193174081492,0.608528218182956,0.06479590791908918,0.01566619816424558,0.3351756108954871,170.2
msa_depth,1.0,195,0.0,0.6045666461323685,0.5944204498614022,0.0628557133127932,0.014504608524957718,0.31994486745358447,2.2
score_dispersion,0.1,20,0.0,0.5237195135849583,0.489588208710632,0.03687127477337439,0.0,0.19683146328009177,0.1188561927778529
score_dispersion,0.2,39,0.0,0.5592038159284338,0.5166365316718061,0.03257561900040891,0.0,0.24332144243729506,0.108339894953951
score_dispersion,0.30000000000000004,59,0.0,0.565993372887319,0.5250501590071296,0.030694323738266666,0.0006310176945278356,0.2864930049528547,0.095210255956002
score_dispersion,0.4,78,0.0,0.5930146060475997,0.5732586558984739,0.03494015104470279,0.0026191760823000565,0.3223014902956063,0.0850253965512726
score_dispersion,0.5,98,0.0,0.5991360799785759,0.589204375056015,0.04181435813409408,0.007036120570554694,0.29398311485369294,0.0773428062968299
score_dispersion,0.6,117,0.0,0.5938231902432531,0.5926079858134138,0.04864399139200242,0.01269362503598287,0.2964041223355041,0.0721118343676121
score_dispersion,0.7000000000000001,137,0.0,0.5899542167930025,0.5858007642986163,0.051181311111131195,0.014096671010905226,0.2969077351940491,0.0643892911898908
score_dispersion,0.8,156,0.0,0.6000988199757319,0.593514217837408,0.054460140533005075,0.01260664801020664,0.3125385448733278,0.0578563610622996
score_dispersion,0.9,176,0.0,0.6025860474765146,0.5981614705027819,0.06256053378606716,0.016910866092042037,0.3145551088915774,0.0478209440634317
score_dispersion,1.0,195,0.0,0.6045666461323685,0.5944204498614022,0.0628557133127932,0.014504608524957718,0.31994486745358447,0.0129904310429433
ensemble_agreement,0.1,20,0.0,0.712845482657783,0.7505500578871018,0.08362704088499522,0.07611903819415533,0.3946534489326492,0.9236110340578276
ensemble_agreement,0.2,39,0.0,0.6726527764904944,0.6842534496044572,0.07041165868982763,0.03674618751475045,0.3977502927243477,0.8954234600123241
ensemble_agreement,0.30000000000000004,59,0.0,0.6714894390282291,0.6842534496044572,0.06107301678976241,0.02328864080761417,0.38694572691090673,0.878834006371662
ensemble_agreement,0.4,78,0.0,0.6378736675745978,0.6341590484120521,0.062466786432705264,0.03138533999859783,0.35619593801072114,0.8677656474244051
ensemble_agreement,0.5,98,0.0,0.6464968387229202,0.654758975356504,0.06411645534199244,0.02509977798611257,0.37352233270920526,0.8502008135436282
ensemble_agreement,0.6,117,0.0,0.6423658121238066,0.6422743921328842,0.06209427363982125,0.030617263350990687,0.3685954080075149,0.8392227087627823
ensemble_agreement,0.7000000000000001,137,0.0,0.6271795561935987,0.6199756830413491,0.06249323431650111,0.03111323360812107,0.3489768945839576,0.8168682670952723
ensemble_agreement,0.8,156,0.0,0.6194896123094725,0.6194137323549562,0.062013825789033236,0.02509977798611257,0.3428033541089383,0.771261843278782
ensemble_agreement,0.9,176,0.0,0.614034004265872,0.6086069383979524,0.06247242804049735,0.017969934556667566,0.3329261209747238,0.6677219823768462
ensemble_agreement,1.0,195,0.0,0.6045666461323685,0.5944204498614022,0.0628557133127932,0.014504608524957718,0.31994486745358447,0.5512837694420035
