assay_id,filename,uniprot_id,taxon,selection_type,coarse_selection_type,protein_length,total_rows,finite_rows,single_variants,multiple_variants,mutated_positions,unique_scores,invalid_mutation_codes,reference_mismatches,mutated_sequence_mismatches,duplicate_single_variants,eligible,exclusion_reasons
A0A140D2T1_ZIKV_Sourisseau_2019,A0A140D2T1_ZIKV_Sourisseau_2019.csv,A0A140D2T1_ZIKV,Virus,Growth,OrganismalFitness,3423,9576,9576,9576,0,504,9576,0,0,0,0,True,
A0A192B1T2_9HIV1_Haddox_2018,A0A192B1T2_9HIV1_Haddox_2018.csv,A0A192B1T2_9HIV1,Virus,Growth,OrganismalFitness,852,12577,12577,12577,0,662,12577,0,0,0,0,True,
A0A1I9GEU1_NEIME_Kennouche_2019,A0A1I9GEU1_NEIME_Kennouche_2019.csv,A0A1I9GEU1_NEIME,Prokaryote,nan,Activity,161,922,922,922,0,161,842,0,0,0,0,True,
A0A247D711_LISMN_Stadelmann_2021,A0A247D711_LISMN_Stadelmann_2021.csv,A0A247D711_LISMN,Prokaryote,Flow cytometry,Activity,87,1653,1653,1653,0,87,1630,0,0,0,0,True,
A0A2Z5U3Z0_9INFA_Doud_2016,A0A2Z5U3Z0_9INFA_Doud_2016.csv,A0A2Z5U3Z0_9INFA,Virus,Growth,OrganismalFitness,565,10715,10715,10715,0,564,10715,0,0,0,0,True,
A0A2Z5U3Z0_9INFA_Wu_2014,A0A2Z5U3Z0_9INFA_Wu_2014.csv,A0A2Z5U3Z0_9INFA,Virus,Growth,OrganismalFitness,565,2350,2350,2350,0,552,2229,0,0,0,0,True,
A4D664_9INFA_Soh_2019,A4D664_9INFA_Soh_2019.csv,A4D664_9INFA,Virus,Growth,OrganismalFitness,759,14421,14421,14421,0,759,14421,0,0,0,0,True,
A4GRB6_PSEAI_Chen_2020,A4GRB6_PSEAI_Chen_2020.csv,A4GRB6_PSEAI,Prokaryote,Antibiotics resistance,OrganismalFitness,266,5004,5004,5004,0,266,5003,0,0,0,0,True,
A4_HUMAN_Seuma_2022,A4_HUMAN_Seuma_2022.csv,A4_HUMAN,Human,survival assessment assay,Stability,770,14811,14811,796,14015,42,796,0,0,0,0,True,
AACC1_PSEAI_Dandage_2018,AACC1_PSEAI_Dandage_2018.csv,AACC1_PSEAI,Prokaryote,Antibiotics resistance,OrganismalFitness,177,1801,1801,1801,0,161,1800,0,0,0,0,True,
ACE2_HUMAN_Chan_2020,ACE2_HUMAN_Chan_2020.csv,ACE2_HUMAN,Human,Flow Cytometry Assay,Binding,805,2223,2223,2223,0,117,2223,0,0,0,0,True,
ADRB2_HUMAN_Jones_2020,ADRB2_HUMAN_Jones_2020.csv,ADRB2_HUMAN,Human,Receptor activity,Activity,413,7800,7800,7800,0,412,7800,0,0,0,0,True,
AICDA_HUMAN_Gajula_2014_3cycles,AICDA_HUMAN_Gajula_2014_3cycles.csv,AICDA_HUMAN,Human,bulk RNA-sequencing,Activity,198,209,209,209,0,11,181,0,0,0,0,False,too_few_single_variants;too_few_positions
AMFR_HUMAN_Tsuboyama_2023_4G3O,AMFR_HUMAN_Tsuboyama_2023_4G3O.csv,AMFR_HUMAN,Human,cDNA display proteolysis,Stability,47,2972,2972,820,2152,47,820,0,0,0,0,True,
AMIE_PSEAE_Wrenbeck_2017,AMIE_PSEAE_Wrenbeck_2017.csv,AMIE_PSEAE,Prokaryote,Growth,Activity,346,6227,6227,6227,0,341,4023,0,0,0,0,True,
ANCSZ_Hobbs_2022,ANCSZ_Hobbs_2022.csv,ANCSZ,Eukaryote,enzymatic activity,Activity,627,4670,4670,4670,0,274,4667,0,0,0,0,True,
ARGR_ECOLI_Tsuboyama_2023_1AOY,ARGR_ECOLI_Tsuboyama_2023_1AOY.csv,ARGR_ECOLI,Prokaryote,cDNA display proteolysis,Stability,69,1287,1287,1287,0,69,1287,0,0,0,0,True,
B2L11_HUMAN_Dutta_2010_binding-Mcl-1,B2L11_HUMAN_Dutta_2010_binding-Mcl-1.csv,B2L11_HUMAN,Human,FACS,Binding,198,170,170,170,0,10,170,0,0,0,0,False,too_few_single_variants;too_few_positions
BBC1_YEAST_Tsuboyama_2023_1TG0,BBC1_YEAST_Tsuboyama_2023_1TG0.csv,BBC1_YEAST,Eukaryote,cDNA display proteolysis,Stability,64,2069,2069,1084,985,64,1084,0,0,0,0,True,
BCHB_CHLTE_Tsuboyama_2023_2KRU,BCHB_CHLTE_Tsuboyama_2023_2KRU.csv,BCHB_CHLTE,Prokaryote,cDNA display proteolysis,Stability,52,1572,1572,890,682,52,890,0,0,0,0,True,
BLAT_ECOLX_Deng_2012,BLAT_ECOLX_Deng_2012.csv,BLAT_ECOLX,Prokaryote,Amp resistance,OrganismalFitness,286,4996,4996,4996,0,263,3704,0,0,0,0,True,
BLAT_ECOLX_Firnberg_2014,BLAT_ECOLX_Firnberg_2014.csv,BLAT_ECOLX,Prokaryote,Growth,OrganismalFitness,286,4783,4783,4783,0,263,2736,0,0,0,0,True,
BLAT_ECOLX_Jacquier_2013,BLAT_ECOLX_Jacquier_2013.csv,BLAT_ECOLX,Prokaryote,Amoxicillin resistance,OrganismalFitness,286,989,989,989,0,263,84,0,0,0,0,True,
BLAT_ECOLX_Stiffler_2015,BLAT_ECOLX_Stiffler_2015.csv,BLAT_ECOLX,Prokaryote,Growth,OrganismalFitness,286,4996,4996,4996,0,263,4996,0,0,0,0,True,
BRCA1_HUMAN_Findlay_2018,BRCA1_HUMAN_Findlay_2018.csv,BRCA1_HUMAN,Human,Growth,OrganismalFitness,1863,1837,1837,1837,0,326,1837,0,0,0,0,True,
BRCA2_HUMAN_Erwood_2022_HEK293T,BRCA2_HUMAN_Erwood_2022_HEK293T.csv,BRCA2_HUMAN,Human,Growth,OrganismalFitness,3418,265,265,265,0,53,265,0,0,0,0,False,too_few_single_variants
C6KNH7_9INFA_Lee_2018,C6KNH7_9INFA_Lee_2018.csv,C6KNH7_9INFA,Virus,Growth,OrganismalFitness,566,10754,10754,10754,0,566,10754,0,0,0,0,True,
CALM1_HUMAN_Weile_2017,CALM1_HUMAN_Weile_2017.csv,CALM1_HUMAN,Human,complementation,OrganismalFitness,149,1813,1813,1813,0,148,1802,0,0,0,0,True,
CAPSD_AAV2S_Sinai_2021,CAPSD_AAV2S_Sinai_2021.csv,CAPSD_AAV2S,Virus,nan,OrganismalFitness,735,42328,42328,532,41796,28,532,0,0,0,0,True,
CAR11_HUMAN_Meitlis_2020_gof,CAR11_HUMAN_Meitlis_2020_gof.csv,CAR11_HUMAN,Human,survival assessment assay,OrganismalFitness,1154,2374,2374,2374,0,141,2374,0,0,0,0,True,
CAR11_HUMAN_Meitlis_2020_lof,CAR11_HUMAN_Meitlis_2020_lof.csv,CAR11_HUMAN,Human,survival assessment assay,OrganismalFitness,1154,2395,2395,2395,0,141,2395,0,0,0,0,True,
CAS9_STRP1_Spencer_2017_positive,CAS9_STRP1_Spencer_2017_positive.csv,CAS9_STRP1,Prokaryote,Flow cytometry,Activity,1368,8117,8117,8117,0,1368,8112,0,0,0,0,True,
CASP3_HUMAN_Roychowdhury_2020,CASP3_HUMAN_Roychowdhury_2020.csv,CASP3_HUMAN,Human,nan,Activity,258,1567,1567,1567,0,257,1567,0,0,0,0,True,
CASP7_HUMAN_Roychowdhury_2020,CASP7_HUMAN_Roychowdhury_2020.csv,CASP7_HUMAN,Human,nan,Activity,281,1680,1680,1680,0,280,1680,0,0,0,0,True,
CATR_CHLRE_Tsuboyama_2023_2AMI,CATR_CHLRE_Tsuboyama_2023_2AMI.csv,CATR_CHLRE,Eukaryote,cDNA display proteolysis,Stability,72,1903,1903,1340,563,72,1340,0,0,0,0,True,
CBPA2_HUMAN_Tsuboyama_2023_1O6X,CBPA2_HUMAN_Tsuboyama_2023_1O6X.csv,CBPA2_HUMAN,Human,cDNA display proteolysis,Stability,72,2068,2068,1357,711,72,1357,0,0,0,0,True,
CBS_HUMAN_Sun_2020,CBS_HUMAN_Sun_2020.csv,CBS_HUMAN,Human,Growth,OrganismalFitness,551,7217,7217,7217,0,549,5342,0,0,0,0,True,
CBX4_HUMAN_Tsuboyama_2023_2K28,CBX4_HUMAN_Tsuboyama_2023_2K28.csv,CBX4_HUMAN,Human,cDNA display proteolysis,Stability,50,2282,2282,917,1365,50,917,0,0,0,0,True,
CCDB_ECOLI_Adkar_2012,CCDB_ECOLI_Adkar_2012.csv,CCDB_ECOLI,Prokaryote,toxin activity,Activity,101,1176,1176,1176,0,100,49,0,0,0,0,True,
CCDB_ECOLI_Tripathi_2016,CCDB_ECOLI_Tripathi_2016.csv,CCDB_ECOLI,Prokaryote,Growth,OrganismalFitness,101,1663,1663,1663,0,100,8,0,0,0,0,False,too_few_unique_scores
CCR5_HUMAN_Gill_2023,CCR5_HUMAN_Gill_2023.csv,CCR5_HUMAN,Human,FACS,Binding,352,6137,6137,6137,0,323,955,0,0,0,0,True,
CD19_HUMAN_Klesmith_2019_FMC_singles,CD19_HUMAN_Klesmith_2019_FMC_singles.csv,CD19_HUMAN,Human,FACS,Binding,556,3761,3761,3761,0,272,1815,0,0,0,0,True,
CP2C9_HUMAN_Amorosi_2021_abundance,CP2C9_HUMAN_Amorosi_2021_abundance.csv,CP2C9_HUMAN,Human,protein abundance,Expression,490,6370,6370,6370,0,486,6370,0,0,0,0,True,
CP2C9_HUMAN_Amorosi_2021_activity,CP2C9_HUMAN_Amorosi_2021_activity.csv,CP2C9_HUMAN,Human,"Activity, binding",Binding,490,6142,6142,6142,0,477,6135,0,0,0,0,True,
CSN4_MOUSE_Tsuboyama_2023_1UFM,CSN4_MOUSE_Tsuboyama_2023_1UFM.csv,CSN4_MOUSE,Eukaryote,cDNA display proteolysis,Stability,72,3295,3295,1353,1942,72,1353,0,0,0,0,True,
CUE1_YEAST_Tsuboyama_2023_2MYX,CUE1_YEAST_Tsuboyama_2023_2MYX.csv,CUE1_YEAST,Eukaryote,cDNA display proteolysis,Stability,52,1580,1580,955,625,52,955,0,0,0,0,True,
D7PM05_CLYGR_Somermeyer_2022,D7PM05_CLYGR_Somermeyer_2022.csv,D7PM05_CLYGR,Eukaryote,FACS,Activity,235,24515,24515,1169,23346,234,1082,0,0,0,0,True,
DLG4_HUMAN_Faure_2021,DLG4_HUMAN_Faure_2021.csv,DLG4_HUMAN,Human,Growth,OrganismalFitness,724,6976,6976,1280,5696,84,1250,0,0,0,0,True,
DLG4_RAT_McLaughlin_2012,DLG4_RAT_McLaughlin_2012.csv,DLG4_RAT,Eukaryote,Binding,Binding,724,1576,1576,1576,0,83,1565,0,0,0,0,True,
DN7A_SACS2_Tsuboyama_2023_1JIC,DN7A_SACS2_Tsuboyama_2023_1JIC.csv,DN7A_SACS2,Prokaryote,cDNA display proteolysis,Stability,55,1008,1008,1008,0,55,1008,0,0,0,0,True,
DNJA1_HUMAN_Tsuboyama_2023_2LO1,DNJA1_HUMAN_Tsuboyama_2023_2LO1.csv,DNJA1_HUMAN,Human,cDNA display proteolysis,Stability,65,2264,2264,1216,1048,65,1216,0,0,0,0,True,
DOCK1_MOUSE_Tsuboyama_2023_2M0Y,DOCK1_MOUSE_Tsuboyama_2023_2M0Y.csv,DOCK1_MOUSE,Eukaryote,cDNA display proteolysis,Stability,66,2915,2915,1213,1702,66,1213,0,0,0,0,True,
DYR_ECOLI_Nguyen_2023,DYR_ECOLI_Nguyen_2023.csv,DYR_ECOLI,Prokaryote,Growth,OrganismalFitness,159,2916,2916,2916,0,158,145,0,0,0,0,True,
DYR_ECOLI_Thompson_2019,DYR_ECOLI_Thompson_2019.csv,DYR_ECOLI,Prokaryote,Growth,OrganismalFitness,159,2363,2363,2363,0,157,2360,0,0,0,0,True,
ENVZ_ECOLI_Ghose_2023,ENVZ_ECOLI_Ghose_2023.csv,ENVZ_ECOLI,Prokaryote,FACS,Activity,60,1121,1121,1121,0,60,1099,0,0,0,0,True,
ENV_HV1B9_DuenasDecamp_2016,ENV_HV1B9_DuenasDecamp_2016.csv,ENV_HV1B9,Virus,Growth,OrganismalFitness,853,375,375,375,0,20,117,0,0,0,0,False,too_few_single_variants
ENV_HV1BR_Haddox_2016,ENV_HV1BR_Haddox_2016.csv,ENV_HV1BR,Virus,Growth,OrganismalFitness,861,12863,12863,12863,0,677,12863,0,0,0,0,True,
EPHB2_HUMAN_Tsuboyama_2023_1F0M,EPHB2_HUMAN_Tsuboyama_2023_1F0M.csv,EPHB2_HUMAN,Human,cDNA display proteolysis,Stability,66,1960,1960,1239,721,66,1239,0,0,0,0,True,
ERBB2_HUMAN_Elazar_2016,ERBB2_HUMAN_Elazar_2016.csv,ERBB2_HUMAN,Human,TOXCAT-Beta-lactamase (TbL) screen,Expression,1255,326,326,326,0,23,323,0,0,0,0,False,too_few_single_variants
ESTA_BACSU_Nutschel_2020,ESTA_BACSU_Nutschel_2020.csv,ESTA_BACSU,Prokaryote,thermostability,Stability,212,2172,2172,2172,0,168,877,0,0,0,0,True,
F7YBW8_MESOW_Aakre_2015,F7YBW8_MESOW_Aakre_2015.csv,F7YBW8_MESOW,Prokaryote,Growth (antitoxin neutralization of ParE3),OrganismalFitness,93,9192,9192,37,9155,4,37,0,0,0,0,False,too_few_single_variants;too_few_positions
F7YBW8_MESOW_Ding_2023,F7YBW8_MESOW_Ding_2023.csv,F7YBW8_MESOW,Prokaryote,nan,OrganismalFitness,93,7922,7922,80,7842,10,80,0,0,0,0,False,too_few_single_variants;too_few_positions
FECA_ECOLI_Tsuboyama_2023_2D1U,FECA_ECOLI_Tsuboyama_2023_2D1U.csv,FECA_ECOLI,Prokaryote,cDNA display proteolysis,Stability,72,1886,1886,1219,667,72,1219,0,0,0,0,True,
FKBP3_HUMAN_Tsuboyama_2023_2KFV,FKBP3_HUMAN_Tsuboyama_2023_2KFV.csv,FKBP3_HUMAN,Human,cDNA display proteolysis,Stability,69,1237,1237,1237,0,69,1237,0,0,0,0,True,
GAL4_YEAST_Kitzman_2015,GAL4_YEAST_Kitzman_2015.csv,GAL4_YEAST,Eukaryote,Growth,OrganismalFitness,881,1195,1195,1195,0,64,829,0,0,0,0,True,
GCN4_YEAST_Staller_2018,GCN4_YEAST_Staller_2018.csv,GCN4_YEAST,Eukaryote,FACS,Binding,281,2638,2638,33,2605,21,33,0,0,0,0,False,too_few_single_variants
GDIA_HUMAN_Silverstein_2021,GDIA_HUMAN_Silverstein_2021.csv,GDIA_HUMAN,Human,Growth,OrganismalFitness,447,1154,1154,1154,0,445,1132,0,0,0,0,True,
GFP_AEQVI_Sarkisyan_2016,GFP_AEQVI_Sarkisyan_2016.csv,GFP_AEQVI,Eukaryote,FACS,Activity,238,51714,51714,1084,50630,233,1084,0,0,0,0,True,
GLPA_HUMAN_Elazar_2016,GLPA_HUMAN_Elazar_2016.csv,GLPA_HUMAN,Human,TOXCAT-Beta-lactamase (TbL) screen,Expression,150,245,245,245,0,15,245,0,0,0,0,False,too_few_single_variants;too_few_positions
GRB2_HUMAN_Faure_2021,GRB2_HUMAN_Faure_2021.csv,GRB2_HUMAN,Human,Growth,OrganismalFitness,217,63366,63366,1034,62332,55,1034,0,0,0,0,True,
HCP_LAMBD_Tsuboyama_2023_2L6Q,HCP_LAMBD_Tsuboyama_2023_2L6Q.csv,HCP_LAMBD,Virus,cDNA display proteolysis,Stability,55,1040,1040,1040,0,55,1040,0,0,0,0,True,
HECD1_HUMAN_Tsuboyama_2023_3DKM,HECD1_HUMAN_Tsuboyama_2023_3DKM.csv,HECD1_HUMAN,Human,cDNA display proteolysis,Stability,72,5586,5586,1244,4342,72,1244,0,0,0,0,True,
HEM3_HUMAN_Loggerenberg_2023,HEM3_HUMAN_Loggerenberg_2023.csv,HEM3_HUMAN,Human,Yeast complementation,Activity,361,5689,5689,5689,0,342,4552,0,0,0,0,True,
HIS7_YEAST_Pokusaeva_2019,HIS7_YEAST_Pokusaeva_2019.csv,HIS7_YEAST,Eukaryote,Growth,OrganismalFitness,220,496137,496137,168,495969,91,166,0,0,0,0,False,too_few_single_variants
HMDH_HUMAN_Jiang_2019,HMDH_HUMAN_Jiang_2019.csv,HMDH_HUMAN,Human,Resistance to statin inhibition,OrganismalFitness,888,16853,16853,16853,0,887,7907,0,0,0,0,True,
HSP82_YEAST_Cote-Hammarlof_2020_growth-H2O2,HSP82_YEAST_Cote-Hammarlof_2020_growth-H2O2.csv,HSP82_YEAST,Eukaryote,nan,OrganismalFitness,709,2252,2252,2252,0,119,2252,0,0,0,0,True,
HSP82_YEAST_Flynn_2019,HSP82_YEAST_Flynn_2019.csv,HSP82_YEAST,Eukaryote,nan,OrganismalFitness,709,13294,13294,13294,0,707,13068,0,0,0,0,True,
HSP82_YEAST_Mishra_2016,HSP82_YEAST_Mishra_2016.csv,HSP82_YEAST,Eukaryote,Growth,OrganismalFitness,709,4323,4323,4323,0,229,4313,0,0,0,0,True,
HXK4_HUMAN_Gersing_2022_activity,HXK4_HUMAN_Gersing_2022_activity.csv,HXK4_HUMAN,Human,enzymatic activity,OrganismalFitness,465,8570,8570,8570,0,464,8570,0,0,0,0,True,
HXK4_HUMAN_Gersing_2023_abundance,HXK4_HUMAN_Gersing_2023_abundance.csv,HXK4_HUMAN,Human,Growth,Expression,465,8396,8396,8396,0,463,8396,0,0,0,0,True,
I6TAH8_I68A0_Doud_2015,I6TAH8_I68A0_Doud_2015.csv,I6TAH8_I68A0,Virus,Growth,OrganismalFitness,498,9462,9462,9462,0,498,9462,0,0,0,0,True,
IF1_ECOLI_Kelsic_2016,IF1_ECOLI_Kelsic_2016.csv,IF1_ECOLI,Prokaryote,Growth,OrganismalFitness,72,1367,1367,1367,0,72,918,0,0,0,0,True,
ILF3_HUMAN_Tsuboyama_2023_2L33,ILF3_HUMAN_Tsuboyama_2023_2L33.csv,ILF3_HUMAN,Human,cDNA display proteolysis,Stability,71,1329,1329,1329,0,71,1329,0,0,0,0,True,
ISDH_STAAW_Tsuboyama_2023_2LHR,ISDH_STAAW_Tsuboyama_2023_2LHR.csv,ISDH_STAAW,Prokaryote,cDNA display proteolysis,Stability,55,1944,1944,940,1004,55,940,0,0,0,0,True,
KCNE1_HUMAN_Muhammad_2023_expression,KCNE1_HUMAN_Muhammad_2023_expression.csv,KCNE1_HUMAN,Human,FACS,Expression,129,2339,2339,2339,0,127,2339,0,0,0,0,True,
KCNE1_HUMAN_Muhammad_2023_function,KCNE1_HUMAN_Muhammad_2023_function.csv,KCNE1_HUMAN,Human,Growth,Activity,129,2315,2315,2315,0,127,2315,0,0,0,0,True,
KCNH2_HUMAN_Kozek_2020,KCNH2_HUMAN_Kozek_2020.csv,KCNH2_HUMAN,Human,Voltage,Activity,1159,200,200,200,0,11,200,0,0,0,0,False,too_few_single_variants;too_few_positions
KCNJ2_MOUSE_Coyote-Maestas_2022_function,KCNJ2_MOUSE_Coyote-Maestas_2022_function.csv,KCNJ2_MOUSE,Eukaryote,FACS,Activity,428,6963,6963,6963,0,391,6953,0,0,0,0,True,
KCNJ2_MOUSE_Coyote-Maestas_2022_surface,KCNJ2_MOUSE_Coyote-Maestas_2022_surface.csv,KCNJ2_MOUSE,Eukaryote,FACS,Expression,428,6917,6917,6917,0,391,6914,0,0,0,0,True,
KKA2_KLEPN_Melnikov_2014,KKA2_KLEPN_Melnikov_2014.csv,KKA2_KLEPN,Prokaryote,Growth,OrganismalFitness,264,4960,4960,4960,0,264,4546,0,0,0,0,True,
LGK_LIPST_Klesmith_2015,LGK_LIPST_Klesmith_2015.csv,LGK_LIPST,Eukaryote,Growth,Activity,439,7890,7890,7890,0,439,4971,0,0,0,0,True,
LYAM1_HUMAN_Elazar_2016,LYAM1_HUMAN_Elazar_2016.csv,LYAM1_HUMAN,Human,TOXCAT-Beta-lactamase (TbL) screen,Expression,372,359,359,359,0,23,358,0,0,0,0,False,too_few_single_variants
MAFG_MOUSE_Tsuboyama_2023_1K1V,MAFG_MOUSE_Tsuboyama_2023_1K1V.csv,MAFG_MOUSE,Eukaryote,cDNA display proteolysis,Stability,41,1429,1429,762,667,41,762,0,0,0,0,True,
MBD11_ARATH_Tsuboyama_2023_6ACV,MBD11_ARATH_Tsuboyama_2023_6ACV.csv,MBD11_ARATH,Eukaryote,cDNA display proteolysis,Stability,66,2116,2116,1155,961,66,1155,0,0,0,0,True,
MET_HUMAN_Estevam_2023,MET_HUMAN_Estevam_2023.csv,MET_HUMAN,Human,Growth,Activity,287,5393,5393,5393,0,287,5393,0,0,0,0,True,
MK01_HUMAN_Brenan_2016,MK01_HUMAN_Brenan_2016.csv,MK01_HUMAN,Human,inhibitor resistance,OrganismalFitness,360,6809,6809,6809,0,359,6806,0,0,0,0,True,
MLAC_ECOLI_MacRae_2023,MLAC_ECOLI_MacRae_2023.csv,MLAC_ECOLI,Prokaryote,Growth,OrganismalFitness,211,4007,4007,4007,0,211,4006,0,0,0,0,True,
MSH2_HUMAN_Jia_2020,MSH2_HUMAN_Jia_2020.csv,MSH2_HUMAN,Human,nan,OrganismalFitness,934,16749,16749,16749,0,934,1076,0,0,0,0,True,
MTH3_HAEAE_RockahShmuel_2015,MTH3_HAEAE_RockahShmuel_2015.csv,MTH3_HAEAE,Prokaryote,Activity,OrganismalFitness,330,1777,1777,1777,0,329,123,0,0,0,0,True,
MTHR_HUMAN_Weile_2021,MTHR_HUMAN_Weile_2021.csv,MTHR_HUMAN,Human,nan,OrganismalFitness,656,12464,12464,12464,0,656,6268,0,0,0,0,True,
MYO3_YEAST_Tsuboyama_2023_2BTT,MYO3_YEAST_Tsuboyama_2023_2BTT.csv,MYO3_YEAST,Eukaryote,cDNA display proteolysis,Stability,61,3297,3297,947,2350,61,947,0,0,0,0,True,
NCAP_I34A1_Doud_2015,NCAP_I34A1_Doud_2015.csv,NCAP_I34A1,Virus,Growth,OrganismalFitness,498,9462,9462,9462,0,498,9462,0,0,0,0,True,
NKX31_HUMAN_Tsuboyama_2023_2L9R,NKX31_HUMAN_Tsuboyama_2023_2L9R.csv,NKX31_HUMAN,Human,cDNA display proteolysis,Stability,61,2482,2482,1149,1333,61,1149,0,0,0,0,True,
NPC1_HUMAN_Erwood_2022_HEK293T,NPC1_HUMAN_Erwood_2022_HEK293T.csv,NPC1_HUMAN,Human,Flow Cytometry Assay,Activity,1278,637,637,637,0,114,637,0,0,0,0,True,
NPC1_HUMAN_Erwood_2022_RPE1,NPC1_HUMAN_Erwood_2022_RPE1.csv,NPC1_HUMAN,Human,Flow Cytometry Assay,Activity,1278,63,63,63,0,12,63,0,0,0,0,False,too_few_single_variants;too_few_positions
NRAM_I33A0_Jiang_2016,NRAM_I33A0_Jiang_2016.csv,NRAM_I33A0,Virus,Growth,OrganismalFitness,453,298,298,298,0,50,298,0,0,0,0,False,too_few_single_variants
NUD15_HUMAN_Suiter_2020,NUD15_HUMAN_Suiter_2020.csv,NUD15_HUMAN,Human,"VAMP-seq, drug sensitivity",Expression,164,2844,2844,2844,0,163,2844,0,0,0,0,True,
NUSA_ECOLI_Tsuboyama_2023_1WCL,NUSA_ECOLI_Tsuboyama_2023_1WCL.csv,NUSA_ECOLI,Prokaryote,cDNA display proteolysis,Stability,69,2028,2028,1306,722,69,1306,0,0,0,0,True,
NUSG_MYCTU_Tsuboyama_2023_2MI6,NUSG_MYCTU_Tsuboyama_2023_2MI6.csv,NUSG_MYCTU,Prokaryote,cDNA display proteolysis,Stability,55,1380,1380,1019,361,55,1019,0,0,0,0,True,
OBSCN_HUMAN_Tsuboyama_2023_1V1C,OBSCN_HUMAN_Tsuboyama_2023_1V1C.csv,OBSCN_HUMAN,Human,cDNA display proteolysis,Stability,65,3197,3197,1213,1984,65,1213,0,0,0,0,True,
ODP2_GEOSE_Tsuboyama_2023_1W4G,ODP2_GEOSE_Tsuboyama_2023_1W4G.csv,ODP2_GEOSE,Prokaryote,cDNA display proteolysis,Stability,44,1134,1134,669,465,44,669,0,0,0,0,True,
OPSD_HUMAN_Wan_2019,OPSD_HUMAN_Wan_2019.csv,OPSD_HUMAN,Human,Flow Cytometry Assay,Expression,348,165,165,165,0,109,165,0,0,0,0,False,too_few_single_variants
OTC_HUMAN_Lo_2023,OTC_HUMAN_Lo_2023.csv,OTC_HUMAN,Human,nan,Activity,354,1570,1570,1570,0,322,791,0,0,0,0,True,
OTU7A_HUMAN_Tsuboyama_2023_2L2D,OTU7A_HUMAN_Tsuboyama_2023_2L2D.csv,OTU7A_HUMAN,Human,cDNA display proteolysis,Stability,42,635,635,635,0,42,635,0,0,0,0,True,
OXDA_RHOTO_Vanella_2023_activity,OXDA_RHOTO_Vanella_2023_activity.csv,OXDA_RHOTO,Eukaryote,FACS,Activity,364,6396,6396,6396,0,364,6357,0,0,0,0,True,
OXDA_RHOTO_Vanella_2023_expression,OXDA_RHOTO_Vanella_2023_expression.csv,OXDA_RHOTO,Eukaryote,FACS,Expression,364,6769,6769,6769,0,364,6769,0,0,0,0,True,
P53_HUMAN_Giacomelli_2018_Null_Etoposide,P53_HUMAN_Giacomelli_2018_Null_Etoposide.csv,P53_HUMAN,Human,Growth,OrganismalFitness,393,7467,7467,7467,0,393,7466,0,0,0,0,True,
P53_HUMAN_Giacomelli_2018_Null_Nutlin,P53_HUMAN_Giacomelli_2018_Null_Nutlin.csv,P53_HUMAN,Human,Growth,OrganismalFitness,393,7467,7467,7467,0,393,7466,0,0,0,0,True,
P53_HUMAN_Giacomelli_2018_WT_Nutlin,P53_HUMAN_Giacomelli_2018_WT_Nutlin.csv,P53_HUMAN,Human,Growth,OrganismalFitness,393,7467,7467,7467,0,393,7463,0,0,0,0,True,
P53_HUMAN_Kotler_2018,P53_HUMAN_Kotler_2018.csv,P53_HUMAN,Human,Growth,OrganismalFitness,393,1048,1048,1048,0,190,1048,0,0,0,0,True,
P84126_THETH_Chan_2017,P84126_THETH_Chan_2017.csv,P84126_THETH,Prokaryote,Growth,OrganismalFitness,254,1519,1519,1519,0,80,1514,0,0,0,0,True,
PABP_YEAST_Melamed_2013,PABP_YEAST_Melamed_2013.csv,PABP_YEAST,Eukaryote,Growth,OrganismalFitness,577,37708,37708,1187,36521,75,1182,0,0,0,0,True,
PAI1_HUMAN_Huttinger_2021,PAI1_HUMAN_Huttinger_2021.csv,PAI1_HUMAN,Human,phage fitness,Activity,402,5345,5345,5345,0,379,4955,0,0,0,0,True,
PA_I34A1_Wu_2015,PA_I34A1_Wu_2015.csv,PA_I34A1,Virus,Growth,OrganismalFitness,716,1820,1820,1820,0,674,1818,0,0,0,0,True,
PHOT_CHLRE_Chen_2023,PHOT_CHLRE_Chen_2023.csv,PHOT_CHLRE,Eukaryote,FACS,Activity,118,167529,167529,2122,165407,118,2121,0,0,0,0,True,
PIN1_HUMAN_Tsuboyama_2023_1I6C,PIN1_HUMAN_Tsuboyama_2023_1I6C.csv,PIN1_HUMAN,Human,cDNA display proteolysis,Stability,39,802,802,686,116,39,686,0,0,0,0,True,
PITX2_HUMAN_Tsuboyama_2023_2L7M,PITX2_HUMAN_Tsuboyama_2023_2L7M.csv,PITX2_HUMAN,Human,cDNA display proteolysis,Stability,52,1824,1824,938,886,52,938,0,0,0,0,True,
PKN1_HUMAN_Tsuboyama_2023_1URF,PKN1_HUMAN_Tsuboyama_2023_1URF.csv,PKN1_HUMAN,Human,cDNA display proteolysis,Stability,71,1301,1301,1301,0,71,1301,0,0,0,0,True,
POLG_CXB3N_Mattenberger_2021,POLG_CXB3N_Mattenberger_2021.csv,POLG_CXB3N,Virus,Growth,OrganismalFitness,2185,15711,15711,15711,0,851,15711,0,0,0,0,True,
POLG_DEN26_Suphatrakul_2023,POLG_DEN26_Suphatrakul_2023.csv,POLG_DEN26,Virus,Growth,OrganismalFitness,900,16897,16897,16897,0,900,16424,0,0,0,0,True,
POLG_HCVJF_Qi_2014,POLG_HCVJF_Qi_2014.csv,POLG_HCVJF,Virus,Growth,OrganismalFitness,3033,1630,1630,1630,0,86,792,0,0,0,0,True,
POLG_PESV_Tsuboyama_2023_2MXD,POLG_PESV_Tsuboyama_2023_2MXD.csv,POLG_PESV,Virus,cDNA display proteolysis,Stability,53,5130,5130,995,4135,53,995,0,0,0,0,True,
PPARG_HUMAN_Majithia_2016,PPARG_HUMAN_Majithia_2016.csv,PPARG_HUMAN,Human,FACS,Activity,505,9576,9576,9576,0,504,5862,0,0,0,0,True,
PPM1D_HUMAN_Miller_2022,PPM1D_HUMAN_Miller_2022.csv,PPM1D_HUMAN,Human,quantification and selection of GFP-positive cells by flow cytometry after DNA damage induced by daunorubicin,OrganismalFitness,605,7889,7889,7889,0,420,2405,0,0,0,0,True,
PR40A_HUMAN_Tsuboyama_2023_1UZC,PR40A_HUMAN_Tsuboyama_2023_1UZC.csv,PR40A_HUMAN,Human,cDNA display proteolysis,Stability,63,2033,2033,1163,870,63,1163,0,0,0,0,True,
PRKN_HUMAN_Clausen_2023,PRKN_HUMAN_Clausen_2023.csv,PRKN_HUMAN,Human,FACS,Expression,465,8756,8756,8756,0,465,8756,0,0,0,0,True,
PSAE_PICP2_Tsuboyama_2023_1PSE,PSAE_PICP2_Tsuboyama_2023_1PSE.csv,PSAE_PICP2,Prokaryote,cDNA display proteolysis,Stability,68,1579,1579,1219,360,68,1219,0,0,0,0,True,
PTEN_HUMAN_Matreyek_2021,PTEN_HUMAN_Matreyek_2021.csv,PTEN_HUMAN,Human,Protein stability,Expression,403,5083,5083,5083,0,383,5002,0,0,0,0,True,
PTEN_HUMAN_Mighell_2018,PTEN_HUMAN_Mighell_2018.csv,PTEN_HUMAN,Human,lipid phosphatase activity,Activity,403,7260,7260,7260,0,403,7230,0,0,0,0,True,
Q2N0S5_9HIV1_Haddox_2018,Q2N0S5_9HIV1_Haddox_2018.csv,Q2N0S5_9HIV1,Virus,Growth,OrganismalFitness,860,12729,12729,12729,0,670,12729,0,0,0,0,True,
Q53Z42_HUMAN_McShan_2019_binding-TAPBPR,Q53Z42_HUMAN_McShan_2019_binding-TAPBPR.csv,Q53Z42_HUMAN,Human,nan,Binding,365,3344,3344,3344,0,180,1083,0,0,0,0,True,
Q53Z42_HUMAN_McShan_2019_expression,Q53Z42_HUMAN_McShan_2019_expression.csv,Q53Z42_HUMAN,Human,nan,Expression,365,3344,3344,3344,0,180,1445,0,0,0,0,True,
Q59976_STRSQ_Romero_2015,Q59976_STRSQ_Romero_2015.csv,Q59976_STRSQ,Prokaryote,Activity,Activity,501,2999,2999,2999,0,500,1758,0,0,0,0,True,
Q6WV12_9MAXI_Somermeyer_2022,Q6WV12_9MAXI_Somermeyer_2022.csv,Q6WV12_9MAXI,Eukaryote,FACS,Activity,222,31401,31401,1141,30260,220,1141,0,0,0,0,True,
Q837P4_ENTFA_Meier_2023,Q837P4_ENTFA_Meier_2023.csv,Q837P4_ENTFA,Prokaryote,Growth,Activity,589,697,697,697,0,38,696,0,0,0,0,True,
Q837P5_ENTFA_Meier_2023,Q837P5_ENTFA_Meier_2023.csv,Q837P5_ENTFA,Prokaryote,Growth,Activity,571,747,747,747,0,41,747,0,0,0,0,True,
Q8WTC7_9CNID_Somermeyer_2022,Q8WTC7_9CNID_Somermeyer_2022.csv,Q8WTC7_9CNID,Eukaryote,FACS,Activity,238,33510,33510,1201,32309,234,1199,0,0,0,0,True,
R1AB_SARS2_Flynn_2022,R1AB_SARS2_Flynn_2022.csv,R1AB_SARS2,Virus,nan,OrganismalFitness,306,5725,5725,5725,0,303,5725,0,0,0,0,True,
RAD_ANTMA_Tsuboyama_2023_2CJJ,RAD_ANTMA_Tsuboyama_2023_2CJJ.csv,RAD_ANTMA,Eukaryote,cDNA display proteolysis,Stability,54,912,912,774,138,54,774,0,0,0,0,True,
RAF1_HUMAN_Zinkus-Boltz_2019,RAF1_HUMAN_Zinkus-Boltz_2019.csv,RAF1_HUMAN,Human,binding assays,OrganismalFitness,648,297,297,297,0,39,231,0,0,0,0,False,too_few_single_variants
RASH_HUMAN_Bandaru_2017,RASH_HUMAN_Bandaru_2017.csv,RASH_HUMAN,Human,activity,Activity,189,3134,3134,3134,0,165,3134,0,0,0,0,True,
RASK_HUMAN_Weng_2022_abundance,RASK_HUMAN_Weng_2022_abundance.csv,RASK_HUMAN,Human,nan,Expression,188,26012,26012,3066,22946,184,3066,0,0,0,0,True,
RASK_HUMAN_Weng_2022_binding-DARPin_K55,RASK_HUMAN_Weng_2022_binding-DARPin_K55.csv,RASK_HUMAN,Human,nan,Binding,188,24873,24873,3084,21789,185,3084,0,0,0,0,True,
RBP1_HUMAN_Tsuboyama_2023_2KWH,RBP1_HUMAN_Tsuboyama_2023_2KWH.csv,RBP1_HUMAN,Human,cDNA display proteolysis,Stability,52,1332,1332,975,357,52,975,0,0,0,0,True,
RCD1_ARATH_Tsuboyama_2023_5OAO,RCD1_ARATH_Tsuboyama_2023_5OAO.csv,RCD1_ARATH,Eukaryote,cDNA display proteolysis,Stability,57,1261,1261,988,273,57,988,0,0,0,0,True,
RCRO_LAMBD_Tsuboyama_2023_1ORC,RCRO_LAMBD_Tsuboyama_2023_1ORC.csv,RCRO_LAMBD,Virus,cDNA display proteolysis,Stability,63,2278,2278,1195,1083,63,1195,0,0,0,0,True,
RD23A_HUMAN_Tsuboyama_2023_1IFY,RD23A_HUMAN_Tsuboyama_2023_1IFY.csv,RD23A_HUMAN,Human,cDNA display proteolysis,Stability,44,1019,1019,798,221,44,798,0,0,0,0,True,
RDRP_I33A0_Li_2023,RDRP_I33A0_Li_2023.csv,RDRP_I33A0,Virus,Growth,OrganismalFitness,757,12003,12003,12003,0,754,11252,0,0,0,0,True,
REV_HV1H2_Fernandes_2016,REV_HV1H2_Fernandes_2016.csv,REV_HV1H2,Virus,Growth,OrganismalFitness,116,2147,2147,2147,0,113,2146,0,0,0,0,True,
RFAH_ECOLI_Tsuboyama_2023_2LCL,RFAH_ECOLI_Tsuboyama_2023_2LCL.csv,RFAH_ECOLI,Prokaryote,cDNA display proteolysis,Stability,55,1326,1326,969,357,55,969,0,0,0,0,True,
RL20_AQUAE_Tsuboyama_2023_1GYZ,RL20_AQUAE_Tsuboyama_2023_1GYZ.csv,RL20_AQUAE,Prokaryote,cDNA display proteolysis,Stability,59,1461,1461,1121,340,59,1121,0,0,0,0,True,
RL40A_YEAST_Mavor_2016,RL40A_YEAST_Mavor_2016.csv,RL40A_YEAST,Eukaryote,Growth,OrganismalFitness,128,1253,1253,1253,0,75,1099,0,0,0,0,True,
RL40A_YEAST_Roscoe_2013,RL40A_YEAST_Roscoe_2013.csv,RL40A_YEAST,Eukaryote,Growth,OrganismalFitness,128,1195,1195,1195,0,75,1195,0,0,0,0,True,
RL40A_YEAST_Roscoe_2014,RL40A_YEAST_Roscoe_2014.csv,RL40A_YEAST,Eukaryote,Binding,Activity,128,1380,1380,1380,0,75,1380,0,0,0,0,True,
RNC_ECOLI_Weeks_2023,RNC_ECOLI_Weeks_2023.csv,RNC_ECOLI,Prokaryote,FACS,Activity,226,4277,4277,4277,0,226,4277,0,0,0,0,True,
RPC1_BP434_Tsuboyama_2023_1R69,RPC1_BP434_Tsuboyama_2023_1R69.csv,RPC1_BP434,Virus,cDNA display proteolysis,Stability,61,1459,1459,1124,335,61,1124,0,0,0,0,True,
RPC1_LAMBD_Li_2019_high-expression,RPC1_LAMBD_Li_2019_high-expression.csv,RPC1_LAMBD,Virus,FACS,Activity,237,351,351,351,0,59,351,0,0,0,0,False,too_few_single_variants
RPC1_LAMBD_Li_2019_low-expression,RPC1_LAMBD_Li_2019_low-expression.csv,RPC1_LAMBD,Virus,FACS,Activity,237,351,351,351,0,59,351,0,0,0,0,False,too_few_single_variants
RS15_GEOSE_Tsuboyama_2023_1A32,RS15_GEOSE_Tsuboyama_2023_1A32.csv,RS15_GEOSE,Prokaryote,cDNA display proteolysis,Stability,63,1195,1195,1195,0,63,1195,0,0,0,0,True,
S22A1_HUMAN_Yee_2023_abundance,S22A1_HUMAN_Yee_2023_abundance.csv,S22A1_HUMAN,Human,FACS,Expression,553,9803,9803,9803,0,547,9803,0,0,0,0,True,
S22A1_HUMAN_Yee_2023_activity,S22A1_HUMAN_Yee_2023_activity.csv,S22A1_HUMAN,Human,Growth,Activity,553,10094,10094,10094,0,547,10094,0,0,0,0,True,
SAV1_MOUSE_Tsuboyama_2023_2YSB,SAV1_MOUSE_Tsuboyama_2023_2YSB.csv,SAV1_MOUSE,Eukaryote,cDNA display proteolysis,Stability,43,965,965,679,286,42,679,0,0,0,0,True,
SBI_STAAM_Tsuboyama_2023_2JVG,SBI_STAAM_Tsuboyama_2023_2JVG.csv,SBI_STAAM,Prokaryote,cDNA display proteolysis,Stability,56,1025,1025,1025,0,56,1025,0,0,0,0,True,
SC6A4_HUMAN_Young_2021,SC6A4_HUMAN_Young_2021.csv,SC6A4_HUMAN,Human,Fluorescence,Activity,630,11576,11576,11576,0,612,11526,0,0,0,0,True,
SCIN_STAAR_Tsuboyama_2023_2QFF,SCIN_STAAR_Tsuboyama_2023_2QFF.csv,SCIN_STAAR,Prokaryote,cDNA display proteolysis,Stability,70,1212,1212,1212,0,70,1212,0,0,0,0,True,
SCN5A_HUMAN_Glazer_2019,SCN5A_HUMAN_Glazer_2019.csv,SCN5A_HUMAN,Human,nan,OrganismalFitness,2016,224,224,224,0,12,204,0,0,0,0,False,too_few_single_variants;too_few_positions
SDA_BACSU_Tsuboyama_2023_1PV0,SDA_BACSU_Tsuboyama_2023_1PV0.csv,SDA_BACSU,Prokaryote,cDNA display proteolysis,Stability,44,2770,2770,834,1936,44,834,0,0,0,0,True,
SERC_HUMAN_Xie_2023,SERC_HUMAN_Xie_2023.csv,SERC_HUMAN,Human,nan,OrganismalFitness,370,1914,1914,1914,0,366,1914,0,0,0,0,True,
SHOC2_HUMAN_Kwon_2022,SHOC2_HUMAN_Kwon_2022.csv,SHOC2_HUMAN,Human,Survival (dosed with trametinib),OrganismalFitness,582,10972,10972,10972,0,578,10972,0,0,0,0,True,
SOX30_HUMAN_Tsuboyama_2023_7JJK,SOX30_HUMAN_Tsuboyama_2023_7JJK.csv,SOX30_HUMAN,Human,cDNA display proteolysis,Stability,57,1010,1010,1010,0,57,1010,0,0,0,0,True,
SPA_STAAU_Tsuboyama_2023_1LP1,SPA_STAAU_Tsuboyama_2023_1LP1.csv,SPA_STAAU,Prokaryote,cDNA display proteolysis,Stability,55,2105,2105,1035,1070,55,1035,0,0,0,0,True,
SPG1_STRSG_Olson_2014,SPG1_STRSG_Olson_2014.csv,SPG1_STRSG,Prokaryote,Binding,Binding,448,536962,536962,1045,535917,55,959,0,0,0,0,True,
SPG1_STRSG_Wu_2016,SPG1_STRSG_Wu_2016.csv,SPG1_STRSG,Prokaryote,binding,Binding,448,149360,149360,76,149284,4,76,0,0,0,0,False,too_few_single_variants;too_few_positions
SPG2_STRSG_Tsuboyama_2023_5UBS,SPG2_STRSG_Tsuboyama_2023_5UBS.csv,SPG2_STRSG,Prokaryote,cDNA display proteolysis,Stability,56,1451,1451,1029,422,56,1029,0,0,0,0,True,
SPIKE_SARS2_Starr_2020_binding,SPIKE_SARS2_Starr_2020_binding.csv,SPIKE_SARS2,Virus,Binding,Binding,1273,3802,3802,3802,0,201,451,0,0,0,0,True,
SPIKE_SARS2_Starr_2020_expression,SPIKE_SARS2_Starr_2020_expression.csv,SPIKE_SARS2,Virus,Binding,Expression,1273,3798,3798,3798,0,201,392,0,0,0,0,True,
SPTN1_CHICK_Tsuboyama_2023_1TUD,SPTN1_CHICK_Tsuboyama_2023_1TUD.csv,SPTN1_CHICK,Eukaryote,cDNA display proteolysis,Stability,60,3201,3201,1051,2150,60,1051,0,0,0,0,True,
SQSTM_MOUSE_Tsuboyama_2023_2RRU,SQSTM_MOUSE_Tsuboyama_2023_2RRU.csv,SQSTM_MOUSE,Eukaryote,cDNA display proteolysis,Stability,40,707,707,707,0,40,707,0,0,0,0,True,
SR43C_ARATH_Tsuboyama_2023_2N88,SR43C_ARATH_Tsuboyama_2023_2N88.csv,SR43C_ARATH,Eukaryote,cDNA display proteolysis,Stability,48,1583,1583,889,694,48,889,0,0,0,0,True,
SRBS1_HUMAN_Tsuboyama_2023_2O2W,SRBS1_HUMAN_Tsuboyama_2023_2O2W.csv,SRBS1_HUMAN,Human,cDNA display proteolysis,Stability,67,1556,1556,1211,345,67,1211,0,0,0,0,True,
SRC_HUMAN_Ahler_2019,SRC_HUMAN_Ahler_2019.csv,SRC_HUMAN,Human,Growth,Activity,536,3372,3372,3372,0,246,3372,0,0,0,0,True,
SRC_HUMAN_Chakraborty_2023_binding-DAS_25uM,SRC_HUMAN_Chakraborty_2023_binding-DAS_25uM.csv,SRC_HUMAN,Human,nan,Activity,536,3637,3637,3637,0,247,3637,0,0,0,0,True,
SRC_HUMAN_Nguyen_2022,SRC_HUMAN_Nguyen_2022.csv,SRC_HUMAN,Human,nan,OrganismalFitness,536,3366,3366,3366,0,246,3366,0,0,0,0,True,
SUMO1_HUMAN_Weile_2017,SUMO1_HUMAN_Weile_2017.csv,SUMO1_HUMAN,Human,complementation,OrganismalFitness,101,1700,1700,1700,0,96,1700,0,0,0,0,True,
SYUA_HUMAN_Newberry_2020,SYUA_HUMAN_Newberry_2020.csv,SYUA_HUMAN,Human,Growth,OrganismalFitness,140,2497,2497,2497,0,139,2497,0,0,0,0,True,
TADBP_HUMAN_Bolognesi_2019,TADBP_HUMAN_Bolognesi_2019.csv,TADBP_HUMAN,Human,Growth,OrganismalFitness,414,1196,1196,1196,0,84,1196,0,0,0,0,True,
TAT_HV1BR_Fernandes_2016,TAT_HV1BR_Fernandes_2016.csv,TAT_HV1BR,Virus,Growth,OrganismalFitness,86,1577,1577,1577,0,83,1577,0,0,0,0,True,
TCRG1_MOUSE_Tsuboyama_2023_1E0L,TCRG1_MOUSE_Tsuboyama_2023_1E0L.csv,TCRG1_MOUSE,Eukaryote,cDNA display proteolysis,Stability,37,1058,1058,621,437,35,621,0,0,0,0,True,
THO1_YEAST_Tsuboyama_2023_2WQG,THO1_YEAST_Tsuboyama_2023_2WQG.csv,THO1_YEAST,Eukaryote,cDNA display proteolysis,Stability,41,1279,1279,656,623,41,656,0,0,0,0,True,
TNKS2_HUMAN_Tsuboyama_2023_5JRT,TNKS2_HUMAN_Tsuboyama_2023_5JRT.csv,TNKS2_HUMAN,Human,cDNA display proteolysis,Stability,59,1479,1479,1118,361,59,1118,0,0,0,0,True,
TPK1_HUMAN_Weile_2017,TPK1_HUMAN_Weile_2017.csv,TPK1_HUMAN,Human,complementation,OrganismalFitness,243,3181,3181,3181,0,241,3175,0,0,0,0,True,
TPMT_HUMAN_Matreyek_2018,TPMT_HUMAN_Matreyek_2018.csv,TPMT_HUMAN,Human,Protein stability,Expression,245,3648,3648,3648,0,241,3648,0,0,0,0,True,
TPOR_HUMAN_Bridgford_2020,TPOR_HUMAN_Bridgford_2020.csv,TPOR_HUMAN,Human,Growth,OrganismalFitness,635,562,562,562,0,31,562,0,0,0,0,True,
TRPC_SACS2_Chan_2017,TRPC_SACS2_Chan_2017.csv,TRPC_SACS2,Prokaryote,Growth,OrganismalFitness,248,1519,1519,1519,0,80,1514,0,0,0,0,True,
TRPC_THEMA_Chan_2017,TRPC_THEMA_Chan_2017.csv,TRPC_THEMA,Prokaryote,Growth,OrganismalFitness,252,1519,1519,1519,0,80,1514,0,0,0,0,True,
UBC9_HUMAN_Weile_2017,UBC9_HUMAN_Weile_2017.csv,UBC9_HUMAN,Human,complementation,OrganismalFitness,159,2563,2563,2563,0,158,2561,0,0,0,0,True,
UBE4B_HUMAN_Tsuboyama_2023_3L1X,UBE4B_HUMAN_Tsuboyama_2023_3L1X.csv,UBE4B_HUMAN,Human,cDNA display proteolysis,Stability,69,3622,3622,1118,2504,69,1118,0,0,0,0,True,
UBE4B_MOUSE_Starita_2013,UBE4B_MOUSE_Starita_2013.csv,UBE4B_MOUSE,Eukaryote,Auto-ubiquitination,Activity,1173,899,899,899,0,102,840,0,0,0,0,True,
UBR5_HUMAN_Tsuboyama_2023_1I2T,UBR5_HUMAN_Tsuboyama_2023_1I2T.csv,UBR5_HUMAN,Human,cDNA display proteolysis,Stability,58,1453,1453,1094,359,58,1094,0,0,0,0,True,
VG08_BPP22_Tsuboyama_2023_2GP8,VG08_BPP22_Tsuboyama_2023_2GP8.csv,VG08_BPP22,Virus,cDNA display proteolysis,Stability,40,723,723,723,0,40,723,0,0,0,0,True,
VILI_CHICK_Tsuboyama_2023_1YU5,VILI_CHICK_Tsuboyama_2023_1YU5.csv,VILI_CHICK,Eukaryote,cDNA display proteolysis,Stability,65,2568,2568,1202,1366,65,1202,0,0,0,0,True,
VKOR1_HUMAN_Chiasson_2020_abundance,VKOR1_HUMAN_Chiasson_2020_abundance.csv,VKOR1_HUMAN,Human,Fluorescence,Expression,163,2695,2695,2695,0,162,2695,0,0,0,0,True,
VKOR1_HUMAN_Chiasson_2020_activity,VKOR1_HUMAN_Chiasson_2020_activity.csv,VKOR1_HUMAN,Human,enzymatic activity,Activity,163,697,697,697,0,152,665,0,0,0,0,True,
VRPI_BPT7_Tsuboyama_2023_2WNM,VRPI_BPT7_Tsuboyama_2023_2WNM.csv,VRPI_BPT7,Virus,cDNA display proteolysis,Stability,56,1047,1047,1047,0,56,1047,0,0,0,0,True,
YAIA_ECOLI_Tsuboyama_2023_2KVT,YAIA_ECOLI_Tsuboyama_2023_2KVT.csv,YAIA_ECOLI,Prokaryote,cDNA display proteolysis,Stability,52,1890,1890,928,962,52,928,0,0,0,0,True,
YAP1_HUMAN_Araya_2012,YAP1_HUMAN_Araya_2012.csv,YAP1_HUMAN,Human,Binding,Binding,504,10075,10075,362,9713,33,362,0,0,0,0,False,too_few_single_variants
YNZC_BACSU_Tsuboyama_2023_2JVD,YNZC_BACSU_Tsuboyama_2023_2JVD.csv,YNZC_BACSU,Prokaryote,cDNA display proteolysis,Stability,39,2300,2300,714,1586,39,714,0,0,0,0,True,
